CODMUNRES;Município;Estado;Ano de Referência;POPR_RA;POPR_RE
120001;Acrelândia;AC;2015;4.108;
120005;Assis Brasil;AC;2015;4.411;
120010;Brasiléia;AC;2015;12.950;5.800
120013;Bujari;AC;2015;3.988;
120017;Capixaba;AC;2015;3.837;
120020;Cruzeiro do Sul;AC;2015;40.157;
120025;Epitaciolândia;AC;2015;10.314;
120030;Feijó;AC;2015;5.564;
120032;Jordão;AC;2015;3.086;
120033;Mâncio Lima;AC;2015;10.585;
120034;Manoel Urbano;AC;2015;5.726;
120035;Marechal Thaumaturgo;AC;2015;3.041;
120038;Plácido de Castro;AC;2015;7.501;11.020
120080;Porto Acre;AC;2015;3.582;
120039;Porto Walter;AC;2015;3.939;
120040;Rio Branco;AC;2015;202.308;83.548
120042;Rodrigues Alves;AC;2015;5.368;
120043;Santa Rosa do Purus;AC;2015;2.495;
120045;Senador Guiomard;AC;2015;7.661;
120050;Sena Madureira;AC;2015;14.618;
120060;Tarauacá;AC;2015;13.329;
120070;Xapuri;AC;2015;8.854;
270010;Água Branca;AL;2015;13.178;
270020;Anadia;AL;2015;8.347;
270030;Arapiraca;AL;2015;221.212;70.000
270040;Atalaia;AL;2015;;
270050;Barra de Santo Antônio;AL;2015;;
270060;Barra de São Miguel;AL;2015;7.031;
270070;Batalha;AL;2015;13.757;4.945
270080;Belém;AL;2015;;
270090;Belo Monte;AL;2015;1.854;
270100;Boca da Mata;AL;2015;18.549;
270110;Branquinha;AL;2015;;
270120;Cacimbinhas;AL;2015;1.935;
270130;Cajueiro;AL;2015;17.230;2.032
270135;Campestre;AL;2015;;
270140;Campo Alegre;AL;2015;5.205;
270150;Campo Grande;AL;2015;8.661;
270160;Canapi;AL;2015;5.634;
270170;Capela;AL;2015;10.023;587
270180;Carneiros;AL;2015;5.674;
270190;Chã Preta;AL;2015;;
270200;Coité do Nóia;AL;2015;3.417;
270210;Colônia Leopoldina;AL;2015;12.433;
270220;Coqueiro Seco;AL;2015;3.757;
270230;Coruripe;AL;2015;56.631;8.231
270235;Craíbas;AL;2015;15.009;
270240;Delmiro Gouveia;AL;2015;50.940;44.000
270250;Dois Riachos;AL;2015;3.829;
270255;Estrela de Alagoas;AL;2015;6.313;
270260;Feira Grande;AL;2015;8.066;
270270;Feliz Deserto;AL;2015;;
270280;Flexeiras;AL;2015;6.852;
270290;Girau do Ponciano;AL;2015;16.387;
270300;Ibateguara;AL;2015;6.244;
270310;Igaci;AL;2015;13.758;
270320;Igreja Nova;AL;2015;6.528;
270330;Inhapi;AL;2015;8.346;
270340;Jacaré dos Homens;AL;2015;3.622;
270350;Jacuípe;AL;2015;4.384;926
270360;Japaratinga;AL;2015;3.484;
270370;Jaramataia;AL;2015;3.356;
270375;Jequiá da Praia;AL;2015;;
270380;Joaquim Gomes;AL;2015;14.012;
270390;Jundiá;AL;2015;2.801;
270400;Junqueiro;AL;2015;7.888;
270410;Lagoa da Canoa;AL;2015;13.187;
270420;Limoeiro de Anadia;AL;2015;6.495;
270430;Maceió;AL;2015;979.479;354.519
270440;Major Isidoro;AL;2015;9.790;
270450;Maragogi;AL;2015;15.792;7.564
270460;Maravilha;AL;2015;5.690;
270470;Marechal Deodoro;AL;2015;50.792;13.884
270480;Maribondo;AL;2015;8.610;
270490;Mar Vermelho;AL;2015;1.587;
270500;Mata Grande;AL;2015;9.833;
270510;Matriz de Camaragibe;AL;2015;10.556;
270520;Messias;AL;2015;12.373;
270530;Minador do Negrão;AL;2015;1.804;
270540;Monteirópolis;AL;2015;4.111;
270550;Murici;AL;2015;13.282;
270560;Novo Lino;AL;2015;5.512;
270570;Olho D ÁGUA das Flores;AL;2015;18.226;
270580;Olho D ÁGUA do Casado;AL;2015;5.656;
270590;Olho D ÁGUA Grande;AL;2015;2.032;
270600;Olivença;AL;2015;5.429;
270610;Ouro Branco;AL;2015;5.058;
270620;Palestina;AL;2015;3.922;
270630;Palmeira dos Índios;AL;2015;64.202;2.369
270640;Pão de Açúcar;AL;2015;24.878;
270642;Pariconha;AL;2015;7.580;
270644;Paripueira;AL;2015;10.299;
270650;Passo de Camaragibe;AL;2015;4.973;
270660;Paulo Jacinto;AL;2015;5.069;1.104
270670;Penedo;AL;2015;61.818;
270680;Piaçabuçu;AL;2015;11.038;
270690;Pilar;AL;2015;34.441;4.000
270700;Pindoba;AL;2015;1.541;
270710;Piranhas;AL;2015;22.243;7.316
270720;Poço das Trincheiras;AL;2015;3.295;
270730;Porto Calvo;AL;2015;;
270740;Porto de Pedras;AL;2015;3.321;
270750;Porto Real do Colégio;AL;2015;;
270760;Quebrangulo;AL;2015;6.555;958
270770;Rio Largo;AL;2015;48.681;
270780;Roteiro;AL;2015;;
270790;Santa Luzia do Norte;AL;2015;5.381;
270800;Santana do Ipanema;AL;2015;34.652;2.144
270810;Santana do Mundaú;AL;2015;5.714;
270820;São Brás;AL;2015;3.652;
270830;São José da Laje;AL;2015;;
270840;São José da Tapera;AL;2015;15.568;
270850;São Luís do Quitunde;AL;2015;;
270860;São Miguel dos Campos;AL;2015;60.539;59.830
270870;São Miguel dos Milagres;AL;2015;;
270880;São Sebastião;AL;2015;10.484;
270890;Satuba;AL;2015;7.804;
270895;Senador Rui Palmeira;AL;2015;4.190;
270900;Tanque d Arca;AL;2015;;
270910;Taquarana;AL;2015;8.394;
270915;Teotônio Vilela;AL;2015;36.960;25.310
270920;Traipu;AL;2015;10.026;
270930;União dos Palmares;AL;2015;51.483;38.496
270940;Viçosa;AL;2015;22.750;
130002;Alvarães;AM;2015;2.181;
130006;Amaturá;AM;2015;;
130008;Anamã;AM;2015;;
130010;Anori;AM;2015;;
130014;Apuí;AM;2015;;
130020;Atalaia do Norte;AM;2015;;
130030;Autazes;AM;2015;6.421;
130040;Barcelos;AM;2015;10.500;
130050;Barreirinha;AM;2015;;
130060;Benjamin Constant;AM;2015;15.842;
130063;Beruri;AM;2015;11.230;
130068;Boa Vista do Ramos;AM;2015;;
130070;Boca do Acre;AM;2015;;
130080;Borba;AM;2015;38.242;
130083;Caapiranga;AM;2015;;
130090;Canutama;AM;2015;8.930;
130100;Carauari;AM;2015;22.507;
130110;Careiro;AM;2015;;
130115;Careiro da Várzea;AM;2015;1.633;
130120;Coari;AM;2015;;
130130;Codajás;AM;2015;9.522;
130140;Eirunepé;AM;2015;14.305;
130150;Envira;AM;2015;11.508;
130160;Fonte Boa;AM;2015;19.045;
130165;Guajará;AM;2015;12.000;650
130170;Humaitá;AM;2015;;
130180;Ipixuna;AM;2015;;
130185;Iranduba;AM;2015;;
130190;Itacoatiara;AM;2015;;
130195;Itamarati;AM;2015;1.361;
130200;Itapiranga;AM;2015;;
130210;Japurá;AM;2015;;
130220;Juruá;AM;2015;4.569;
130230;Jutaí;AM;2015;;
130240;Lábrea;AM;2015;;
130250;Manacapuru;AM;2015;66.559;
130255;Manaquiri;AM;2015;6.293;
130260;Manaus;AM;2015;1.757.691;213.935
130270;Manicoré;AM;2015;28.500;
130280;Maraã;AM;2015;;
130290;Maués;AM;2015;;
130300;Nhamundá;AM;2015;6.000;
130310;Nova Olinda do Norte;AM;2015;20.800;3.121
130320;Novo Airão;AM;2015;12.124;
130330;Novo Aripuanã;AM;2015;;
130340;Parintins;AM;2015;106.000;
130350;Pauini;AM;2015;;
130353;Presidente Figueiredo;AM;2015;15.698;5.000
130356;Rio Preto da Eva;AM;2015;;
130360;Santa Isabel do Rio Negro;AM;2015;;
130370;Santo Antônio do Içá;AM;2015;;
130380;São Gabriel da Cachoeira;AM;2015;;
130390;São Paulo de Olivença;AM;2015;9.339;
130395;São Sebastião do Uatumã;AM;2015;12.781;
130400;Silves;AM;2015;8.000;
130406;Tabatinga;AM;2015;14.988;
130410;Tapauá;AM;2015;;
130420;Tefé;AM;2015;;
130423;Tonantins;AM;2015;9.850;7.850
130426;Uarini;AM;2015;;
130430;Urucará;AM;2015;17.163;
130440;Urucurituba;AM;2015;;
160010;Amapá;AP;2015;1.653;459
160020;Calçoene;AP;2015;1.158;
160021;Cutias;AP;2015;2.328;
160023;Ferreira Gomes;AP;2015;2.271;
160025;Itaubal;AP;2015;1.588;
160027;Laranjal do Jari;AP;2015;15.881;
160030;Macapá;AP;2015;166.013;24.797
160040;Mazagão;AP;2015;2.448;311
160050;Oiapoque;AP;2015;1.819;273
160015;Pedra Branca do Amapari;AP;2015;574;
160053;Porto Grande;AP;2015;782;
160055;Pracuúba;AP;2015;970;
160060;Santana;AP;2015;52.794;1.374
160005;Serra do Navio;AP;2015;1.905;1.863
160070;Tartarugalzinho;AP;2015;2.331;
160080;Vitória do Jari;AP;2015;6.247;
290010;Abaíra;BA;2015;;
290020;Abaré;BA;2015;12.855;6.548
290030;Acajutiba;BA;2015;14.060;
290035;Adustina;BA;2015;10.107;
290040;Água Fria;BA;2015;8.123;
290060;Aiquara;BA;2015;2.742;
290070;Alagoinhas;BA;2015;152.803;32.693
290080;Alcobaça;BA;2015;12.252;
290090;Almadina;BA;2015;5.925;
290100;Amargosa;BA;2015;32.742;1.043
290110;Amélia Rodrigues;BA;2015;19.082;
290115;América Dourada;BA;2015;13.822;
290120;Anagé;BA;2015;6.350;
290130;Andaraí;BA;2015;8.580;
290135;Andorinha;BA;2015;9.908;
290140;Angical;BA;2015;6.872;
290150;Anguera;BA;2015;8.236;
290160;Antas;BA;2015;10.872;
290170;Antônio Cardoso;BA;2015;4.979;
290180;Antônio Gonçalves;BA;2015;9.127;
290190;Aporá;BA;2015;16.643;
290195;Apuarema;BA;2015;5.008;
290205;Araças;BA;2015;;
290200;Aracatu;BA;2015;5.902;
290210;Araci;BA;2015;26.781;1.035
290220;Aramari;BA;2015;6.256;
290225;Arataca;BA;2015;5.572;
290230;Aratuípe;BA;2015;5.458;
290240;Aurelino Leal;BA;2015;10.679;
290250;Baianópolis;BA;2015;3.918;
290260;Baixa Grande;BA;2015;12.765;
290265;Banzaê;BA;2015;5.684;
290270;Barra;BA;2015;;
290280;Barra da Estiva;BA;2015;18.982;8.600
290290;Barra do Choça;BA;2015;29.022;481
290300;Barra do Mendes;BA;2015;11.336;
290310;Barra do Rocha;BA;2015;4.145;
290320;Barreiras;BA;2015;153.918;58.492
290323;Barro Alto;BA;2015;6.393;
290327;Barrocas;BA;2015;11.441;
290330;Barro Preto;BA;2015;;
290340;Belmonte;BA;2015;16.467;12.785
290350;Belo Campo;BA;2015;6.777;
290360;Biritinga;BA;2015;7.002;
290370;Boa Nova;BA;2015;9.110;3.304
290380;Boa Vista do Tupim;BA;2015;13.333;
290390;Bom Jesus da Lapa;BA;2015;69.526;47.204
290395;Bom Jesus da Serra;BA;2015;4.340;
290400;Boninal;BA;2015;5.619;
290405;Bonito;BA;2015;6.921;
290410;Boquira;BA;2015;;
290420;Botuporã;BA;2015;5.916;
290430;Brejões;BA;2015;13.803;15.214
290440;Brejolândia;BA;2015;2.983;
290450;Brotas de Macaúbas;BA;2015;4.033;
290460;Brumado;BA;2015;61.083;4.402
290470;Buerarema;BA;2015;14.829;
290475;Buritirama;BA;2015;;
290480;Caatiba;BA;2015;7.142;
290485;Cabaceiras do Paraguaçu;BA;2015;9.126;623
290490;Cachoeira;BA;2015;24.986;14.158
290500;Caculé;BA;2015;19.306;
290510;Caém;BA;2015;4.596;
290515;Caetanos;BA;2015;3.940;
290520;Caetité;BA;2015;38.201;
290530;Cafarnaum;BA;2015;12.016;
290540;Cairu;BA;2015;14.352;3.855
290550;Caldeirão Grande;BA;2015;8.217;
290560;Camacan;BA;2015;23.551;8.938
290570;Camaçari;BA;2015;247.609;81.561
290580;Camamu;BA;2015;19.832;1.819
290590;Campo Alegre de Lourdes;BA;2015;8.650;8.650
290600;Campo Formoso;BA;2015;31.833;2.961
290610;Canápolis;BA;2015;6.441;3.502
290620;Canarana;BA;2015;18.827;
290630;Canavieiras;BA;2015;26.856;16.868
290640;Candeal;BA;2015;4.651;
290650;Candeias;BA;2015;79.905;33.015
290660;Candiba;BA;2015;10.771;
290670;Cândido Sales;BA;2015;16.524;
290680;Cansanção;BA;2015;26.650;
290682;Canudos;BA;2015;11.000;
290685;Capela do Alto Alegre;BA;2015;9.161;
290687;Capim Grosso;BA;2015;29.346;2.141
290689;Caraíbas;BA;2015;3.431;1.231
290690;Caravelas;BA;2015;14.771;
290700;Cardeal da Silva;BA;2015;6.750;
290710;Carinhanha;BA;2015;22.975;5.625
290720;Casa Nova;BA;2015;55.000;23.000
290730;Castro Alves;BA;2015;22.849;657
290740;Catolândia;BA;2015;2.319;
290750;Catu;BA;2015;53.007;
290755;Caturama;BA;2015;5.737;1.746
290760;Central;BA;2015;14.614;
290770;Chorrochó;BA;2015;7.452;2.739
290780;Cícero Dantas;BA;2015;24.355;
290790;Cipó;BA;2015;13.169;
290800;Coaraci;BA;2015;17.531;
290810;Cocos;BA;2015;;
290820;Conceição da Feira;BA;2015;19.451;484
290830;Conceição do Almeida;BA;2015;8.137;
290840;Conceição do Coité;BA;2015;53.481;3.609
290850;Conceição do Jacuípe;BA;2015;14.366;
290860;Conde;BA;2015;16.294;
290870;Condeúba;BA;2015;9.152;
290880;Contendas do Sincorá;BA;2015;3.011;
290890;Coração de Maria;BA;2015;10.209;
290900;Cordeiros;BA;2015;4.956;
290910;Coribe;BA;2015;14.210;
290920;Coronel João Sá;BA;2015;10.989;4.418
290930;Correntina;BA;2015;17.384;3.376
290940;Cotegipe;BA;2015;7.686;
290950;Cravolândia;BA;2015;3.279;2.595
290960;Crisópolis;BA;2015;9.306;
290970;Cristópolis;BA;2015;3.352;
290980;Cruz das Almas;BA;2015;57.876;9.226
290990;Curaçá;BA;2015;30.291;10.412
291000;Dário Meira;BA;2015;5.389;
291005;Dias d Ávila;BA;2015;59.281;29.601
291010;Dom Basílio;BA;2015;;
291020;Dom Macedo Costa;BA;2015;2.599;
291030;Elísio Medrado;BA;2015;3.751;
291040;Encruzilhada;BA;2015;6.196;3.976
291050;Entre Rios;BA;2015;32.275;2.835
290050;Érico Cardoso;BA;2015;4.633;
291060;Esplanada;BA;2015;27.761;
291070;Euclides da Cunha;BA;2015;44.731;8.883
291072;Eunápolis;BA;2015;98.899;8.179
291075;Fátima;BA;2015;16.647;
291077;Feira da Mata;BA;2015;;
291080;Feira de Santana;BA;2015;581.908;340.893
291085;Filadélfia;BA;2015;12.141;
291090;Firmino Alves;BA;2015;5.594;
291100;Floresta Azul;BA;2015;8.729;
291110;Formosa do Rio Preto;BA;2015;15.100;
291120;Gandu;BA;2015;22.646;12.000
291125;Gavião;BA;2015;3.380;2.622
291130;Gentio do Ouro;BA;2015;3.778;2.411
291140;Glória;BA;2015;11.679;3.938
291150;Gongogi;BA;2015;4.755;
291160;Governador Mangabeira;BA;2015;11.441;
291165;Guajeru;BA;2015;3.289;
291170;Guanambi;BA;2015;85.797;40.159
291180;Guaratinga;BA;2015;10.553;1.089
291185;Heliópolis;BA;2015;8.173;
291190;Iaçu;BA;2015;26.056;
291200;Ibiassucê;BA;2015;7.669;
291210;Ibicaraí;BA;2015;24.029;
291220;Ibicoara;BA;2015;4.572;
291230;Ibicuí;BA;2015;11.299;
291240;Ibipeba;BA;2015;13.725;
291250;Ibipitanga;BA;2015;8.256;
291260;Ibiquera;BA;2015;3.358;
291270;Ibirapitanga;BA;2015;11.815;
291280;Ibirapuã;BA;2015;6.418;
291290;Ibirataia;BA;2015;14.789;
291300;Ibitiara;BA;2015;3.638;1.461
291310;Ibititá;BA;2015;18.455;
291320;Ibotirama;BA;2015;24.471;17.996
291330;Ichu;BA;2015;5.001;
291340;Igaporã;BA;2015;;
291345;Igrapiúna;BA;2015;4.462;
291350;Iguaí;BA;2015;15.614;1.889
291360;Ilhéus;BA;2015;157.589;88.235
291370;Inhambupe;BA;2015;23.007;
291380;Ipecaetá;BA;2015;8.775;
291390;Ipiaú;BA;2015;47.501;2.645
291400;Ipirá;BA;2015;45.194;3.426
291410;Ipupiara;BA;2015;7.688;4.413
291420;Irajuba;BA;2015;4.283;
291430;Iramaia;BA;2015;7.724;
291440;Iraquara;BA;2015;8.172;
291450;Irará;BA;2015;25.743;
291460;Irecê;BA;2015;73.380;13.801
291465;Itabela;BA;2015;24.790;
291470;Itaberaba;BA;2015;66.310;8.368
291480;Itabuna;BA;2015;218.925;148.645
291490;Itacaré;BA;2015;22.225;8.442
291500;Itaeté;BA;2015;7.050;
291510;Itagi;BA;2015;11.077;
291520;Itagibá;BA;2015;7.890;
291530;Itagimirim;BA;2015;5.597;
291535;Itaguaçu da Bahia;BA;2015;4.447;
291540;Itaju do Colônia;BA;2015;5.959;3.681
291550;Itajuípe;BA;2015;21.754;20.000
291560;Itamaraju;BA;2015;55.469;40.219
291570;Itamari;BA;2015;5.403;
291580;Itambé;BA;2015;19.381;675
291590;Itanagra;BA;2015;3.494;
291600;Itanhém;BA;2015;15.159;
291610;Itaparica;BA;2015;18.326;9.063
291620;Itapé;BA;2015;8.760;
291630;Itapebi;BA;2015;8.038;
291640;Itapetinga;BA;2015;76.184;71.921
291650;Itapicuru;BA;2015;18.577;
291660;Itapitanga;BA;2015;8.378;
291670;Itaquara;BA;2015;5.229;5.113
291680;Itarantim;BA;2015;16.014;
291685;Itatim;BA;2015;14.657;
291690;Itiruçu;BA;2015;9.899;9.987
291700;Itiúba;BA;2015;16.097;529
291710;Itororó;BA;2015;18.460;18.460
291720;Ituaçu;BA;2015;8.253;3.500
291730;Ituberá;BA;2015;17.482;
291733;Iuiú;BA;2015;6.477;
291735;Jaborandi;BA;2015;3.380;3.186
291740;Jacaraci;BA;2015;4.227;
291750;Jacobina;BA;2015;68.244;4.189
291760;Jaguaquara;BA;2015;46.893;17.691
291770;Jaguarari;BA;2015;21.244;9.329
291780;Jaguaripe;BA;2015;9.665;
291790;Jandaíra;BA;2015;5.446;
291800;Jequié;BA;2015;161.528;141.626
291810;Jeremoabo;BA;2015;22.608;
291820;Jiquiriçá;BA;2015;7.220;4.188
291830;Jitaúna;BA;2015;9.939;
291835;João Dourado;BA;2015;22.003;
291840;Juazeiro;BA;2015;211.971;134.572
291845;Jucuruçu;BA;2015;3.125;
291850;Jussara;BA;2015;15.630;
291855;Jussari;BA;2015;;
291860;Jussiape;BA;2015;3.758;
291870;Lafaiete Coutinho;BA;2015;2.512;
291875;Lagoa Real;BA;2015;4.416;
291880;Laje;BA;2015;5.226;2.939
291890;Lajedão;BA;2015;4.022;
291900;Lajedinho;BA;2015;2.595;960
291905;Lajedo do Tabocal;BA;2015;4.499;
291910;Lamarão;BA;2015;6.109;
291915;Lapão;BA;2015;26.684;
291920;Lauro de Freitas;BA;2015;191.436;81.672
291930;Lençóis;BA;2015;8.683;5.072
291940;Licínio de Almeida;BA;2015;5.705;
291950;Livramento de Nossa Senhora;BA;2015;28.768;
291955;Luís Eduardo Magalhães;BA;2015;79.162;8.242
291960;Macajuba;BA;2015;9.759;7.242
291970;Macarani;BA;2015;14.847;
291980;Macaúbas;BA;2015;45.968;
291990;Macururé;BA;2015;4.000;
291992;Madre de Deus;BA;2015;20.348;15.895
291995;Maetinga;BA;2015;4.364;
292000;Maiquinique;BA;2015;7.387;
292010;Mairi;BA;2015;12.158;
292020;Malhada;BA;2015;9.673;
292030;Malhada de Pedras;BA;2015;3.794;
292040;Manoel Vitorino;BA;2015;6.880;
292045;Mansidão;BA;2015;6.617;
292050;Maracás;BA;2015;15.050;
292060;Maragogipe;BA;2015;29.745;13.940
292070;Maraú;BA;2015;3.680;
292080;Marcionílio Souza;BA;2015;7.619;
292090;Mascote;BA;2015;11.799;
292100;Mata de São João;BA;2015;44.943;15.911
292105;Matina;BA;2015;4.930;
292110;Medeiros Neto;BA;2015;18.766;
292120;Miguel Calmon;BA;2015;20.084;4.682
292130;Milagres;BA;2015;10.169;
292140;Mirangaba;BA;2015;3.279;
292145;Mirante;BA;2015;2.739;
292150;Monte Santo;BA;2015;18.979;
292160;Morpará;BA;2015;6.239;
292170;Morro do Chapéu;BA;2015;23.383;14.088
292180;Mortugaba;BA;2015;7.169;
292190;Mucugê;BA;2015;10.244;6.231
292200;Mucuri;BA;2015;21.337;10.600
292205;Mulungu do Morro;BA;2015;7.095;
292210;Mundo Novo;BA;2015;17.951;
292220;Muniz Ferreira;BA;2015;3.773;
292225;Muquém de São Francisco;BA;2015;2.648;1.342
292230;Muritiba;BA;2015;24.552;8.912
292240;Mutuípe;BA;2015;11.621;9.229
292250;Nazaré;BA;2015;24.777;24.651
292260;Nilo Peçanha;BA;2015;3.574;
292265;Nordestina;BA;2015;9.378;
292270;Nova Canaã;BA;2015;7.451;
292273;Nova Fátima;BA;2015;8.125;
292275;Nova Ibiá;BA;2015;2.933;
292280;Nova Itarana;BA;2015;4.449;
292285;Nova Redenção;BA;2015;6.497;
292290;Nova Soure;BA;2015;13.981;
292300;Nova Viçosa;BA;2015;29.482;1.833
292303;Novo Horizonte;BA;2015;221;
292305;Novo Triunfo;BA;2015;7.487;
292310;Olindina;BA;2015;14.838;10.000
292320;Oliveira dos Brejinhos;BA;2015;6.858;
292330;Ouriçangas;BA;2015;6.214;1.000
292335;Ourolândia;BA;2015;7.760;
292340;Palmas de Monte Alto;BA;2015;10.935;
292350;Palmeiras;BA;2015;5.213;3.216
292360;Paramirim;BA;2015;22.077;
292370;Paratinga;BA;2015;;
292380;Paripiranga;BA;2015;20.061;
292390;Pau Brasil;BA;2015;8.321;
292400;Paulo Afonso;BA;2015;104.423;33.848
292405;Pé de Serra;BA;2015;8.829;
292410;Pedrão;BA;2015;2.694;
292420;Pedro Alexandre;BA;2015;5.697;
292430;Piatã;BA;2015;;
292440;Pilão Arcado;BA;2015;;
292450;Pindaí;BA;2015;4.410;
292460;Pindobaçu;BA;2015;;
292465;Pintadas;BA;2015;6.832;5.250
292467;Piraí do Norte;BA;2015;3.763;
292470;Piripá;BA;2015;6.262;
292480;Piritiba;BA;2015;18.142;
292490;Planaltino;BA;2015;4.244;
292500;Planalto;BA;2015;18.837;
292510;Poções;BA;2015;41.921;
292520;Pojuca;BA;2015;29.941;28.456
292525;Ponto Novo;BA;2015;16.044;
292530;Porto Seguro;BA;2015;112.615;94.881
292540;Potiraguá;BA;2015;7.723;
292550;Prado;BA;2015;19.012;
292560;Presidente Dutra;BA;2015;14.712;
292570;Presidente Jânio Quadros;BA;2015;5.819;9.000
292575;Presidente Tancredo Neves;BA;2015;14.901;
292580;Queimadas;BA;2015;15.568;
292590;Quijingue;BA;2015;18.894;
292593;Quixabeira;BA;2015;8.461;
292595;Rafael Jambeiro;BA;2015;11.277;
292600;Remanso;BA;2015;18.752;12.225
292610;Retirolândia;BA;2015;10.117;
292620;Riachão das Neves;BA;2015;8.116;
292630;Riachão do Jacuípe;BA;2015;29.278;613
292640;Riacho de Santana;BA;2015;;
292650;Ribeira do Amparo;BA;2015;1.741;
292660;Ribeira do Pombal;BA;2015;38.973;9.455
292665;Ribeirão do Largo;BA;2015;407;
292670;Rio de Contas;BA;2015;7.062;3.320
292680;Rio do Antônio;BA;2015;11.876;
292690;Rio do Pires;BA;2015;6.385;
292700;Rio Real;BA;2015;30.534;
292710;Rodelas;BA;2015;7.912;7.912
292720;Ruy Barbosa;BA;2015;24.937;1.665
292730;Salinas da Margarida;BA;2015;15.385;
292740;Salvador;BA;2015;2.692.907;2.330.429
292750;Santa Bárbara;BA;2015;13.243;7.000
292760;Santa Brígida;BA;2015;9.690;4.318
292770;Santa Cruz Cabrália;BA;2015;17.877;11.249
292780;Santa Cruz da Vitória;BA;2015;5.845;
292790;Santa Inês;BA;2015;9.225;6.050
292800;Santaluz;BA;2015;29.744;
292805;Santa Luzia;BA;2015;7.739;
292810;Santa Maria da Vitória;BA;2015;29.749;6.604
292820;Santana;BA;2015;19.658;
292830;Santanópolis;BA;2015;4.791;
292840;Santa Rita de Cássia;BA;2015;16.265;3.360
292850;Santa Teresinha;BA;2015;7.706;2.200
292860;Santo Amaro;BA;2015;52.793;24.405
292870;Santo Antônio de Jesus;BA;2015;98.695;17.411
292880;Santo Estêvão;BA;2015;41.856;440
292890;São Desidério;BA;2015;10.899;
292895;São Domingos;BA;2015;8.977;
292910;São Felipe;BA;2015;10.156;
292900;São Félix;BA;2015;9.489;8.659
292905;São Félix do Coribe;BA;2015;12.696;
292920;São Francisco do Conde;BA;2015;39.329;14.044
292925;São Gabriel;BA;2015;18.441;
292930;São Gonçalo dos Campos;BA;2015;27.956;2.852
292935;São José da Vitória;BA;2015;5.457;
292937;São José do Jacuípe;BA;2015;8.771;
292940;São Miguel das Matas;BA;2015;4.180;3.875
292950;São Sebastião do Passé;BA;2015;31.196;1.508
292960;Sapeaçu;BA;2015;10.998;
292970;Sátiro Dias;BA;2015;8.199;
292975;Saubara;BA;2015;12.238;
292980;Saúde;BA;2015;8.523;
292990;Seabra;BA;2015;25.221;
293000;Sebastião Laranjeiras;BA;2015;10.740;
293010;Senhor do Bonfim;BA;2015;79.416;44.427
293020;Sento Sé;BA;2015;;
293015;Serra do Ramalho;BA;2015;;
293030;Serra Dourada;BA;2015;11.274;
293040;Serra Preta;BA;2015;9.005;
293050;Serrinha;BA;2015;76.904;7.502
293060;Serrolândia;BA;2015;13.373;
293070;Simões Filho;BA;2015;101.761;40.395
293075;Sítio do Mato;BA;2015;;
293076;Sítio do Quinto;BA;2015;8.079;
293077;Sobradinho;BA;2015;23.583;17.250
293080;Souto Soares;BA;2015;7.749;
293090;Tabocas do Brejo Velho;BA;2015;11.763;
293100;Tanhaçu;BA;2015;11.642;
293105;Tanque Novo;BA;2015;11.281;
293110;Tanquinho;BA;2015;7.220;
293120;Taperoá;BA;2015;10.496;7.049
293130;Tapiramutá;BA;2015;13.365;7.000
293135;Teixeira de Freitas;BA;2015;121.821;32.779
293140;Teodoro Sampaio;BA;2015;6.915;
293150;Teofilândia;BA;2015;19.836;2.400
293160;Teolândia;BA;2015;6.741;
293170;Terra Nova;BA;2015;8.814;
293180;Tremedal;BA;2015;4.894;
293190;Tucano;BA;2015;28.873;11.234
293200;Uauá;BA;2015;15.999;
293210;Ubaíra;BA;2015;9.971;5.359
293220;Ubaitaba;BA;2015;17.803;
293230;Ubatã;BA;2015;21.064;
293240;Uibaí;BA;2015;14.483;
293245;Umburanas;BA;2015;9.656;
293250;Una;BA;2015;13.720;1.669
293260;Urandi;BA;2015;;
293270;Uruçuca;BA;2015;17.414;2.631
293280;Utinga;BA;2015;14.085;
293290;Valença;BA;2015;83.682;71.032
293300;Valente;BA;2015;23.287;
293305;Várzea da Roça;BA;2015;12.471;
293310;Várzea do Poço;BA;2015;7.435;
293315;Várzea Nova;BA;2015;11.878;8.760
293317;Varzedo;BA;2015;3.799;
293320;Vera Cruz;BA;2015;42.650;5.335
293325;Vereda;BA;2015;3.357;
293330;Vitória da Conquista;BA;2015;343.230;277.103
293340;Wagner;BA;2015;7.266;
293345;Wanderley;BA;2015;8.338;
293350;Wenceslau Guimarães;BA;2015;9.076;
293360;Xique-Xique;BA;2015;45.562;6.248
230010;Abaiara;CE;2015;3.829;
230015;Acarapé;CE;2015;6.154;1.728
230020;Acaraú;CE;2015;20.061;2.523
230030;Acopiara;CE;2015;18.845;3.903
230040;Aiuaba;CE;2015;;
230050;Alcântaras;CE;2015;2.638;1.452
230060;Altaneira;CE;2015;4.329;537
230070;Alto Santo;CE;2015;5.764;
230075;Amontada;CE;2015;17.112;1.050
230080;Antonina do Norte;CE;2015;4.532;
230090;Apuiarés;CE;2015;4.654;
230100;Aquiraz;CE;2015;26.004;13.120
230110;Aracati;CE;2015;36.102;9.694
230120;Aracoiaba;CE;2015;10.063;
230125;Ararendá;CE;2015;3.439;
230130;Araripe;CE;2015;8.760;
230140;Aratuba;CE;2015;3.248;1.001
230150;Arneiroz;CE;2015;3.154;
230160;Assaré;CE;2015;10.143;
230170;Aurora;CE;2015;10.359;1.548
230180;Baixio;CE;2015;3.307;
230185;Banabuiú;CE;2015;9.052;
230190;Barbalha;CE;2015;34.498;3.991
230195;Barreira;CE;2015;7.404;1.068
230200;Barro;CE;2015;11.332;1.273
230205;Barroquinha;CE;2015;7.508;1.104
230210;Baturité;CE;2015;21.592;684
230220;Beberibe;CE;2015;8.570;3.280
230230;Bela Cruz;CE;2015;8.951;4.651
230240;Boa Viagem;CE;2015;38.987;18.225
230250;Brejo Santo;CE;2015;;
230260;Camocim;CE;2015;62.473;17.808
230270;Campos Sales;CE;2015;12.668;2.578
230280;Canindé;CE;2015;52.425;10.337
230290;Capistrano;CE;2015;4.855;
230300;Caridade;CE;2015;4.849;
230310;Cariré;CE;2015;5.917;
230320;Caririaçu;CE;2015;15.373;
230330;Cariús;CE;2015;4.403;
230340;Carnaubal;CE;2015;6.871;
230350;Cascavel;CE;2015;39.608;1.171
230360;Catarina;CE;2015;8.509;2.046
230365;Catunda;CE;2015;4.939;
230370;Caucaia;CE;2015;240.953;104.674
230380;Cedro;CE;2015;12.298;881
230390;Chaval;CE;2015;7.438;
230393;Choró;CE;2015;2.892;
230395;Chorozinho;CE;2015;6.346;11.590
230400;Coreaú;CE;2015;10.001;14.883
230410;Crateús;CE;2015;41.225;19.478
230420;Crato;CE;2015;127.432;35.527
230423;Croatá;CE;2015;4.965;1.148
230425;Cruz;CE;2015;7.382;
230426;Deputado Irapuan Pinheiro;CE;2015;4.325;
230427;Ererê;CE;2015;2.823;
230428;Eusébio;CE;2015;35.342;4.423
230430;Farias Brito;CE;2015;5.673;
230435;Forquilha;CE;2015;14.656;4.834
230440;Fortaleza;CE;2015;2.184.943;1.270.591
230445;Fortim;CE;2015;6.122;
230450;Frecheirinha;CE;2015;6.987;1.067
230460;General Sampaio;CE;2015;3.907;
230465;Graça;CE;2015;5.328;670
230470;Granja;CE;2015;21.893;1.000
230480;Granjeiro;CE;2015;1.193;502
230490;Groaíras;CE;2015;7.125;10.847
230495;Guaiúba;CE;2015;12.787;2.131
230500;Guaraciaba do Norte;CE;2015;11.576;1.765
230510;Guaramiranga;CE;2015;1.359;731
230520;Hidrolândia;CE;2015;10.269;
230523;Horizonte;CE;2015;43.745;4.352
230526;Ibaretama;CE;2015;;
230530;Ibiapina;CE;2015;9.358;
230533;Ibicuitinga;CE;2015;5.346;
230535;Icapuí;CE;2015;19.418;
230540;Icó;CE;2015;49.536;17.850
230550;Iguatu;CE;2015;85.377;15.500
230560;Independência;CE;2015;9.622;2.671
230565;Ipaporanga;CE;2015;;
230570;Ipaumirim;CE;2015;6.207;
230580;Ipu;CE;2015;;
230590;Ipueiras;CE;2015;;
230600;Iracema;CE;2015;7.955;9.000
230610;Irauçuba;CE;2015;9.088;
230620;Itaiçaba;CE;2015;2.434;
230625;Itaitinga;CE;2015;35.546;708
230630;Itapagé;CE;2015;42.500;1.850
230640;Itapipoca;CE;2015;57.113;27.619
230650;Itapiúna;CE;2015;7.523;
230655;Itarema;CE;2015;9.049;1.492
230660;Itatira;CE;2015;1.843;
230670;Jaguaretama;CE;2015;7.442;285
230680;Jaguaribara;CE;2015;7.700;5.627
230690;Jaguaribe;CE;2015;32.672;8.253
230700;Jaguaruana;CE;2015;13.642;
230710;Jardim;CE;2015;;
230720;Jati;CE;2015;3.296;
230725;Jijoca de Jericoacoara;CE;2015;5.672;1.230
230730;Juazeiro do Norte;CE;2015;222.131;58.507
230740;Jucás;CE;2015;18.566;8.348
230750;Lavras da Mangabeira;CE;2015;14.855;
230760;Limoeiro do Norte;CE;2015;57.593;9.925
230763;Madalena;CE;2015;;
230765;Maracanaú;CE;2015;147.551;65.227
230770;Maranguape;CE;2015;71.863;7.088
230780;Marco;CE;2015;12.054;
230790;Martinópole;CE;2015;6.903;587
230800;Massapê;CE;2015;19.333;5.248
230810;Mauriti;CE;2015;15.001;2.671
230820;Meruoca;CE;2015;3.440;
230830;Milagres;CE;2015;9.145;
230835;Milhã;CE;2015;;
230837;Miraíma;CE;2015;5.754;
230840;Missão Velha;CE;2015;11.897;369
230850;Mombaça;CE;2015;14.586;
230860;Monsenhor Tabosa;CE;2015;8.472;
230870;Morada Nova;CE;2015;58.000;1.600
230880;Moraújo;CE;2015;2.792;
230890;Morrinhos;CE;2015;8.539;
230900;Mucambo;CE;2015;8.510;1.588
230910;Mulungu;CE;2015;3.464;550
230920;Nova Olinda;CE;2015;8.965;
230930;Nova Russas;CE;2015;;
230940;Novo Oriente;CE;2015;10.520;4.131
230945;Ocara;CE;2015;4.874;777
230950;Orós;CE;2015;12.541;
230960;Pacajus;CE;2015;40.004;1.851
230970;Pacatuba;CE;2015;58.004;30.799
230980;Pacoti;CE;2015;3.671;2.919
230990;Pacujá;CE;2015;3.397;
231000;Palhano;CE;2015;3.326;
231010;Palmácia;CE;2015;3.953;992
231020;Paracuru;CE;2015;11.738;3.934
231025;Paraipaba;CE;2015;9.875;5.633
231030;Parambu;CE;2015;11.153;
231040;Paramoti;CE;2015;5.539;871
231050;Pedra Branca;CE;2015;18.513;
231060;Penaforte;CE;2015;5.679;
231070;Pentecoste;CE;2015;18.670;
231080;Pereiro;CE;2015;4.400;
231085;Pindoretama;CE;2015;12.100;
231090;Piquet Carneiro;CE;2015;4.812;
231095;Pires Ferreira;CE;2015;2.217;
231100;Poranga;CE;2015;5.413;1.621
231110;Porteiras;CE;2015;5.178;867
231120;Potengi;CE;2015;5.088;
231123;Potiretama;CE;2015;2.352;
231126;Quiterianópolis;CE;2015;4.526;
231130;Quixadá;CE;2015;48.651;9.654
231135;Quixelô;CE;2015;6.390;4.510
231140;Quixeramobim;CE;2015;53.915;
231150;Quixeré;CE;2015;5.090;
231160;Redenção;CE;2015;12.029;554
231170;Reriutaba;CE;2015;7.131;
231180;Russas;CE;2015;39.333;10.687
231190;Saboeiro;CE;2015;4.348;203
231195;Salitre;CE;2015;1.039;840
231200;Santana do Acaraú;CE;2015;12.013;
231210;Santana do Cariri;CE;2015;4.706;
231220;Santa Quitéria;CE;2015;18.574;
231230;São Benedito;CE;2015;19.937;6.329
231240;São Gonçalo do Amarante;CE;2015;15.927;5.987
231250;São João do Jaguaribe;CE;2015;;
231260;São Luís do Curu;CE;2015;6.644;8.500
231270;Senador Pompeu;CE;2015;10.984;
231280;Senador Sá;CE;2015;3.527;
231290;Sobral;CE;2015;199.260;178.054
231300;Solonópole;CE;2015;18.060;
231310;Tabuleiro do Norte;CE;2015;15.973;2.041
231320;Tamboril;CE;2015;9.719;
231325;Tarrafas;CE;2015;2.621;188
231330;Tauá;CE;2015;28.663;3.433
231335;Tejuçuoca;CE;2015;4.732;
231340;Tianguá;CE;2015;41.019;11.488
231350;Trairi;CE;2015;8.199;1.249
231355;Tururu;CE;2015;4.620;
231360;Ubajara;CE;2015;13.026;
231370;Umari;CE;2015;2.451;4.550
231375;Umirim;CE;2015;9.374;
231380;Uruburetama;CE;2015;12.312;
231390;Uruoca;CE;2015;4.049;914
231395;Varjota;CE;2015;11.492;
231400;Várzea Alegre;CE;2015;21.501;17.900
231410;Viçosa do Ceará;CE;2015;13.319;2.710
530010;Brasília;DF;2015;2.885.098;2.463.322
320010;Afonso Cláudio;ES;2015;13.435;17.101
320016;Água Doce do Norte;ES;2015;5.158;
320013;Águia Branca;ES;2015;2.903;
320020;Alegre;ES;2015;;
320030;Alfredo Chaves;ES;2015;10.100;9.130
320035;Alto Rio Novo;ES;2015;3.494;
320040;Anchieta;ES;2015;17.221;6.171
320050;Apiacá;ES;2015;4.812;
320060;Aracruz;ES;2015;83.376;66.388
320070;Atílio Vivácqua;ES;2015;6.742;9.350
320080;Baixo Guandu;ES;2015;31.467;31.467
320090;Barra de São Francisco;ES;2015;24.817;6.270
320100;Boa Esperança;ES;2015;7.996;11.046
320110;Bom Jesus do Norte;ES;2015;8.734;7.312
320115;Brejetuba;ES;2015;1.906;5.844
320120;Cachoeiro de Itapemirim;ES;2015;203.646;191.110
320130;Cariacica;ES;2015;332.636;114.761
320140;Castelo;ES;2015;22.781;21.643
320150;Colatina;ES;2015;115.107;102.596
320160;Conceição da Barra;ES;2015;21.609;2.450
320170;Conceição do Castelo;ES;2015;5.832;
320180;Divino de São Lourenço;ES;2015;1.751;
320190;Domingos Martins;ES;2015;8.299;4.768
320200;Dores do Rio Preto;ES;2015;2.167;
320210;Ecoporanga;ES;2015;13.091;664
320220;Fundão;ES;2015;16.878;4.051
320225;Governador Lindenberg;ES;2015;4.776;3.976
320230;Guaçuí;ES;2015;27.738;24.591
320240;Guarapari;ES;2015;104.236;56.890
320245;Ibatiba;ES;2015;11.371;
320250;Ibiraçu;ES;2015;11.871;8.340
320255;Ibitirama;ES;2015;5.421;5.421
320260;Iconha;ES;2015;10.642;7.279
320265;Irupi;ES;2015;3.730;
320270;Itaguaçu;ES;2015;10.350;7.581
320280;Itapemirim;ES;2015;23.900;3.100
320290;Itarana;ES;2015;;
320300;Iúna;ES;2015;14.221;
320305;Jaguaré;ES;2015;28.126;18.199
320310;Jerônimo Monteiro;ES;2015;11.707;8.703
320313;João Neiva;ES;2015;17.022;14.468
320316;Laranja da Terra;ES;2015;2.508;1.571
320320;Linhares;ES;2015;163.662;121.109
320330;Mantenópolis;ES;2015;7.486;5.220
320332;Marataízes;ES;2015;34.100;18.200
320334;Marechal Floriano;ES;2015;7.431;
320335;Marilândia;ES;2015;8.650;7.050
320340;Mimoso do Sul;ES;2015;19.508;6.941
320350;Montanha;ES;2015;13.969;5.922
320360;Mucurici;ES;2015;3.087;2.893
320370;Muniz Freire;ES;2015;7.300;5.300
320380;Muqui;ES;2015;8.440;
320390;Nova Venécia;ES;2015;31.829;
320400;Pancas;ES;2015;8.117;
320405;Pedro Canário;ES;2015;18.896;9.017
320410;Pinheiros;ES;2015;17.763;
320420;Piúma;ES;2015;16.360;9.084
320425;Ponto Belo;ES;2015;5.390;3.397
320430;Presidente Kennedy;ES;2015;2.148;
320435;Rio Bananal;ES;2015;8.811;7.365
320440;Rio Novo do Sul;ES;2015;6.027;6.301
320450;Santa Leopoldina;ES;2015;2.394;
320455;Santa Maria de Jetibá;ES;2015;10.163;6.589
320460;Santa Teresa;ES;2015;11.005;6.554
320465;São Domingos do Norte;ES;2015;3.243;2.754
320470;São Gabriel da Palha;ES;2015;22.995;14.271
320480;São José do Calçado;ES;2015;7.141;
320490;São Mateus;ES;2015;124.575;77.276
320495;São Roque do Canaã;ES;2015;5.944;
320500;Serra;ES;2015;454.767;253.189
320501;Sooretama;ES;2015;;
320503;Vargem Alta;ES;2015;11.900;3.850
320506;Venda Nova do Imigrante;ES;2015;11.720;11.385
320510;Viana;ES;2015;58.970;25.556
320515;Vila Pavão;ES;2015;2.970;
320517;Vila Valério;ES;2015;4.303;4.700
320520;Vila Velha;ES;2015;457.669;204.247
320530;Vitória;ES;2015;338.874;239.730
520005;Abadia de Goiás;GO;2015;5.834;2.745
520010;Abadiânia;GO;2015;;
520013;Acreúna;GO;2015;17.414;4.786
520015;Adelândia;GO;2015;2.278;
520017;Água Fria de Goiás;GO;2015;1.981;
520020;Água Limpa;GO;2015;1.412;
520025;Águas Lindas de Goiás;GO;2015;186.790;
520030;Alexânia;GO;2015;21.594;
520050;Aloândia;GO;2015;1.793;
520055;Alto Horizonte;GO;2015;4.690;
520060;Alto Paraíso de Goiás;GO;2015;5.286;
520080;Alvorada do Norte;GO;2015;7.268;170
520082;Amaralina;GO;2015;1.183;
520085;Americano do Brasil;GO;2015;5.069;
520090;Amorinópolis;GO;2015;2.098;
520110;Anápolis;GO;2015;360.075;216.275
520120;Anhanguera;GO;2015;1.034;
520130;Anicuns;GO;2015;18.371;7.747
520140;Aparecida de Goiânia;GO;2015;380.888;138.395
520145;Aparecida do Rio Doce;GO;2015;2.017;2.017
520150;Aporé;GO;2015;2.724;
520160;Araçu;GO;2015;3.334;
520170;Aragarças;GO;2015;18.847;
520180;Aragoiânia;GO;2015;6.241;
520215;Araguapaz;GO;2015;5.412;3.784
520235;Arenópolis;GO;2015;1.795;
520250;Aruanã;GO;2015;7.208;3.143
520260;Aurilândia;GO;2015;2.691;
520280;Avelinópolis;GO;2015;1.883;
520310;Baliza;GO;2015;1.309;
520320;Barro Alto;GO;2015;7.194;
520330;Bela Vista de Goiás;GO;2015;20.076;12.058
520340;Bom Jardim de Goiás;GO;2015;6.653;
520350;Bom Jesus de Goiás;GO;2015;19.910;21.603
520355;Bonfinópolis;GO;2015;8.100;
520357;Bonópolis;GO;2015;1.483;
520360;Brazabrantes;GO;2015;2.209;
520380;Britânia;GO;2015;4.760;4.474
520390;Buriti Alegre;GO;2015;8.741;1.433
520393;Buriti de Goiás;GO;2015;1.666;
520396;Buritinópolis;GO;2015;1.926;
520400;Cabeceiras;GO;2015;5.705;
520410;Cachoeira Alta;GO;2015;9.280;8.355
520420;Cachoeira de Goiás;GO;2015;;
520425;Cachoeira Dourada;GO;2015;5.441;4.189
520430;Caçu;GO;2015;11.991;11.662
520440;Caiapônia;GO;2015;12.941;12.495
520450;Caldas Novas;GO;2015;;
520455;Caldazinha;GO;2015;2.090;
520460;Campestre de Goiás;GO;2015;2.512;
520465;Campinaçu;GO;2015;2.225;
520470;Campinorte;GO;2015;9.772;
520480;Campo Alegre de Goiás;GO;2015;5.099;
520485;Campo Limpo de Goiás;GO;2015;6.008;
520490;Campos Belos;GO;2015;17.201;16.826
520495;Campos Verdes;GO;2015;3.451;
520500;Carmo do Rio Verde;GO;2015;7.641;
520505;Castelândia;GO;2015;3.348;
520510;Catalão;GO;2015;98.638;68.571
520520;Caturaí;GO;2015;3.892;
520530;Cavalcante;GO;2015;4.935;
520540;Ceres;GO;2015;20.924;18.248
520545;Cezarina;GO;2015;6.088;
520547;Chapadão do Céu;GO;2015;6.984;6.984
520549;Cidade Ocidental;GO;2015;50.145;31.753
520551;Cocalzinho de Goiás;GO;2015;7.076;
520552;Colinas do Sul;GO;2015;;
520570;Córrego do Ouro;GO;2015;1.591;
520580;Corumbá de Goiás;GO;2015;6.416;
520590;Corumbaíba;GO;2015;6.998;6.649
520620;Cristalina;GO;2015;37.635;12.008
520630;Cristianópolis;GO;2015;2.549;
520640;Crixás;GO;2015;11.757;
520650;Cromínia;GO;2015;2.721;
520660;Cumari;GO;2015;2.442;2.550
520670;Damianópolis;GO;2015;1.905;
520680;Damolândia;GO;2015;2.306;
520690;Davinópolis;GO;2015;1.448;
520710;Diorama;GO;2015;1.546;
520830;Divinópolis de Goiás;GO;2015;3.532;
520725;Doverlândia;GO;2015;4.885;
520735;Edealina;GO;2015;2.625;
520740;Edéia;GO;2015;10.199;10.199
520750;Estrela do Norte;GO;2015;2.989;
520753;Faina;GO;2015;;
520760;Fazenda Nova;GO;2015;3.987;
520780;Firminópolis;GO;2015;9.526;
520790;Flores de Goiás;GO;2015;3.633;
520800;Formosa;GO;2015;103.195;62.043
520810;Formoso;GO;2015;3.491;
520815;Gameleira de Goiás;GO;2015;1.224;
520840;Goianápolis;GO;2015;9.989;
520850;Goiandira;GO;2015;4.783;
520860;Goianésia;GO;2015;54.574;53.862
520870;Goiânia;GO;2015;1.425.285;1.265.310
520880;Goianira;GO;2015;38.778;15.153
520890;Goiás;GO;2015;18.421;10.839
520910;Goiatuba;GO;2015;31.370;13.594
520915;Gouvelândia;GO;2015;3.801;
520920;Guapó;GO;2015;11.710;8.025
520929;Guaraíta;GO;2015;1.376;
520940;Guarani de Goiás;GO;2015;1.741;
520945;Guarinos;GO;2015;;
520960;Heitoraí;GO;2015;2.764;
520970;Hidrolândia;GO;2015;10.075;
520980;Hidrolina;GO;2015;2.905;
520990;Iaciara;GO;2015;10.045;
520993;Inaciolândia;GO;2015;5.056;
520995;Indiara;GO;2015;12.683;
521000;Inhumas;GO;2015;48.185;37.055
521010;Ipameri;GO;2015;22.749;
521015;Ipiranga de Goiás;GO;2015;1.313;
521020;Iporá;GO;2015;29.385;9.691
521030;Israelândia;GO;2015;2.277;
521040;Itaberaí;GO;2015;33.369;22.187
521056;Itaguari;GO;2015;4.135;
521060;Itaguaru;GO;2015;4.563;
521080;Itajá;GO;2015;3.665;3.641
521090;Itapaci;GO;2015;15.571;
521100;Itapirapuã;GO;2015;4.788;
521120;Itapuranga;GO;2015;21.653;20.796
521130;Itarumã;GO;2015;4.436;
521140;Itauçu;GO;2015;6.675;5.815
521150;Itumbiara;GO;2015;95.335;96.282
521160;Ivolândia;GO;2015;1.499;
521170;Jandaia;GO;2015;4.227;
521180;Jaraguá;GO;2015;37.806;11.667
521190;Jataí;GO;2015;88.163;73.742
521200;Jaupaci;GO;2015;2.377;
521205;Jesúpolis;GO;2015;1.949;
521210;Joviânia;GO;2015;6.748;6.748
521220;Jussara;GO;2015;15.360;14.025
521225;Lagoa Santa;GO;2015;888;888
521230;Leopoldo de Bulhões;GO;2015;5.018;
521250;Luziânia;GO;2015;152.968;32.304
521260;Mairipotaba;GO;2015;1.608;
521270;Mambaí;GO;2015;5.553;
521280;Mara Rosa;GO;2015;7.785;5.584
521290;Marzagão;GO;2015;1.914;
521295;Matrinchã;GO;2015;;
521300;Maurilândia;GO;2015;12.283;
521305;Mimoso de Goiás;GO;2015;1.256;1.256
521308;Minaçu;GO;2015;26.449;15.851
521310;Mineiros;GO;2015;;
521340;Moiporá;GO;2015;1.095;
521350;Monte Alegre de Goiás;GO;2015;3.405;
521370;Montes Claros de Goiás;GO;2015;5.483;
521375;Montividiu;GO;2015;9.825;5.579
521377;Montividiu do Norte;GO;2015;1.248;
521380;Morrinhos;GO;2015;38.467;30.313
521385;Morro Agudo de Goiás;GO;2015;1.658;
521390;Mossâmedes;GO;2015;4.810;
521400;Mozarlândia;GO;2015;10.901;
521405;Mundo Novo;GO;2015;3.460;
521410;Mutunópolis;GO;2015;2.585;
521440;Nazário;GO;2015;6.576;
521450;Nerópolis;GO;2015;25.481;
521460;Niquelândia;GO;2015;35.611;11.214
521470;Nova América;GO;2015;1.719;
521480;Nova Aurora;GO;2015;1.981;
521483;Nova Crixás;GO;2015;8.198;
521486;Nova Glória;GO;2015;4.953;
521487;Nova Iguaçu de Goiás;GO;2015;2.109;
521490;Nova Roma;GO;2015;;
521500;Nova Veneza;GO;2015;7.662;
521520;Novo Brasil;GO;2015;2.159;
521523;Novo Gama;GO;2015;103.664;23.752
521525;Novo Planalto;GO;2015;2.811;
521530;Orizona;GO;2015;8.507;
521540;Ouro Verde de Goiás;GO;2015;2.671;
521550;Ouvidor;GO;2015;5.404;
521560;Padre Bernardo;GO;2015;12.134;12.134
521565;Palestina de Goiás;GO;2015;2.263;
521570;Palmeiras de Goiás;GO;2015;21.265;20.636
521580;Palmelo;GO;2015;2.293;
521590;Palminópolis;GO;2015;2.778;
521600;Panamá;GO;2015;2.070;
521630;Paranaiguara;GO;2015;;
521640;Paraúna;GO;2015;8.234;8.234
521645;Perolândia;GO;2015;1.957;
521680;Petrolina de Goiás;GO;2015;6.855;
521690;Pilar de Goiás;GO;2015;1.132;
521710;Piracanjuba;GO;2015;18.018;17.034
521720;Piranhas;GO;2015;8.989;
521730;Pirenópolis;GO;2015;16.536;
521740;Pires do Rio;GO;2015;28.922;10.928
521760;Planaltina;GO;2015;83.117;31.872
521770;Pontalina;GO;2015;14.507;14.507
521800;Porangatu;GO;2015;37.792;
521805;Porteirão;GO;2015;3.212;
521810;Portelândia;GO;2015;3.253;
521830;Posse;GO;2015;26.411;24.689
521839;Professor Jamil;GO;2015;2.359;
521850;Quirinópolis;GO;2015;41.834;41.538
521860;Rialma;GO;2015;10.213;
521870;Rianápolis;GO;2015;4.279;
521878;Rio Quente;GO;2015;;
521880;Rio Verde;GO;2015;192.157;111.609
521890;Rubiataba;GO;2015;16.969;16.969
521900;Sanclerlândia;GO;2015;5.966;
521910;Santa Bárbara de Goiás;GO;2015;5.666;
521920;Santa Cruz de Goiás;GO;2015;966;
521925;Santa Fé de Goiás;GO;2015;4.157;
521930;Santa Helena de Goiás;GO;2015;36.637;36.637
521935;Santa Isabel;GO;2015;1.423;
521940;Santa Rita do Araguaia;GO;2015;7.041;
521945;Santa Rita do Novo Destino;GO;2015;;
521950;Santa Rosa de Goiás;GO;2015;2.037;
521960;Santa Tereza de Goiás;GO;2015;3.203;
521970;Santa Terezinha de Goiás;GO;2015;6.020;
521971;Santo Antônio da Barra;GO;2015;3.594;
521973;Santo Antônio de Goiás;GO;2015;5.019;
521975;Santo Antônio do Descoberto;GO;2015;61.233;36.208
521980;São Domingos;GO;2015;6.304;
521990;São Francisco de Goiás;GO;2015;4.625;
522000;São João d Aliança;GO;2015;7.913;
522005;São João da Paraúna;GO;2015;1.207;1.207
522010;São Luís de Montes Belos;GO;2015;28.760;21.790
522015;São Luíz do Norte;GO;2015;3.076;
522020;São Miguel do Araguaia;GO;2015;16.701;5.676
522026;São Miguel do Passa Quatro;GO;2015;2.201;
522028;São Patrício;GO;2015;1.213;
522040;São Simão;GO;2015;;
522045;Senador Canedo;GO;2015;100.367;
522050;Serranópolis;GO;2015;6.027;
522060;Silvânia;GO;2015;13.428;12.856
522068;Simolândia;GO;2015;5.642;
522070;Sítio d Abadia;GO;2015;1.045;
522100;Taquaral de Goiás;GO;2015;2.950;
522108;Teresina de Goiás;GO;2015;2.328;
522119;Terezópolis de Goiás;GO;2015;6.393;
522130;Três Ranchos;GO;2015;2.558;
522140;Trindade;GO;2015;112.528;55.991
522145;Trombas;GO;2015;3.500;
522150;Turvânia;GO;2015;3.905;
522155;Turvelândia;GO;2015;3.498;
522157;Uirapuru;GO;2015;1.437;
522160;Uruaçu;GO;2015;36.133;21.260
522170;Uruana;GO;2015;11.528;391
522180;Urutaí;GO;2015;2.218;
522185;Valparaíso de Goiás;GO;2015;153.255;63.595
522190;Varjão;GO;2015;2.346;
522200;Vianópolis;GO;2015;9.834;
522205;Vicentinópolis;GO;2015;8.053;
522220;Vila Boa;GO;2015;4.064;
522230;Vila Propício;GO;2015;1.508;
210005;Açailândia;MA;2015;41.129;
210010;Afonso Cunha;MA;2015;1.296;
210015;Água Doce do Maranhão;MA;2015;12.257;
210020;Alcântara;MA;2015;6.197;
210030;Aldeias Altas;MA;2015;5.278;
210040;Altamira do Maranhão;MA;2015;710;
210043;Alto Alegre do Maranhão;MA;2015;16.382;
210047;Alto Alegre do Pindaré;MA;2015;8.625;
210050;Alto Parnaíba;MA;2015;8.771;
210055;Amapá do Maranhão;MA;2015;;
210060;Amarante do Maranhão;MA;2015;4.928;
210070;Anajatuba;MA;2015;16.555;
210080;Anapurus;MA;2015;7.027;
210083;Apicum-Açu;MA;2015;;
210087;Araguanã;MA;2015;1.975;
210090;Araioses;MA;2015;7.128;
210095;Arame;MA;2015;7.593;
210100;Arari;MA;2015;;
210110;Axixá;MA;2015;2.113;
210120;Bacabal;MA;2015;95.576;7.641
210125;Bacabeira;MA;2015;9.035;
210130;Bacuri;MA;2015;2.659;
210135;Bacurituba;MA;2015;;
210140;Balsas;MA;2015;82.144;
210150;Barão de Grajaú;MA;2015;10.902;
210160;Barra do Corda;MA;2015;35.889;
210170;Barreirinhas;MA;2015;15.280;1.547
210173;Belágua;MA;2015;1.600;
210177;Bela Vista do Maranhão;MA;2015;;
210180;Benedito Leite;MA;2015;5.181;
210190;Bequimão;MA;2015;;
210193;Bernardo do Mearim;MA;2015;1.988;
210197;Boa Vista do Gurupi;MA;2015;;
210200;Bom Jardim;MA;2015;10.861;
210203;Bom Jesus das Selvas;MA;2015;8.777;
210207;Bom Lugar;MA;2015;;
210210;Brejo;MA;2015;8.127;
210215;Brejo de Areia;MA;2015;;
210220;Buriti;MA;2015;4.236;
210230;Buriti Bravo;MA;2015;14.934;
210232;Buriticupu;MA;2015;18.437;
210235;Buritirana;MA;2015;;
210237;Cachoeira Grande;MA;2015;6.000;100
210240;Cajapió;MA;2015;2.445;
210250;Cajari;MA;2015;1.509;
210255;Campestre do Maranhão;MA;2015;;
210260;Cândido Mendes;MA;2015;4.047;
210270;Cantanhede;MA;2015;9.094;
210275;Capinzal do Norte;MA;2015;;
210280;Carolina;MA;2015;23.866;
210290;Carutapera;MA;2015;3.247;
210300;Caxias;MA;2015;161.137;9.044
210310;Cedral;MA;2015;2.434;2.434
210312;Central do Maranhão;MA;2015;;
210315;Centro do Guilherme;MA;2015;7.500;
210317;Centro Novo do Maranhão;MA;2015;;
210320;Chapadinha;MA;2015;13.276;
210325;Cidelândia;MA;2015;5.953;
210330;Codó;MA;2015;93.346;9.630
210340;Coelho Neto;MA;2015;6.809;
210350;Colinas;MA;2015;18.426;
210355;Conceição do Lago-Açu;MA;2015;4.442;
210360;Coroatá;MA;2015;48.922;
210370;Cururupu;MA;2015;24.193;
210375;Davinópolis;MA;2015;10.930;500
210380;Dom Pedro;MA;2015;13.409;
210390;Duque Bacelar;MA;2015;2.761;
210400;Esperantinópolis;MA;2015;9.973;
210405;Estreito;MA;2015;;
210407;Feira Nova do Maranhão;MA;2015;;
210408;Fernando Falcão;MA;2015;;
210409;Formosa da Serra Negra;MA;2015;;
210410;Fortaleza dos Nogueiras;MA;2015;2.150;
210420;Fortuna;MA;2015;9.327;
210430;Godofredo Viana;MA;2015;3.235;
210440;Gonçalves Dias;MA;2015;8.477;
210450;Governador Archer;MA;2015;5.188;
210455;Governador Edison Lobão;MA;2015;;
210460;Governador Eugênio Barros;MA;2015;3.496;
210462;Governador Luiz Rocha;MA;2015;3.288;
210465;Governador Newton Bello;MA;2015;3.268;
210467;Governador Nunes Freire;MA;2015;;
210470;Graça Aranha;MA;2015;3.088;
210480;Grajaú;MA;2015;67.626;
210490;Guimarães;MA;2015;6.566;
210500;Humberto de Campos;MA;2015;2.947;
210510;Icatu;MA;2015;1.801;
210515;Igarapé do Meio;MA;2015;;
210520;Igarapé Grande;MA;2015;3.797;
210530;Imperatriz;MA;2015;246.335;64.081
210535;Itaipava do Grajaú;MA;2015;;
210540;Itapecuru Mirim;MA;2015;39.730;
210542;Itinga do Maranhão;MA;2015;;
210545;Jatobá;MA;2015;2.931;
210547;Jenipapo dos Vieiras;MA;2015;;
210550;João Lisboa;MA;2015;18.450;
210560;Joselândia;MA;2015;2.855;
210565;Junco do Maranhão;MA;2015;;
210592;Lagoa do Mato;MA;2015;10.989;
210596;Lagoa Grande do Maranhão;MA;2015;;
210570;Lago da Pedra;MA;2015;5.501;
210580;Lago do Junco;MA;2015;3.615;
210594;Lago dos Rodrigues;MA;2015;;
210590;Lago Verde;MA;2015;2.934;
210598;Lajeado Novo;MA;2015;2.000;900
210600;Lima Campos;MA;2015;7.261;
210610;Loreto;MA;2015;7.729;
210620;Luís Domingues;MA;2015;1.895;
210630;Magalhães de Almeida;MA;2015;4.603;
210632;Maracaçumé;MA;2015;;
210635;Marajá do Sena;MA;2015;;
210637;Maranhãozinho;MA;2015;2.232;
210640;Mata Roma;MA;2015;6.565;
210650;Matinha;MA;2015;2.244;
210660;Matões;MA;2015;;
210663;Matões do Norte;MA;2015;4.033;
210667;Milagres do Maranhão;MA;2015;;
210670;Mirador;MA;2015;3.092;
210675;Miranda do Norte;MA;2015;5.313;
210680;Mirinzal;MA;2015;3.076;
210690;Monção;MA;2015;5.740;
210700;Montes Altos;MA;2015;6.750;
210710;Morros;MA;2015;3.963;
210720;Nina Rodrigues;MA;2015;4.576;
210725;Nova Colinas;MA;2015;;
210730;Nova Iorque;MA;2015;1.568;
210735;Nova Olinda do Maranhão;MA;2015;12.643;12.643
210740;Olho D ÁGUA das Cunhãs;MA;2015;980;
210745;Olinda Nova do Maranhão;MA;2015;;
210750;Paço do Lumiar;MA;2015;74.638;29.255
210760;Palmeirândia;MA;2015;4.004;
210770;Paraibano;MA;2015;15.511;
210780;Parnarama;MA;2015;;
210790;Passagem Franca;MA;2015;;
210800;Pastos Bons;MA;2015;18.999;
210805;Paulino Neves;MA;2015;1.090;
210810;Paulo Ramos;MA;2015;3.008;
210820;Pedreiras;MA;2015;36.219;
210825;Pedro do Rosário;MA;2015;;
210830;Penalva;MA;2015;5.082;
210840;Peri Mirim;MA;2015;1.807;
210845;Peritoró;MA;2015;8.622;
210850;Pindaré-Mirim;MA;2015;13.321;
210860;Pinheiro;MA;2015;22.888;
210870;Pio XII;MA;2015;11.937;
210880;Pirapemas;MA;2015;8.500;
210890;Poção de Pedras;MA;2015;6.357;
210900;Porto Franco;MA;2015;;
210905;Porto Rico do Maranhão;MA;2015;2.304;
210910;Presidente Dutra;MA;2015;30.739;
210920;Presidente Juscelino;MA;2015;2.227;
210923;Presidente Médici;MA;2015;6.280;100
210927;Presidente Sarney;MA;2015;;
210930;Presidente Vargas;MA;2015;2.815;
210940;Primeira Cruz;MA;2015;790;
210945;Raposa;MA;2015;;
210950;Riachão;MA;2015;13.421;
210955;Ribamar Fiquene;MA;2015;3.600;3.000
210960;Rosário;MA;2015;30.459;
210970;Sambaíba;MA;2015;2.344;
210975;Santa Filomena do Maranhão;MA;2015;1.686;
210980;Santa Helena;MA;2015;250;
210990;Santa Inês;MA;2015;46.185;
211000;Santa Luzia;MA;2015;27.096;
211003;Santa Luzia do Paruá;MA;2015;7.138;
211023;Santana do Maranhão;MA;2015;;
211010;Santa Quitéria do Maranhão;MA;2015;10.925;
211020;Santa Rita;MA;2015;14.687;
211027;Santo Amaro do Maranhão;MA;2015;;
211030;Santo Antônio dos Lopes;MA;2015;7.367;
211040;São Benedito do Rio Preto;MA;2015;6.345;11.000
211050;São Bento;MA;2015;21.473;
211060;São Bernardo;MA;2015;6.421;26.476
211065;São Domingos do Azeitão;MA;2015;2.305;
211070;São Domingos do Maranhão;MA;2015;18.668;
211080;São Félix de Balsas;MA;2015;590;
211085;São Francisco do Brejão;MA;2015;3.095;
211090;São Francisco do Maranhão;MA;2015;3.938;
211100;São João Batista;MA;2015;1.657;
211102;São João do Carú;MA;2015;;
211105;São João do Paraíso;MA;2015;5.550;
211107;São João do Soter;MA;2015;18.095;
211110;São João dos Patos;MA;2015;24.306;
211120;São José de Ribamar;MA;2015;97.881;32.126
211125;São José dos Basílios;MA;2015;2.743;
211130;São Luís;MA;2015;916.185;519.175
211140;São Luís Gonzaga do Maranhão;MA;2015;5.314;
211150;São Mateus do Maranhão;MA;2015;12.292;
211153;São Pedro da Água Branca;MA;2015;4.652;
211157;São Pedro dos Crentes;MA;2015;;
211160;São Raimundo das Mangabeiras;MA;2015;13.200;
211163;São Raimundo do Doca Bezerra;MA;2015;;
211167;São Roberto;MA;2015;;
211170;São Vicente Ferrer;MA;2015;3.135;
211172;Satubinha;MA;2015;1.697;
211174;Senador Alexandre Costa;MA;2015;;
211176;Senador La Rocque;MA;2015;10.631;
211178;Serrano do Maranhão;MA;2015;7.860;
211180;Sítio Novo;MA;2015;;
211190;Sucupira do Norte;MA;2015;4.239;
211195;Sucupira do Riachão;MA;2015;3.430;
211200;Tasso Fragoso;MA;2015;4.948;
211210;Timbiras;MA;2015;16.632;
211220;Timon;MA;2015;146.671;
211223;Trizidela do Vale;MA;2015;19.208;
211227;Tufilândia;MA;2015;988;
211230;Tuntum;MA;2015;14.200;
211240;Turiaçu;MA;2015;;
211245;Turilândia;MA;2015;;
211250;Tutóia;MA;2015;3.960;
211260;Urbano Santos;MA;2015;4.871;
211270;Vargem Grande;MA;2015;13.417;
211280;Viana;MA;2015;;
211285;Vila Nova dos Martírios;MA;2015;;
211290;Vitória do Mearim;MA;2015;19.767;
211300;Vitorino Freire;MA;2015;4.729;
211400;Zé Doca;MA;2015;18.654;
310010;Abadia dos Dourados;MG;2015;4.117;4.332
310020;Abaeté;MG;2015;19.947;
310030;Abre Campo;MG;2015;7.929;7.929
310040;Acaiaca;MG;2015;3.850;2.533
310050;Açucena;MG;2015;3.242;6.000
310060;Água Boa;MG;2015;6.915;7.742
310070;Água Comprida;MG;2015;1.503;2.064
310080;Aguanil;MG;2015;3.421;2.025
310090;Águas Formosas;MG;2015;14.530;1.427
310100;Águas Vermelhas;MG;2015;9.451;3.646
310110;Aimorés;MG;2015;19.821;19.821
310120;Aiuruoca;MG;2015;3.163;3.163
310130;Alagoa;MG;2015;;
310140;Albertina;MG;2015;2.097;2.097
310150;Além Paraíba;MG;2015;28.868;20.372
310160;Alfenas;MG;2015;67.057;65.754
310163;Alfredo Vasconcelos;MG;2015;4.051;
310170;Almenara;MG;2015;33.099;28.862
310180;Alpercata;MG;2015;4.648;
310190;Alpinópolis;MG;2015;14.772;19.630
310200;Alterosa;MG;2015;10.113;10.629
310205;Alto Caparaó;MG;2015;;
315350;Alto Jequitibá;MG;2015;3.928;
310210;Alto Rio Doce;MG;2015;4.348;5.236
310220;Alvarenga;MG;2015;2.010;2.310
310230;Alvinópolis;MG;2015;8.496;15.619
310240;Alvorada de Minas;MG;2015;1.019;1.451
310250;Amparo do Serra;MG;2015;2.512;
310260;Andradas;MG;2015;28.819;34.065
310280;Andrelândia;MG;2015;9.251;
310285;Angelândia;MG;2015;4.612;4.021
310290;Antônio Carlos;MG;2015;7.744;
310300;Antônio Dias;MG;2015;3.522;
310310;Antônio Prado de Minas;MG;2015;990;1.320
310320;Araçaí;MG;2015;1.822;1.863
310330;Aracitaba;MG;2015;;
310340;Araçuaí;MG;2015;25.662;14.375
310350;Araguari;MG;2015;116.200;115.954
310360;Arantina;MG;2015;2.700;2.690
310370;Araponga;MG;2015;3.061;3.171
310375;Araporã;MG;2015;6.390;6.390
310380;Arapuá;MG;2015;;
310390;Araújos;MG;2015;8.768;8.718
310400;Araxá;MG;2015;97.307;95.042
310410;Arceburgo;MG;2015;8.654;8.284
310420;Arcos;MG;2015;35.457;34.600
310430;Areado;MG;2015;12.118;
310440;Argirita;MG;2015;2.274;2.274
310445;Aricanduva;MG;2015;2.018;1.213
310450;Arinos;MG;2015;9.867;
310460;Astolfo Dutra;MG;2015;10.632;11.568
310470;Ataléia;MG;2015;6.943;3.306
310480;Augusto de Lima;MG;2015;2.769;
310490;Baependi;MG;2015;13.289;13.567
310500;Baldim;MG;2015;4.440;5.175
310510;Bambuí;MG;2015;19.440;23.850
310520;Bandeira;MG;2015;3.081;2.302
310530;Bandeira do Sul;MG;2015;5.142;5.116
310540;Barão de Cocais;MG;2015;23.126;29.060
310550;Barão de Monte Alto;MG;2015;3.943;
310560;Barbacena;MG;2015;111.332;87.534
310570;Barra Longa;MG;2015;2.183;2.733
310590;Barroso;MG;2015;17.731;18.775
310600;Bela Vista de Minas;MG;2015;8.348;9.378
310610;Belmiro Braga;MG;2015;853;
310620;Belo Horizonte;MG;2015;2.374.342;2.285.364
310630;Belo Oriente;MG;2015;21.600;20.600
310640;Belo Vale;MG;2015;3.346;
310650;Berilo;MG;2015;12.143;4.760
310665;Berizal;MG;2015;2.650;
310660;Bertópolis;MG;2015;3.754;1.600
310670;Betim;MG;2015;384.148;312.231
310680;Bias Fortes;MG;2015;;
310690;Bicas;MG;2015;12.155;9.975
310700;Biquinhas;MG;2015;1.645;
310710;Boa Esperança;MG;2015;33.911;33.671
310720;Bocaina de Minas;MG;2015;;
310730;Bocaiúva;MG;2015;40.200;37.900
310740;Bom Despacho;MG;2015;44.120;41.370
310750;Bom Jardim de Minas;MG;2015;5.151;5.706
310760;Bom Jesus da Penha;MG;2015;3.016;
310770;Bom Jesus do Amparo;MG;2015;2.657;5.875
310780;Bom Jesus do Galho;MG;2015;9.397;13.475
310790;Bom Repouso;MG;2015;5.598;5.435
310800;Bom Sucesso;MG;2015;;
310810;Bonfim;MG;2015;3.097;2.236
310820;Bonfinópolis de Minas;MG;2015;3.851;
310825;Bonito de Minas;MG;2015;2.436;
310830;Borda da Mata;MG;2015;12.544;12.356
310840;Botelhos;MG;2015;11.068;7.931
310850;Botumirim;MG;2015;6.497;1.825
310855;Brasilândia de Minas;MG;2015;12.420;
310860;Brasília de Minas;MG;2015;18.283;15.536
310890;Brasópolis;MG;2015;8.038;10.000
310870;Brás Pires;MG;2015;2.100;2.100
310880;Braúnas;MG;2015;1.598;
310900;Brumadinho;MG;2015;19.061;15.780
310910;Bueno Brandão;MG;2015;5.602;5.388
310920;Buenópolis;MG;2015;6.643;3.979
310925;Bugre;MG;2015;1.242;2.470
310930;Buritis;MG;2015;15.259;4.780
310940;Buritizeiro;MG;2015;25.920;
310945;Cabeceira Grande;MG;2015;6.861;
310950;Cabo Verde;MG;2015;7.402;7.011
310960;Cachoeira da Prata;MG;2015;3.650;3.600
310970;Cachoeira de Minas;MG;2015;7.167;9.807
310270;Cachoeira de Pajeú;MG;2015;4.235;
310980;Cachoeira Dourada;MG;2015;2.364;2.310
310990;Caetanópolis;MG;2015;8.293;
311000;Caeté;MG;2015;42.997;40.341
311010;Caiana;MG;2015;2.821;2.821
311020;Cajuri;MG;2015;2.134;2.052
311030;Caldas;MG;2015;6.932;5.353
311040;Camacho;MG;2015;1.437;
311050;Camanducaia;MG;2015;15.190;11.676
311060;Cambuí;MG;2015;26.000;25.500
311070;Cambuquira;MG;2015;10.423;8.443
311080;Campanário;MG;2015;2.528;
311090;Campanha;MG;2015;12.570;12.246
311100;Campestre;MG;2015;11.333;12.100
311110;Campina Verde;MG;2015;13.586;12.949
311115;Campo Azul;MG;2015;1.539;
311120;Campo Belo;MG;2015;52.176;51.585
311130;Campo do Meio;MG;2015;10.300;10.300
311140;Campo Florido;MG;2015;5.753;5.610
311150;Campos Altos;MG;2015;12.421;15.184
311160;Campos Gerais;MG;2015;18.508;
311170;Canaã;MG;2015;1.893;
311180;Canápolis;MG;2015;9.605;
311190;Cana Verde;MG;2015;3.789;
311200;Candeias;MG;2015;10.188;11.628
311205;Cantagalo;MG;2015;2.125;
311210;Caparaó;MG;2015;1.824;
311220;Capela Nova;MG;2015;2.002;2.250
311230;Capelinha;MG;2015;29.071;18.865
311240;Capetinga;MG;2015;5.530;458
311250;Capim Branco;MG;2015;8.508;1.416
311260;Capinópolis;MG;2015;13.025;14.826
311265;Capitão Andrade;MG;2015;3.620;3.620
311270;Capitão Enéas;MG;2015;9.104;3.354
311280;Capitólio;MG;2015;6.843;
311290;Caputira;MG;2015;3.712;
311300;Caraí;MG;2015;11.322;1.014
311310;Caranaíba;MG;2015;;
311320;Carandaí;MG;2015;19.529;25.044
311330;Carangola;MG;2015;26.454;21.693
311340;Caratinga;MG;2015;66.352;50.715
311350;Carbonita;MG;2015;7.975;5.077
311360;Careaçu;MG;2015;4.547;6.645
311370;Carlos Chagas;MG;2015;14.498;11.322
311380;Carmésia;MG;2015;;
311390;Carmo da Cachoeira;MG;2015;8.533;7.805
311400;Carmo da Mata;MG;2015;10.878;9.845
311410;Carmo de Minas;MG;2015;10.852;10.852
311420;Carmo do Cajuru;MG;2015;21.735;20.121
311430;Carmo do Paranaíba;MG;2015;22.548;22.950
311440;Carmo do Rio Claro;MG;2015;13.996;13.089
311450;Carmópolis de Minas;MG;2015;18.619;18.619
311455;Carneirinho;MG;2015;6.694;6.086
311460;Carrancas;MG;2015;;
311470;Carvalhópolis;MG;2015;2.511;3.544
311480;Carvalhos;MG;2015;2.009;1.548
311490;Casa Grande;MG;2015;;
311500;Cascalho Rico;MG;2015;1.887;
311510;Cássia;MG;2015;13.888;
311530;Cataguases;MG;2015;63.240;45.657
311535;Catas Altas;MG;2015;4.806;4.078
311540;Catas Altas da Noruega;MG;2015;;
311545;Catuji;MG;2015;4.333;1.480
311547;Catuti;MG;2015;2.120;658
311550;Caxambu;MG;2015;19.162;18.806
311560;Cedro do Abaeté;MG;2015;893;650
311570;Central de Minas;MG;2015;5.830;5.583
311580;Centralina;MG;2015;8.298;2.057
311590;Chácara;MG;2015;1.851;
311600;Chalé;MG;2015;3.140;3.140
311610;Chapada do Norte;MG;2015;8.094;
311615;Chapada Gaúcha;MG;2015;6.508;
311620;Chiador;MG;2015;2.300;2.300
311630;Cipotânea;MG;2015;3.140;
311640;Claraval;MG;2015;4.801;4.801
311650;Claro dos Poções;MG;2015;5.041;1.905
311660;Cláudio;MG;2015;21.750;20.686
311670;Coimbra;MG;2015;4.930;
311680;Coluna;MG;2015;3.851;
311690;Comendador Gomes;MG;2015;1.473;1.581
311700;Comercinho;MG;2015;5.705;3.287
311710;Conceição da Aparecida;MG;2015;6.081;
311520;Conceição da Barra de Minas;MG;2015;2.616;1.526
311730;Conceição das Alagoas;MG;2015;26.018;25.318
311720;Conceição das Pedras;MG;2015;2.849;2.849
311740;Conceição de Ipanema;MG;2015;4.627;4.627
311750;Conceição do Mato Dentro;MG;2015;10.551;8.608
311760;Conceição do Pará;MG;2015;2.133;1.685
311770;Conceição do Rio Verde;MG;2015;10.584;11.200
311780;Conceição dos Ouros;MG;2015;8.806;8.806
311783;Cônego Marinho;MG;2015;2.040;
311787;Confins;MG;2015;6.256;
311790;Congonhal;MG;2015;8.195;8.136
311800;Congonhas;MG;2015;41.999;33.859
311810;Congonhas do Norte;MG;2015;3.460;1.749
311820;Conquista;MG;2015;5.561;6.892
311830;Conselheiro Lafaiete;MG;2015;111.387;96.847
311840;Conselheiro Pena;MG;2015;18.312;18.312
311850;Consolação;MG;2015;992;992
311860;Contagem;MG;2015;579.505;519.469
311870;Coqueiral;MG;2015;7.192;7.027
311880;Coração de Jesus;MG;2015;10.469;4.254
311890;Cordisburgo;MG;2015;5.718;2.611
311900;Cordislândia;MG;2015;2.615;
311910;Corinto;MG;2015;18.685;13.317
311920;Coroaci;MG;2015;4.867;
311930;Coromandel;MG;2015;19.604;
311940;Coronel Fabriciano;MG;2015;89.031;80.816
311950;Coronel Murta;MG;2015;6.324;3.245
311960;Coronel Pacheco;MG;2015;2.236;2.236
311970;Coronel Xavier Chaves;MG;2015;1.808;
311980;Córrego Danta;MG;2015;1.955;
311990;Córrego do Bom Jesus;MG;2015;;
311995;Córrego Fundo;MG;2015;5.060;3.808
312000;Córrego Novo;MG;2015;1.976;2.447
312010;Couto de Magalhães de Minas;MG;2015;4.025;4.025
312015;Crisólita;MG;2015;4.550;1.638
312020;Cristais;MG;2015;9.308;
312030;Cristália;MG;2015;2.670;818
312040;Cristiano Otoni;MG;2015;4.003;
312050;Cristina;MG;2015;8.178;8.160
312060;Crucilândia;MG;2015;3.017;3.126
312070;Cruzeiro da Fortaleza;MG;2015;3.126;
312080;Cruzília;MG;2015;12.950;12.126
312083;Cuparaque;MG;2015;743;4.947
312087;Curral de Dentro;MG;2015;5.297;
312090;Curvelo;MG;2015;68.221;55.603
312100;Datas;MG;2015;;
312110;Delfim Moreira;MG;2015;3.112;3.112
312120;Delfinópolis;MG;2015;3.907;6.869
312125;Delta;MG;2015;8.820;8.820
312130;Descoberto;MG;2015;3.781;4.276
312140;Desterro de Entre Rios;MG;2015;3.734;3.466
312150;Desterro do Melo;MG;2015;1.400;1.186
312160;Diamantina;MG;2015;43.084;32.428
312170;Diogo de Vasconcelos;MG;2015;;
312180;Dionísio;MG;2015;3.610;4.474
312190;Divinésia;MG;2015;2.219;
312200;Divino;MG;2015;9.501;8.326
312210;Divino das Laranjeiras;MG;2015;3.463;
312220;Divinolândia de Minas;MG;2015;6.259;4.241
312230;Divinópolis;MG;2015;219.139;192.421
312235;Divisa Alegre;MG;2015;5.575;
312240;Divisa Nova;MG;2015;4.459;4.843
312245;Divisópolis;MG;2015;7.284;2.615
312247;Dom Bosco;MG;2015;;
312250;Dom Cavati;MG;2015;4.117;
312260;Dom Joaquim;MG;2015;2.476;2.974
312270;Dom Silvério;MG;2015;4.143;5.344
312280;Dom Viçoso;MG;2015;2.076;2.076
312290;Dona Eusébia;MG;2015;5.075;
312300;Dores de Campos;MG;2015;9.688;8.752
312310;Dores de Guanhães;MG;2015;;
312320;Dores do Indaiá;MG;2015;11.293;10.717
312330;Dores do Turvo;MG;2015;1.936;
312340;Doresópolis;MG;2015;1.110;1.519
312350;Douradoquara;MG;2015;1.286;1.279
312352;Durandé;MG;2015;2.503;7.130
312360;Elói Mendes;MG;2015;22.028;22.028
312370;Engenheiro Caldas;MG;2015;6.545;
312380;Engenheiro Navarro;MG;2015;4.253;2.502
312385;Entre Folhas;MG;2015;3.602;
312390;Entre Rios de Minas;MG;2015;10.490;9.380
312400;Ervália;MG;2015;9.827;
312410;Esmeraldas;MG;2015;47.367;8.422
312420;Espera Feliz;MG;2015;14.541;24.469
312430;Espinosa;MG;2015;18.624;
312440;Espírito Santo do Dourado;MG;2015;;
312450;Estiva;MG;2015;5.064;
312460;Estrela Dalva;MG;2015;1.625;
312470;Estrela do Indaiá;MG;2015;2.515;1.335
312480;Estrela do Sul;MG;2015;5.451;2.847
312490;Eugenópolis;MG;2015;6.505;9.000
312500;Ewbank da Câmara;MG;2015;;
312510;Extrema;MG;2015;27.915;22.186
312520;Fama;MG;2015;1.465;772
312530;Faria Lemos;MG;2015;2.184;
312540;Felício dos Santos;MG;2015;;
312560;Felisburgo;MG;2015;5.420;5.403
312570;Felixlândia;MG;2015;10.859;
312580;Fernandes Tourinho;MG;2015;1.638;
312590;Ferros;MG;2015;3.049;
312595;Fervedouro;MG;2015;5.034;5.325
312600;Florestal;MG;2015;6.012;7.137
312610;Formiga;MG;2015;65.000;63.780
312620;Formoso;MG;2015;5.242;
312630;Fortaleza de Minas;MG;2015;2.974;3.136
312640;Fortuna de Minas;MG;2015;2.746;1.786
312650;Francisco Badaró;MG;2015;6.901;
312660;Francisco Dumont;MG;2015;3.007;735
312675;Franciscópolis;MG;2015;2.184;2.375
312670;Francisco Sá;MG;2015;15.820;13.311
312680;Frei Gaspar;MG;2015;4.182;3.456
312690;Frei Inocêncio;MG;2015;6.276;
312695;Frei Lagonegro;MG;2015;;
312700;Fronteira;MG;2015;13.264;12.118
312705;Fronteira dos Vales;MG;2015;3.018;2.982
312707;Fruta de Leite;MG;2015;4.347;
312710;Frutal;MG;2015;43.132;43.704
312720;Funilândia;MG;2015;2.208;1.088
312730;Galiléia;MG;2015;;
312733;Gameleiras;MG;2015;;
312735;Glaucilândia;MG;2015;1.107;618
312737;Goiabeira;MG;2015;2.635;2.635
312738;Goianá;MG;2015;2.876;2.900
312740;Gonçalves;MG;2015;1.211;810
312750;Gonzaga;MG;2015;3.760;3.317
312760;Gouveia;MG;2015;8.488;
312770;Governador Valadares;MG;2015;276.941;271.247
312780;Grão Mogol;MG;2015;6.485;2.730
312790;Grupiara;MG;2015;1.096;
312800;Guanhães;MG;2015;25.636;25.636
312810;Guapé;MG;2015;;
312820;Guaraciaba;MG;2015;3.257;2.790
312825;Guaraciama;MG;2015;;
312830;Guaranésia;MG;2015;16.302;17.500
312840;Guarani;MG;2015;6.950;7.142
312850;Guarará;MG;2015;3.094;
312860;Guarda-Mor;MG;2015;3.487;3.251
312870;Guaxupé;MG;2015;45.253;43.328
312880;Guidoval;MG;2015;4.720;5.210
312890;Guimarânia;MG;2015;6.500;6.520
312900;Guiricema;MG;2015;3.133;4.273
312910;Gurinhatã;MG;2015;2.494;
312920;Heliodora;MG;2015;4.699;
312930;Iapu;MG;2015;6.460;
312940;Ibertioga;MG;2015;3.308;4.893
312950;Ibiá;MG;2015;22.198;21.017
312960;Ibiaí;MG;2015;5.238;1.947
312965;Ibiracatu;MG;2015;3.149;
312970;Ibiraci;MG;2015;8.424;9.040
312980;Ibirité;MG;2015;146.581;115.604
312990;Ibitiúra de Minas;MG;2015;2.369;
313000;Ibituruna;MG;2015;;
313005;Icaraí de Minas;MG;2015;2.833;1.111
313010;Igarapé;MG;2015;32.800;17.483
313020;Igaratinga;MG;2015;5.903;
313030;Iguatama;MG;2015;7.861;7.861
313040;Ijaci;MG;2015;6.073;6.073
313050;Ilicínea;MG;2015;9.091;9.673
313055;Imbé de Minas;MG;2015;1.878;
313060;Inconfidentes;MG;2015;3.881;
313065;Indaiabira;MG;2015;2.657;856
313070;Indianópolis;MG;2015;4.256;
313080;Ingaí;MG;2015;1.598;
313090;Inhapim;MG;2015;10.075;6.260
313100;Inhaúma;MG;2015;6.158;2.056
313110;Inimutaba;MG;2015;4.986;3.745
313115;Ipaba;MG;2015;13.922;14.610
313120;Ipanema;MG;2015;15.140;13.610
313130;Ipatinga;MG;2015;218.447;234.008
313140;Ipiaçu;MG;2015;3.880;3.880
313150;Ipuiúna;MG;2015;7.251;5.622
313160;Iraí de Minas;MG;2015;4.950;
313170;Itabira;MG;2015;112.245;105.266
313180;Itabirinha;MG;2015;8.862;7.749
313190;Itabirito;MG;2015;49.203;42.225
313200;Itacambira;MG;2015;1.823;
313210;Itacarambi;MG;2015;12.868;4.176
313220;Itaguara;MG;2015;10.620;10.620
313230;Itaipé;MG;2015;8.317;4.934
313240;Itajubá;MG;2015;84.311;78.096
313250;Itamarandiba;MG;2015;21.991;15.898
313260;Itamarati de Minas;MG;2015;2.822;
313270;Itambacuri;MG;2015;17.366;12.113
313280;Itambé do Mato Dentro;MG;2015;1.132;1.000
313290;Itamogi;MG;2015;7.515;7.898
313300;Itamonte;MG;2015;10.274;10.541
313310;Itanhandu;MG;2015;;
313320;Itanhomi;MG;2015;8.132;
313330;Itaobim;MG;2015;17.883;7.030
313340;Itapagipe;MG;2015;9.911;10.520
313350;Itapecerica;MG;2015;16.155;11.885
313360;Itapeva;MG;2015;4.913;4.413
313370;Itatiaiuçu;MG;2015;6.755;
313375;Itaú de Minas;MG;2015;15.137;15.897
313380;Itaúna;MG;2015;87.811;87.811
313390;Itaverava;MG;2015;1.565;
313400;Itinga;MG;2015;10.246;6.726
313410;Itueta;MG;2015;3.190;
313420;Ituiutaba;MG;2015;99.030;98.833
313430;Itumirim;MG;2015;4.779;4.100
313440;Iturama;MG;2015;32.222;30.708
313450;Itutinga;MG;2015;2.612;2.450
313460;Jaboticatubas;MG;2015;11.466;8.098
313470;Jacinto;MG;2015;8.136;4.510
313480;Jacuí;MG;2015;4.675;4.740
313490;Jacutinga;MG;2015;;
313500;Jaguaraçu;MG;2015;3.136;3.136
313505;Jaíba;MG;2015;18.288;4.695
313507;Jampruca;MG;2015;;
313510;Janaúba;MG;2015;61.985;15.997
313520;Januária;MG;2015;33.868;7.951
313530;Japaraíba;MG;2015;2.723;2.550
313535;Japonvar;MG;2015;2.430;
313540;Jeceaba;MG;2015;4.520;4.167
313545;Jenipapo de Minas;MG;2015;6.132;2.782
313550;Jequeri;MG;2015;6.500;6.500
313560;Jequitaí;MG;2015;4.613;
313570;Jequitibá;MG;2015;1.694;1.590
313580;Jequitinhonha;MG;2015;18.745;11.822
313590;Jesuânia;MG;2015;3.179;3.179
313600;Joaíma;MG;2015;10.646;7.721
313610;Joanésia;MG;2015;2.700;1.800
313620;João Monlevade;MG;2015;78.583;78.583
313630;João Pinheiro;MG;2015;33.020;30.268
313640;Joaquim Felício;MG;2015;2.316;
313650;Jordânia;MG;2015;6.705;10.790
313652;José Gonçalves de Minas;MG;2015;2.040;3.501
313657;Josenópolis;MG;2015;3.661;1.991
313655;José Raydan;MG;2015;1.717;
313665;Juatuba;MG;2015;23.726;7.478
313670;Juiz de Fora;MG;2015;532.176;526.021
313680;Juramento;MG;2015;2.289;1.621
313690;Juruaia;MG;2015;4.947;
313695;Juvenília;MG;2015;3.141;82
313700;Ladainha;MG;2015;8.288;5.414
313710;Lagamar;MG;2015;4.471;7.799
313720;Lagoa da Prata;MG;2015;49.628;49.351
313730;Lagoa dos Patos;MG;2015;2.661;1.740
313740;Lagoa Dourada;MG;2015;7.272;9.386
313750;Lagoa Formosa;MG;2015;15.716;14.996
313753;Lagoa Grande;MG;2015;6.288;9.000
313760;Lagoa Santa;MG;2015;52.209;22.924
313770;Lajinha;MG;2015;12.658;8.991
313780;Lambari;MG;2015;15.740;13.913
313790;Lamim;MG;2015;;
313800;Laranjal;MG;2015;4.371;5.150
313810;Lassance;MG;2015;6.663;
313820;Lavras;MG;2015;89.107;83.895
313830;Leandro Ferreira;MG;2015;2.057;1.764
313835;Leme do Prado;MG;2015;2.802;2.437
313840;Leopoldina;MG;2015;39.988;
313850;Liberdade;MG;2015;3.869;
313860;Lima Duarte;MG;2015;16.786;12.851
313862;Limeira do Oeste;MG;2015;5.258;3.972
313865;Lontra;MG;2015;4.622;686
313867;Luisburgo;MG;2015;1.887;1.887
313868;Luislândia;MG;2015;3.055;
313870;Luminárias;MG;2015;;
313880;Luz;MG;2015;15.538;18.200
313890;Machacalis;MG;2015;5.542;5.942
313900;Machado;MG;2015;41.368;41.368
313910;Madre de Deus de Minas;MG;2015;3.616;4.139
313920;Malacacheta;MG;2015;11.863;8.720
313925;Mamonas;MG;2015;;
313930;Manga;MG;2015;12.034;223
313940;Manhuaçu;MG;2015;85.909;85.909
313950;Manhumirim;MG;2015;17.277;17.227
313960;Mantena;MG;2015;27.112;21.811
313970;Maravilhas;MG;2015;5.144;5.293
313980;Mar de Espanha;MG;2015;10.124;12.572
313990;Maria da Fé;MG;2015;7.800;14.518
314000;Mariana;MG;2015;58.802;47.041
314010;Marilac;MG;2015;2.989;3.390
314015;Mário Campos;MG;2015;13.810;6.100
314020;Maripá de Minas;MG;2015;2.280;2.051
314030;Marliéria;MG;2015;4.121;3.780
314040;Marmelópolis;MG;2015;2.700;2.100
314050;Martinho Campos;MG;2015;10.989;5.424
314053;Martins Soares;MG;2015;1.934;
314055;Mata Verde;MG;2015;6.835;6.809
314060;Materlândia;MG;2015;1.961;
314070;Mateus Leme;MG;2015;21.670;11.642
317150;Mathias Lobato;MG;2015;2.534;
314080;Matias Barbosa;MG;2015;13.199;
314085;Matias Cardoso;MG;2015;5.103;
314090;Matipó;MG;2015;13.740;
314100;Mato Verde;MG;2015;9.616;
314110;Matozinhos;MG;2015;31.003;21.397
314120;Matutina;MG;2015;2.688;2.757
314130;Medeiros;MG;2015;2.089;
314140;Medina;MG;2015;15.065;12.563
314150;Mendes Pimentel;MG;2015;3.569;
314160;Mercês;MG;2015;7.140;
314170;Mesquita;MG;2015;5.963;3.752
314180;Minas Novas;MG;2015;16.281;7.382
314190;Minduri;MG;2015;3.112;3.506
314200;Mirabela;MG;2015;8.345;3.384
314210;Miradouro;MG;2015;5.614;
314220;Miraí;MG;2015;10.008;
314225;Miravânia;MG;2015;1.146;
314230;Moeda;MG;2015;1.793;
314240;Moema;MG;2015;;
314250;Monjolos;MG;2015;645;
314260;Monsenhor Paulo;MG;2015;6.439;
314270;Montalvânia;MG;2015;8.578;273
314280;Monte Alegre de Minas;MG;2015;;
314290;Monte Azul;MG;2015;12.416;205
314300;Monte Belo;MG;2015;7.998;
314310;Monte Carmelo;MG;2015;46.078;40.111
314315;Monte Formoso;MG;2015;3.496;1.762
314320;Monte Santo de Minas;MG;2015;16.120;
314330;Montes Claros;MG;2015;332.006;326.931
314340;Monte Sião;MG;2015;17.630;16.912
314345;Montezuma;MG;2015;3.061;
314350;Morada Nova de Minas;MG;2015;6.345;2.145
314360;Morro da Garça;MG;2015;1.417;
314370;Morro do Pilar;MG;2015;2.100;
314380;Munhoz;MG;2015;3.238;
314390;Muriaé;MG;2015;107.263;107.263
314400;Mutum;MG;2015;11.343;6.809
314410;Muzambinho;MG;2015;15.545;
314420;Nacip Raydan;MG;2015;1.792;3.266
314430;Nanuque;MG;2015;34.162;26.432
314435;Naque;MG;2015;5.827;
314437;Natalândia;MG;2015;;
314440;Natércia;MG;2015;2.822;2.155
314450;Nazareno;MG;2015;5.544;6.420
314460;Nepomuceno;MG;2015;24.800;24.000
314465;Ninheira;MG;2015;2.753;
314467;Nova Belém;MG;2015;1.350;1.244
314470;Nova Era;MG;2015;;
314480;Nova Lima;MG;2015;84.110;16.483
314490;Nova Módica;MG;2015;2.190;1.664
314500;Nova Ponte;MG;2015;12.425;12.425
314505;Nova Porteirinha;MG;2015;4.200;1.893
314510;Nova Resende;MG;2015;8.743;
314520;Nova Serrana;MG;2015;74.900;71.894
313660;Nova União;MG;2015;2.988;3.467
314530;Novo Cruzeiro;MG;2015;12.482;7.749
314535;Novo Oriente de Minas;MG;2015;6.632;6.510
314537;Novorizonte;MG;2015;5.013;1.151
314540;Olaria;MG;2015;1.913;1.913
314545;Olhos-D ÁGUA;MG;2015;;
314550;Olímpio Noronha;MG;2015;2.398;2.398
314560;Oliveira;MG;2015;37.364;37.364
314570;Oliveira Fortes;MG;2015;1.209;
314580;Onça de Pitangui;MG;2015;1.484;1.581
314585;Oratórios;MG;2015;;
314587;Orizânia;MG;2015;2.327;
314590;Ouro Branco;MG;2015;33.758;31.636
314600;Ouro Fino;MG;2015;33.064;33.064
314610;Ouro Preto;MG;2015;70.568;47.340
314620;Ouro Verde de Minas;MG;2015;3.505;
314625;Padre Carvalho;MG;2015;4.907;519
314630;Padre Paraíso;MG;2015;10.793;
314640;Paineiras;MG;2015;3.374;
314650;Pains;MG;2015;7.803;6.793
314655;Pai Pedro;MG;2015;1.564;
314660;Paiva;MG;2015;;
314670;Palma;MG;2015;4.809;
314675;Palmópolis;MG;2015;4.147;3.900
314690;Papagaios;MG;2015;15.274;12.844
314700;Paracatu;MG;2015;71.746;63.656
314710;Pará de Minas;MG;2015;86.940;82.364
314720;Paraguaçu;MG;2015;19.113;19.000
314730;Paraisópolis;MG;2015;20.710;20.710
314740;Paraopeba;MG;2015;19.500;20.900
314750;Passabém;MG;2015;963;368
314760;Passa Quatro;MG;2015;13.943;13.943
314770;Passa Tempo;MG;2015;6.134;6.277
314780;Passa-Vinte;MG;2015;;
314790;Passos;MG;2015;107.216;106.540
314795;Patis;MG;2015;2.146;
314800;Patos de Minas;MG;2015;133.584;131.829
314810;Patrocínio;MG;2015;88.648;78.208
314820;Patrocínio do Muriaé;MG;2015;4.577;4.980
314830;Paula Cândido;MG;2015;5.140;
314840;Paulistas;MG;2015;2.341;2.350
314850;Pavão;MG;2015;6.118;5.170
314860;Peçanha;MG;2015;8.323;17.836
314870;Pedra Azul;MG;2015;18.867;16.756
314875;Pedra Bonita;MG;2015;2.750;7.051
314880;Pedra do Anta;MG;2015;2.066;
314890;Pedra do Indaiá;MG;2015;2.049;
314900;Pedra Dourada;MG;2015;;
314910;Pedralva;MG;2015;5.304;4.836
314915;Pedras de Maria da Cruz;MG;2015;5.850;
314920;Pedrinópolis;MG;2015;2.773;3.061
314930;Pedro Leopoldo;MG;2015;53.534;31.482
314940;Pedro Teixeira;MG;2015;;
314950;Pequeri;MG;2015;2.803;3.022
314960;Pequi;MG;2015;;
314970;Perdigão;MG;2015;8.991;8.772
314980;Perdizes;MG;2015;10.322;13.912
314990;Perdões;MG;2015;17.385;15.367
314995;Periquito;MG;2015;4.951;7.036
315000;Pescador;MG;2015;3.325;3.905
315010;Piau;MG;2015;2.205;860
315015;Piedade de Caratinga;MG;2015;4.620;
315020;Piedade de Ponte Nova;MG;2015;3.142;
315030;Piedade do Rio Grande;MG;2015;3.145;4.696
315040;Piedade dos Gerais;MG;2015;2.253;
315050;Pimenta;MG;2015;8.150;7.300
315053;Pingo-D ÁGUA;MG;2015;3.977;
315057;Pintópolis;MG;2015;2.389;
315060;Piracema;MG;2015;6.570;3.112
315070;Pirajuba;MG;2015;4.348;5.396
315080;Piranga;MG;2015;5.416;6.012
315090;Piranguçu;MG;2015;1.860;
315100;Piranguinho;MG;2015;5.255;5.255
315110;Pirapetinga;MG;2015;7.937;7.329
315120;Pirapora;MG;2015;55.193;30.350
315130;Piraúba;MG;2015;8.074;9.075
315140;Pitangui;MG;2015;22.176;26.920
315150;Piumhi;MG;2015;30.528;30.528
315160;Planura;MG;2015;10.941;11.050
315170;Poço Fundo;MG;2015;8.615;9.756
315180;Poços de Caldas;MG;2015;163.677;163.677
315190;Pocrane;MG;2015;8.940;2.235
315200;Pompéu;MG;2015;24.404;27.573
315210;Ponte Nova;MG;2015;60.005;60.005
315213;Ponto Chique;MG;2015;2.292;
315217;Ponto dos Volantes;MG;2015;7.254;
315220;Porteirinha;MG;2015;19.900;6.439
315230;Porto Firme;MG;2015;5.151;
315240;Poté;MG;2015;9.313;6.732
315250;Pouso Alegre;MG;2015;125.440;123.766
315260;Pouso Alto;MG;2015;;
315270;Prados;MG;2015;6.310;5.863
315280;Prata;MG;2015;18.674;21.000
315290;Pratápolis;MG;2015;7.000;6.819
315300;Pratinha;MG;2015;1.779;1.779
315310;Presidente Bernardes;MG;2015;1.659;1.429
315320;Presidente Juscelino;MG;2015;1.830;1.830
315330;Presidente Kubitschek;MG;2015;2.083;3.056
315340;Presidente Olegário;MG;2015;13.561;
315360;Prudente de Morais;MG;2015;9.527;3.153
315370;Quartel Geral;MG;2015;2.553;
315380;Queluzito;MG;2015;;
315390;Raposos;MG;2015;14.055;11.395
315400;Raul Soares;MG;2015;20.531;16.210
315410;Recreio;MG;2015;10.651;9.073
315415;Reduto;MG;2015;5.500;3.900
315420;Resende Costa;MG;2015;8.337;
315430;Resplendor;MG;2015;10.897;8.366
315440;Ressaquinha;MG;2015;3.102;2.220
315445;Riachinho;MG;2015;4.229;
315450;Riacho dos Machados;MG;2015;3.719;2.449
315460;Ribeirão das Neves;MG;2015;278.512;215.232
315470;Ribeirão Vermelho;MG;2015;3.574;4.026
315480;Rio Acima;MG;2015;;
315490;Rio Casca;MG;2015;9.864;8.060
315500;Rio Doce;MG;2015;2.588;2.360
315510;Rio do Prado;MG;2015;4.752;2.390
315520;Rio Espera;MG;2015;1.683;
315530;Rio Manso;MG;2015;3.027;
315540;Rio Novo;MG;2015;6.707;
315550;Rio Paranaíba;MG;2015;7.603;
315560;Rio Pardo de Minas;MG;2015;10.725;3.046
315570;Rio Piracicaba;MG;2015;10.641;11.633
315580;Rio Pomba;MG;2015;14.284;15.154
315590;Rio Preto;MG;2015;;
315600;Rio Vermelho;MG;2015;4.829;
315610;Ritápolis;MG;2015;3.294;
315620;Rochedo de Minas;MG;2015;2.126;2.126
315630;Rodeiro;MG;2015;6.192;7.653
315640;Romaria;MG;2015;;
315645;Rosário da Limeira;MG;2015;2.446;
315650;Rubelita;MG;2015;6.398;2.037
315660;Rubim;MG;2015;6.738;
315670;Sabará;MG;2015;115.966;87.815
315680;Sabinópolis;MG;2015;10.081;8.600
315690;Sacramento;MG;2015;25.630;25.373
315700;Salinas;MG;2015;38.487;26.436
315710;Salto da Divisa;MG;2015;5.539;
315720;Santa Bárbara;MG;2015;21.970;26.235
315725;Santa Bárbara do Leste;MG;2015;3.940;
315727;Santa Bárbara do Monte Verde;MG;2015;;
315730;Santa Bárbara do Tugúrio;MG;2015;2.048;
315733;Santa Cruz de Minas;MG;2015;;
315737;Santa Cruz de Salinas;MG;2015;2.674;2.026
315740;Santa Cruz do Escalvado;MG;2015;1.283;2.600
315750;Santa Efigênia de Minas;MG;2015;2.480;
315760;Santa Fé de Minas;MG;2015;1.890;
315765;Santa Helena de Minas;MG;2015;3.938;3.424
315770;Santa Juliana;MG;2015;10.527;12.710
315780;Santa Luzia;MG;2015;182.925;145.145
315790;Santa Margarida;MG;2015;7.679;4.000
315800;Santa Maria de Itabira;MG;2015;5.853;8.834
315810;Santa Maria do Salto;MG;2015;3.819;3.509
315820;Santa Maria do Suaçuí;MG;2015;9.038;6.445
315830;Santana da Vargem;MG;2015;5.357;5.266
315840;Santana de Cataguases;MG;2015;2.823;
315850;Santana de Pirapama;MG;2015;3.341;3.100
315860;Santana do Deserto;MG;2015;2.918;
315870;Santana do Garambéu;MG;2015;1.400;1.300
315880;Santana do Jacaré;MG;2015;4.164;
315890;Santana do Manhuaçu;MG;2015;3.494;
315895;Santana do Paraíso;MG;2015;29.269;29.269
315900;Santana do Riacho;MG;2015;4.258;
315910;Santana dos Montes;MG;2015;;
315920;Santa Rita de Caldas;MG;2015;5.326;4.384
315940;Santa Rita de Ibitipoca;MG;2015;1.580;
315930;Santa Rita de Jacutinga;MG;2015;5.065;5.065
315935;Santa Rita de Minas;MG;2015;4.787;
315950;Santa Rita do Itueto;MG;2015;2.153;
315960;Santa Rita do Sapucaí;MG;2015;34.152;32.332
315970;Santa Rosa da Serra;MG;2015;2.061;
315980;Santa Vitória;MG;2015;15.955;15.560
315990;Santo Antônio do Amparo;MG;2015;14.630;
316000;Santo Antônio do Aventureiro;MG;2015;3.659;430
316010;Santo Antônio do Grama;MG;2015;3.316;
316020;Santo Antônio do Itambé;MG;2015;4.093;4.093
316030;Santo Antônio do Jacinto;MG;2015;5.853;
316040;Santo Antônio do Monte;MG;2015;22.868;21.844
316045;Santo Antônio do Retiro;MG;2015;1.565;1.378
316050;Santo Antônio do Rio Abaixo;MG;2015;855;120
316060;Santo Hipólito;MG;2015;1.979;
316070;Santos Dumont;MG;2015;36.434;25.842
316080;São Bento Abade;MG;2015;4.323;
316090;São Brás do Suaçuí;MG;2015;3.215;
316095;São Domingos das Dores;MG;2015;2.171;
316100;São Domingos do Prata;MG;2015;9.153;10.776
316105;São Félix de Minas;MG;2015;2.138;
316110;São Francisco;MG;2015;31.619;15.807
316120;São Francisco de Paula;MG;2015;4.576;6.670
316130;São Francisco de Sales;MG;2015;4.109;5.580
316140;São Francisco do Glória;MG;2015;;
316150;São Geraldo;MG;2015;6.835;
316160;São Geraldo da Piedade;MG;2015;3.920;3.434
316165;São Geraldo do Baixio;MG;2015;2.684;2.597
316170;São Gonçalo do Abaeté;MG;2015;3.866;3.239
316180;São Gonçalo do Pará;MG;2015;7.882;11.072
316190;São Gonçalo do Rio Abaixo;MG;2015;10.165;10.165
312550;São Gonçalo do Rio Preto;MG;2015;2.030;
316200;São Gonçalo do Sapucaí;MG;2015;18.305;
316210;São Gotardo;MG;2015;31.147;27.568
316220;São João Batista do Glória;MG;2015;5.956;5.840
316225;São João da Lagoa;MG;2015;;
316230;São João da Mata;MG;2015;1.810;1.810
316240;São João da Ponte;MG;2015;6.344;1.064
316245;São João das Missões;MG;2015;2.337;
316250;São João del Rei;MG;2015;87.167;80.229
316255;São João do Manhuaçu;MG;2015;4.676;4.378
316257;São João do Manteninha;MG;2015;2.736;2.704
316260;São João do Oriente;MG;2015;5.101;
316265;São João do Pacuí;MG;2015;4.339;
316270;São João do Paraíso;MG;2015;10.789;5.305
316280;São João Evangelista;MG;2015;10.436;
316290;São João Nepomuceno;MG;2015;21.188;
316292;São Joaquim de Bicas;MG;2015;20.878;7.823
316294;São José da Barra;MG;2015;5.016;7.270
316295;São José da Lapa;MG;2015;12.815;10.926
316300;São José da Safira;MG;2015;2.516;
316310;São José da Varginha;MG;2015;4.630;1.600
316320;São José do Alegre;MG;2015;3.047;
316330;São José do Divino;MG;2015;3.114;2.610
316340;São José do Goiabal;MG;2015;3.587;
316350;São José do Jacuri;MG;2015;1.901;1.616
316360;São José do Mantimento;MG;2015;1.474;
316370;São Lourenço;MG;2015;44.417;43.973
316380;São Miguel do Anta;MG;2015;3.653;
316390;São Pedro da União;MG;2015;2.696;
316400;São Pedro dos Ferros;MG;2015;5.343;
316410;São Pedro do Suaçuí;MG;2015;2.295;
316420;São Romão;MG;2015;5.363;2.600
316430;São Roque de Minas;MG;2015;4.017;3.634
316440;São Sebastião da Bela Vista;MG;2015;5.348;5.348
316443;São Sebastião da Vargem Alegre;MG;2015;1.703;
316447;São Sebastião do Anta;MG;2015;3.619;
316450;São Sebastião do Maranhão;MG;2015;2.442;1.922
316460;São Sebastião do Oeste;MG;2015;3.597;3.821
316470;São Sebastião do Paraíso;MG;2015;60.648;58.108
316480;São Sebastião do Rio Preto;MG;2015;873;
316490;São Sebastião do Rio Verde;MG;2015;1.388;1.388
316520;São Thomé das Letras;MG;2015;4.078;4.070
316500;São Tiago;MG;2015;8.261;5.267
316510;São Tomás de Aquino;MG;2015;5.251;5.635
316530;São Vicente de Minas;MG;2015;5.929;7.200
316540;Sapucaí-Mirim;MG;2015;3.909;3.383
316550;Sardoá;MG;2015;2.141;
316553;Sarzedo;MG;2015;27.874;23.633
316556;Sem-Peixe;MG;2015;1.582;1.582
316557;Senador Amaral;MG;2015;3.086;5.200
316560;Senador Cortes;MG;2015;1.545;1.545
316570;Senador Firmino;MG;2015;4.987;4.000
316580;Senador José Bento;MG;2015;;
316590;Senador Modestino Gonçalves;MG;2015;1.768;
316600;Senhora de Oliveira;MG;2015;3.870;3.364
316610;Senhora do Porto;MG;2015;1.324;
316620;Senhora dos Remédios;MG;2015;;
316630;Sericita;MG;2015;3.726;7.406
316640;Seritinga;MG;2015;1.546;1.546
316650;Serra Azul de Minas;MG;2015;1.522;1.129
316660;Serra da Saudade;MG;2015;522;439
316670;Serra dos Aimorés;MG;2015;6.946;2.652
316680;Serra do Salitre;MG;2015;7.223;8.000
316690;Serrania;MG;2015;6.280;5.437
316695;Serranópolis de Minas;MG;2015;1.840;
316700;Serranos;MG;2015;;
316710;Serro;MG;2015;12.173;7.520
316720;Sete Lagoas;MG;2015;229.786;221.892
316555;Setubinha;MG;2015;3.656;230
316730;Silveirânia;MG;2015;1.463;
316740;Silvianópolis;MG;2015;;
316750;Simão Pereira;MG;2015;1.550;1.550
316760;Simonésia;MG;2015;5.642;8.520
316770;Sobrália;MG;2015;3.092;
316780;Soledade de Minas;MG;2015;;
316790;Tabuleiro;MG;2015;2.486;
316800;Taiobeiras;MG;2015;24.527;8.961
316805;Taparuba;MG;2015;1.436;1.410
316810;Tapira;MG;2015;2.780;
316820;Tapiraí;MG;2015;1.014;
316830;Taquaraçu de Minas;MG;2015;2.448;820
316840;Tarumirim;MG;2015;7.269;6.586
316850;Teixeiras;MG;2015;7.441;
316860;Teófilo Otoni;MG;2015;103.003;85.623
316870;Timóteo;MG;2015;76.572;71.781
316880;Tiradentes;MG;2015;5.205;3.903
316890;Tiros;MG;2015;4.561;4.815
316900;Tocantins;MG;2015;14.716;13.800
316905;Tocos do Moji;MG;2015;2.030;2.030
316910;Toledo;MG;2015;2.338;
316920;Tombos;MG;2015;7.602;7.500
316930;Três Corações;MG;2015;64.163;60.017
316935;Três Marias;MG;2015;26.529;20.364
316940;Três Pontas;MG;2015;50.419;50.310
316950;Tumiritinga;MG;2015;4.002;
316960;Tupaciguara;MG;2015;25.357;23.050
316970;Turmalina;MG;2015;15.067;10.026
316980;Turvolândia;MG;2015;2.768;2.910
316990;Ubá;MG;2015;93.402;106.766
317000;Ubaí;MG;2015;4.248;
317005;Ubaporanga;MG;2015;5.358;
317010;Uberaba;MG;2015;318.904;315.683
317020;Uberlândia;MG;2015;662.362;643.997
317030;Umburatiba;MG;2015;2.050;
317040;Unaí;MG;2015;69.814;60.087
317043;União de Minas;MG;2015;2.320;2.345
317047;Uruana de Minas;MG;2015;3.336;
317050;Urucânia;MG;2015;7.590;
317052;Urucuia;MG;2015;5.978;
317057;Vargem Alegre;MG;2015;4.513;4.899
317060;Vargem Bonita;MG;2015;1.596;1.550
317065;Vargem Grande do Rio Pardo;MG;2015;2.552;
317070;Varginha;MG;2015;120.450;117.898
317075;Varjão de Minas;MG;2015;5.597;
317080;Várzea da Palma;MG;2015;29.342;6.861
317090;Varzelândia;MG;2015;9.057;1.273
317100;Vazante;MG;2015;16.045;14.356
317103;Verdelândia;MG;2015;4.967;
317107;Veredinha;MG;2015;4.851;4.303
317110;Veríssimo;MG;2015;2.100;
317115;Vermelho Novo;MG;2015;1.920;1.890
317120;Vespasiano;MG;2015;104.487;83.316
317130;Viçosa;MG;2015;74.225;68.040
317140;Vieiras;MG;2015;1.840;1.870
317160;Virgem da Lapa;MG;2015;8.889;
317170;Virgínia;MG;2015;;
317180;Virginópolis;MG;2015;6.348;6.092
317190;Virgolândia;MG;2015;3.283;
317200;Visconde do Rio Branco;MG;2015;31.639;
317210;Volta Grande;MG;2015;3.251;5.200
317220;Wenceslau Braz;MG;2015;1.156;
500020;Água Clara;MS;2015;9.535;
500025;Alcinópolis;MS;2015;3.423;
500060;Amambaí;MS;2015;23.976;6.977
500070;Anastácio;MS;2015;20.224;3.289
500080;Anaurilândia;MS;2015;4.456;
500085;Angélica;MS;2015;8.413;1.183
500090;Antônio João;MS;2015;7.148;426
500100;Aparecida do Taboado;MS;2015;21.761;3.750
500110;Aquidauana;MS;2015;36.774;5.468
500124;Aral Moreira;MS;2015;5.897;
500150;Bandeirantes;MS;2015;6.000;
500190;Bataguassu;MS;2015;16.559;856
500200;Batayporã;MS;2015;8.453;
500210;Bela Vista;MS;2015;19.688;7.608
500215;Bodoquena;MS;2015;5.657;5.657
500220;Bonito;MS;2015;17.189;17.189
500230;Brasilândia;MS;2015;7.984;7.100
500240;Caarapó;MS;2015;20.004;4.722
500260;Camapuã;MS;2015;9.774;8.056
500270;Campo Grande;MS;2015;852.512;649.108
500280;Caracol;MS;2015;3.467;514
500290;Cassilândia;MS;2015;;
500295;Chapadão do Sul;MS;2015;19.122;6.735
500310;Corguinho;MS;2015;5.513;
500315;Coronel Sapucaia;MS;2015;10.645;2.750
500320;Corumbá;MS;2015;96.936;49.379
500325;Costa Rica;MS;2015;19.508;14.100
500330;Coxim;MS;2015;29.733;3.208
500345;Deodápolis;MS;2015;10.365;
500348;Dois Irmãos do Buriti;MS;2015;4.928;
500350;Douradina;MS;2015;3.471;
500370;Dourados;MS;2015;194.584;120.288
500375;Eldorado;MS;2015;9.598;2.828
500380;Fátima do Sul;MS;2015;16.961;2.227
500390;Figueirão;MS;2015;1.558;
500400;Glória de Dourados;MS;2015;9.992;
500410;Guia Lopes da Laguna;MS;2015;8.504;
500430;Iguatemi;MS;2015;11.454;1.893
500440;Inocência;MS;2015;4.819;
500450;Itaporã;MS;2015;14.438;1.381
500460;Itaquiraí;MS;2015;8.150;
500470;Ivinhema;MS;2015;17.551;
500480;Japorã;MS;2015;1.535;
500490;Jaraguari;MS;2015;2.845;
500500;Jardim;MS;2015;23.556;3.824
500510;Jateí;MS;2015;1.865;1.344
500515;Juti;MS;2015;4.214;1.205
500520;Ladário;MS;2015;20.505;3.324
500525;Laguna Carapã;MS;2015;2.929;
500540;Maracaju;MS;2015;36.740;6.836
500560;Miranda;MS;2015;16.320;7.544
500568;Mundo Novo;MS;2015;15.865;
500570;Naviraí;MS;2015;47.097;11.527
500580;Nioaque;MS;2015;6.910;2.990
500600;Nova Alvorada do Sul;MS;2015;14.550;
500620;Nova Andradina;MS;2015;42.869;4.551
500625;Novo Horizonte do Sul;MS;2015;2.296;
500627;Paraíso das Águas;MS;2015;4.942;
500630;Paranaíba;MS;2015;36.534;20.566
500635;Paranhos;MS;2015;6.775;3.903
500640;Pedro Gomes;MS;2015;5.954;728
500660;Ponta Porã;MS;2015;68.426;26.866
500690;Porto Murtinho;MS;2015;10.698;10.443
500710;Ribas do Rio Pardo;MS;2015;14.197;4.729
500720;Rio Brilhante;MS;2015;27.572;2.487
500730;Rio Negro;MS;2015;3.537;
500740;Rio Verde de Mato Grosso;MS;2015;16.622;1.242
500750;Rochedo;MS;2015;;
500755;Santa Rita do Pardo;MS;2015;3.666;507
500769;São Gabriel do Oeste;MS;2015;24.982;13.930
500780;Selvíria;MS;2015;4.851;
500770;Sete Quedas;MS;2015;8.927;
500790;Sidrolândia;MS;2015;33.401;
500793;Sonora;MS;2015;14.827;
500795;Tacuru;MS;2015;4.028;2.743
500797;Taquarussu;MS;2015;2.465;
500800;Terenos;MS;2015;8.365;
500830;Três Lagoas;MS;2015;107.265;62.538
500840;Vicentina;MS;2015;4.291;
510010;Acorizal;MT;2015;;
510020;Água Boa;MT;2015;18.000;420
510025;Alta Floresta;MT;2015;43.437;20.575
510030;Alto Araguaia;MT;2015;17.116;926
510035;Alto Boa Vista;MT;2015;3.622;
510040;Alto Garças;MT;2015;;
510050;Alto Paraguai;MT;2015;;
510060;Alto Taquari;MT;2015;9.674;
510080;Apiacás;MT;2015;3.900;
510100;Araguaiana;MT;2015;2.885;
510120;Araguainha;MT;2015;;
510125;Araputanga;MT;2015;15.387;
510130;Arenápolis;MT;2015;9.167;
510140;Aripuanã;MT;2015;14.121;406
510160;Barão de Melgaço;MT;2015;;
510170;Barra do Bugres;MT;2015;27.396;7.588
510180;Barra do Garças;MT;2015;58.398;31.491
510185;Bom Jesus do Araguaia;MT;2015;;
510190;Brasnorte;MT;2015;11.679;
510250;Cáceres;MT;2015;76.230;4.656
510260;Campinápolis;MT;2015;5.786;
510263;Campo Novo do Parecis;MT;2015;29.673;
510268;Campos de Júlio;MT;2015;4.794;
510267;Campo Verde;MT;2015;34.364;9.513
510269;Canabrava do Norte;MT;2015;;
510270;Canarana;MT;2015;15.953;
510279;Carlinda;MT;2015;5.777;
510285;Castanheira;MT;2015;8.379;
510300;Chapada dos Guimarães;MT;2015;;
510305;Cláudia;MT;2015;8.903;7.077
510310;Cocalinho;MT;2015;1.968;
510320;Colíder;MT;2015;25.932;12.115
510325;Colniza;MT;2015;10.800;
510330;Comodoro;MT;2015;13.522;
510335;Confresa;MT;2015;15.996;
510336;Conquista D Oeste;MT;2015;2.737;
510337;Cotriguaçu;MT;2015;;
510340;Cuiabá;MT;2015;569.657;283.437
510343;Curvelândia;MT;2015;;
510345;Denise;MT;2015;;
510350;Diamantino;MT;2015;18.937;3.307
510360;Dom Aquino;MT;2015;6.959;184
510370;Feliz Natal;MT;2015;8.400;
510380;Figueirópolis D Oeste;MT;2015;;
510385;Gaúcha do Norte;MT;2015;6.508;
510390;General Carneiro;MT;2015;5.021;
510395;Glória D Oeste;MT;2015;;
510410;Guarantã do Norte;MT;2015;25.253;2.172
510420;Guiratinga;MT;2015;14.061;
510450;Indiavaí;MT;2015;2.430;
510452;Ipiranga do Norte;MT;2015;6.629;
510454;Itanhangá;MT;2015;5.000;
510455;Itaúba;MT;2015;3.500;
510460;Itiquira;MT;2015;12.472;
510480;Jaciara;MT;2015;26.401;
510490;Jangada;MT;2015;4.290;
510500;Jauru;MT;2015;6.934;
510510;Juara;MT;2015;26.670;12.270
510515;Juína;MT;2015;31.012;2.140
510517;Juruena;MT;2015;8.158;
510520;Juscimeira;MT;2015;9.125;410
510523;Lambari D Oeste;MT;2015;3.074;
510525;Lucas do Rio Verde;MT;2015;53.386;18.183
510530;Luciára;MT;2015;;
510558;Marcelândia;MT;2015;9.174;
510560;Matupá;MT;2015;13.988;
510562;Mirassol D Oeste;MT;2015;21.416;7.653
510590;Nobres;MT;2015;;
510600;Nortelândia;MT;2015;5.768;
510610;Nossa Senhora do Livramento;MT;2015;6.115;
510615;Nova Bandeirantes;MT;2015;9.300;
510620;Nova Brasilândia;MT;2015;4.029;
510621;Nova Canaã do Norte;MT;2015;;
510880;Nova Guarita;MT;2015;3.032;
510618;Nova Lacerda;MT;2015;3.100;
510885;Nova Marilândia;MT;2015;1.990;
510890;Nova Maringá;MT;2015;4.850;
510895;Nova Monte Verde;MT;2015;250;
510622;Nova Mutum;MT;2015;37.712;
510617;Nova Nazaré;MT;2015;;
510623;Nova Olímpia;MT;2015;17.714;
510619;Nova Santa Helena;MT;2015;2.786;
510624;Nova Ubiratã;MT;2015;;
510625;Nova Xavantina;MT;2015;20.386;8.401
510627;Novo Horizonte do Norte;MT;2015;2.379;
510626;Novo Mundo;MT;2015;3.289;
510631;Novo Santo Antônio;MT;2015;;
510628;Novo São Joaquim;MT;2015;4.980;
510629;Paranaíta;MT;2015;6.350;
510630;Paranatinga;MT;2015;16.596;
510637;Pedra Preta;MT;2015;15.662;7.247
510642;Peixoto de Azevedo;MT;2015;22.043;
510645;Planalto da Serra;MT;2015;;
510650;Poconé;MT;2015;23.852;
510665;Pontal do Araguaia;MT;2015;;
510670;Ponte Branca;MT;2015;;
510675;Pontes e Lacerda;MT;2015;36.191;28.667
510677;Porto Alegre do Norte;MT;2015;;
510680;Porto dos Gaúchos;MT;2015;4.932;
510682;Porto Esperidião;MT;2015;5.734;1.701
510685;Porto Estrela;MT;2015;;
510700;Poxoréo;MT;2015;;
510704;Primavera do Leste;MT;2015;57.423;38.573
510706;Querência;MT;2015;11.342;
510715;Reserva do Cabaçal;MT;2015;;
510718;Ribeirão Cascalheira;MT;2015;6.469;
510719;Ribeirãozinho;MT;2015;;
510720;Rio Branco;MT;2015;4.100;
510757;Rondolândia;MT;2015;;
510760;Rondonópolis;MT;2015;215.320;144.767
510770;Rosário Oeste;MT;2015;;
510775;Salto do Céu;MT;2015;1.957;
510724;Santa Carmem;MT;2015;3.893;
510774;Santa Cruz do Xingu;MT;2015;2.284;
510776;Santa Rita do Trivelato;MT;2015;1.666;
510777;Santa Terezinha;MT;2015;;
510726;Santo Afonso;MT;2015;;
510779;Santo Antônio do Leste;MT;2015;2.310;
510780;Santo Antônio do Leverger;MT;2015;;
510785;São Félix do Araguaia;MT;2015;7.614;
510729;São José do Povo;MT;2015;3.300;
510730;São José do Rio Claro;MT;2015;15.590;
510710;São José dos Quatro Marcos;MT;2015;14.076;2.650
510735;São José do Xingu;MT;2015;;
510740;São Pedro da Cipa;MT;2015;;
510787;Sapezal;MT;2015;18.414;
510788;Serra Nova Dourada;MT;2015;;
510790;Sinop;MT;2015;129.916;
510792;Sorriso;MT;2015;80.298;13.510
510794;Tabaporã;MT;2015;8.360;
510795;Tangará da Serra;MT;2015;93.400;23.680
510800;Tapurah;MT;2015;9.628;
510805;Terra Nova do Norte;MT;2015;7.810;
510810;Tesouro;MT;2015;;
510820;Torixoréu;MT;2015;;
510830;União do Sul;MT;2015;2.543;
510835;Vale de São Domingos;MT;2015;;
510840;Várzea Grande;MT;2015;260.459;73.324
510850;Vera;MT;2015;8.294;
510550;Vila Bela da Santíssima Trindade;MT;2015;5.332;
510860;Vila Rica;MT;2015;6.570;
150010;Abaetetuba;PA;2015;23.166;
150013;Abel Figueiredo;PA;2015;7.052;
150020;Acará;PA;2015;12.738;
150030;Afuá;PA;2015;4.651;
150034;Água Azul do Norte;PA;2015;;
150040;Alenquer;PA;2015;9.778;
150050;Almeirim;PA;2015;;
150060;Altamira;PA;2015;15.960;
150070;Anajás;PA;2015;1.993;
150080;Ananindeua;PA;2015;145.599;10.576
150085;Anapu;PA;2015;;
150090;Augusto Corrêa;PA;2015;2.357;
150095;Aurora do Pará;PA;2015;;
150100;Aveiro;PA;2015;;
150110;Bagre;PA;2015;;
150120;Baião;PA;2015;32.000;
150125;Bannach;PA;2015;;
150130;Barcarena;PA;2015;24.494;12.000
150140;Belém;PA;2015;1.402.645;184.259
150145;Belterra;PA;2015;;
150150;Benevides;PA;2015;;
150157;Bom Jesus do Tocantins;PA;2015;12.074;
150160;Bonito;PA;2015;;
150170;Bragança;PA;2015;21.106;
150172;Brasil Novo;PA;2015;9.677;
150175;Brejo Grande do Araguaia;PA;2015;;
150178;Breu Branco;PA;2015;4.631;
150180;Breves;PA;2015;25.817;
150190;Bujaru;PA;2015;;
150200;Cachoeira do Arari;PA;2015;2.609;
150195;Cachoeira do Piriá;PA;2015;22.000;
150210;Cametá;PA;2015;73.216;
150215;Canaã dos Carajás;PA;2015;;
150220;Capanema;PA;2015;6.808;
150230;Capitão Poço;PA;2015;10.475;
150240;Castanhal;PA;2015;61.720;85.010
150250;Chaves;PA;2015;;
150260;Colares;PA;2015;;
150270;Conceição do Araguaia;PA;2015;23.175;
150275;Concórdia do Pará;PA;2015;14.835;
150276;Cumaru do Norte;PA;2015;;
150277;Curionópolis;PA;2015;13.494;
150280;Curralinho;PA;2015;15.843;
150285;Curuá;PA;2015;;
150290;Curuçá;PA;2015;;
150293;Dom Eliseu;PA;2015;7.548;
150295;Eldorado dos Carajás;PA;2015;12.662;
150300;Faro;PA;2015;5.302;
150304;Floresta do Araguaia;PA;2015;3.400;100
150307;Garrafão do Norte;PA;2015;18.550;
150309;Goianésia do Pará;PA;2015;;
150310;Gurupá;PA;2015;;
150320;Igarapé-Açu;PA;2015;;
150330;Igarapé-Miri;PA;2015;9.667;
150340;Inhangapi;PA;2015;2.208;
150345;Ipixuna do Pará;PA;2015;;
150350;Irituia;PA;2015;;
150360;Itaituba;PA;2015;6.854;
150370;Itupiranga;PA;2015;1.484;
150375;Jacareacanga;PA;2015;4.000;
150380;Jacundá;PA;2015;13.670;
150390;Juruti;PA;2015;;
150400;Limoeiro do Ajuru;PA;2015;5.582;
150405;Mãe do Rio;PA;2015;;
150410;Magalhães Barata;PA;2015;4.270;
150420;Marabá;PA;2015;84.996;
150430;Maracanã;PA;2015;5.000;
150440;Marapanim;PA;2015;10.198;
150442;Marituba;PA;2015;17.716;
150445;Medicilândia;PA;2015;;
150450;Melgaço;PA;2015;4.078;
150460;Mocajuba;PA;2015;11.009;
150470;Moju;PA;2015;5.943;
150475;Mojuí dos Campos;PA;2015;;
150480;Monte Alegre;PA;2015;9.565;
150490;Muaná;PA;2015;;
150495;Nova Esperança do Piriá;PA;2015;;
150497;Nova Ipixuna;PA;2015;;
150500;Nova Timboteua;PA;2015;2.893;
150503;Novo Progresso;PA;2015;18.004;
150506;Novo Repartimento;PA;2015;2.861;
150510;Óbidos;PA;2015;16.852;
150520;Oeiras do Pará;PA;2015;4.913;
150530;Oriximiná;PA;2015;60.178;
150540;Ourém;PA;2015;1.818;
150543;Ourilândia do Norte;PA;2015;30.776;
150548;Pacajá;PA;2015;21.000;21.000
150549;Palestina do Pará;PA;2015;;
150550;Paragominas;PA;2015;82.750;11.670
150553;Parauapebas;PA;2015;;
150555;Pau D Arco;PA;2015;;
150560;Peixe-Boi;PA;2015;1.744;
150563;Piçarra;PA;2015;;
150565;Placas;PA;2015;;
150570;Ponta de Pedras;PA;2015;9.252;
150580;Portel;PA;2015;1.856;
150590;Porto de Moz;PA;2015;;
150600;Prainha;PA;2015;7.711;
150610;Primavera;PA;2015;;
150611;Quatipuru;PA;2015;;
150613;Redenção;PA;2015;35.664;
150616;Rio Maria;PA;2015;;
150618;Rondon do Pará;PA;2015;;
150619;Rurópolis;PA;2015;45.595;
150620;Salinópolis;PA;2015;28.554;
150630;Salvaterra;PA;2015;5.444;
150635;Santa Bárbara do Pará;PA;2015;11.800;120
150640;Santa Cruz do Arari;PA;2015;4.200;200
150650;Santa Isabel do Pará;PA;2015;;
150655;Santa Luzia do Pará;PA;2015;1.783;
150658;Santa Maria das Barreiras;PA;2015;1.604;
150660;Santa Maria do Pará;PA;2015;9.972;
150670;Santana do Araguaia;PA;2015;14.741;
150680;Santarém;PA;2015;140.418;
150690;Santarém Novo;PA;2015;;
150700;Santo Antônio do Tauá;PA;2015;;
150710;São Caetano de Odivelas;PA;2015;3.897;
150715;São Domingos do Araguaia;PA;2015;24.451;
150720;São Domingos do Capim;PA;2015;;
150730;São Félix do Xingu;PA;2015;2.398;
150740;São Francisco do Pará;PA;2015;5.365;
150745;São Geraldo do Araguaia;PA;2015;15.497;6.748
150746;São João da Ponta;PA;2015;5.200;
150747;São João de Pirabas;PA;2015;;
150750;São João do Araguaia;PA;2015;2.658;
150760;São Miguel do Guamá;PA;2015;38.387;
150770;São Sebastião da Boa Vista;PA;2015;;
150775;Sapucaia;PA;2015;;
150780;Senador José Porfírio;PA;2015;6.640;
150790;Soure;PA;2015;18.553;
150795;Tailândia;PA;2015;14.127;
150796;Terra Alta;PA;2015;;
150797;Terra Santa;PA;2015;15.999;
150800;Tomé-Açu;PA;2015;45.635;
150803;Tracuateua;PA;2015;3.566;
150805;Trairão;PA;2015;3.600;
150808;Tucumã;PA;2015;27.477;
150810;Tucuruí;PA;2015;95.200;
150812;Ulianópolis;PA;2015;33.358;1
150815;Uruará;PA;2015;;
150820;Vigia;PA;2015;5.325;
150830;Viseu;PA;2015;5.334;
150835;Vitória do Xingu;PA;2015;;
150840;Xinguara;PA;2015;16.869;
250010;Água Branca;PB;2015;4.476;
250020;Aguiar;PB;2015;3.358;
250030;Alagoa Grande;PB;2015;21.278;8.470
250040;Alagoa Nova;PB;2015;6.899;
250050;Alagoinha;PB;2015;11.100;
250053;Alcantil;PB;2015;5.425;5.425
250057;Algodão de Jandaíra;PB;2015;;
250060;Alhandra;PB;2015;16.276;
250073;Amparo;PB;2015;1.498;998
250077;Aparecida;PB;2015;4.806;
250080;Araçagi;PB;2015;8.188;6.000
250090;Arara;PB;2015;10.429;13.355
250100;Araruna;PB;2015;11.057;7.880
250110;Areia;PB;2015;13.726;
250115;Areia de Baraúnas;PB;2015;953;1.412
250120;Areial;PB;2015;;
250130;Aroeiras;PB;2015;;
250135;Assunção;PB;2015;;
250140;Baía da Traição;PB;2015;;
250150;Bananeiras;PB;2015;5.266;
250153;Baraúna;PB;2015;;
250157;Barra de Santana;PB;2015;891;
250160;Barra de Santa Rosa;PB;2015;9.491;
250170;Barra de São Miguel;PB;2015;;
250180;Bayeux;PB;2015;77.843;8.793
250190;Belém;PB;2015;15.553;
250200;Belém do Brejo do Cruz;PB;2015;5.130;7.320
250205;Bernardino Batista;PB;2015;;
250210;Boa Ventura;PB;2015;4.357;
250215;Boa Vista;PB;2015;4.861;
250220;Bom Jesus;PB;2015;1.811;
250230;Bom Sucesso;PB;2015;2.158;
250240;Bonito de Santa Fé;PB;2015;9.026;8.500
250250;Boqueirão;PB;2015;11.319;12.462
250270;Borborema;PB;2015;;
250280;Brejo do Cruz;PB;2015;10.100;
250290;Brejo dos Santos;PB;2015;5.097;
250300;Caaporã;PB;2015;14.570;
250310;Cabaceiras;PB;2015;2.463;
250320;Cabedelo;PB;2015;65.634;13.074
250330;Cachoeira dos Índios;PB;2015;3.981;
250340;Cacimba de Areia;PB;2015;1.869;
250350;Cacimba de Dentro;PB;2015;10.615;
250355;Cacimbas;PB;2015;;3.400
250360;Caiçara;PB;2015;5.860;
250370;Cajazeiras;PB;2015;61.431;9.287
250375;Cajazeirinhas;PB;2015;1.513;397
250380;Caldas Brandão;PB;2015;5.342;
250390;Camalaú;PB;2015;4.292;355
250400;Campina Grande;PB;2015;405.072;357.612
250403;Capim;PB;2015;3.101;
250407;Caraúbas;PB;2015;1.918;2.318
250410;Carrapateira;PB;2015;;
250415;Casserengue;PB;2015;3.210;
250420;Catingueira;PB;2015;3.358;1.720
250430;Catolé do Rocha;PB;2015;22.542;5.803
250435;Caturité;PB;2015;1.891;
250440;Conceição;PB;2015;13.106;7.500
250450;Condado;PB;2015;6.181;
250460;Conde;PB;2015;13.311;
250470;Congo;PB;2015;4.314;
250480;Coremas;PB;2015;;
250485;Coxixola;PB;2015;1.040;
250490;Cruz do Espírito Santo;PB;2015;6.233;
250500;Cubati;PB;2015;5.682;645
250510;Cuité;PB;2015;;
250523;Cuité de Mamanguape;PB;2015;2.223;
250520;Cuitegi;PB;2015;6.821;
250527;Curral de Cima;PB;2015;5.240;
250530;Curral Velho;PB;2015;;
250535;Damião;PB;2015;;
250540;Desterro;PB;2015;;
250560;Diamante;PB;2015;4.491;3.830
250570;Dona Inês;PB;2015;;
250580;Duas Estradas;PB;2015;3.435;
250590;Emas;PB;2015;2.346;
250600;Esperança;PB;2015;20.481;
250610;Fagundes;PB;2015;6.067;
250620;Frei Martinho;PB;2015;2.144;2.984
250625;Gado Bravo;PB;2015;;
250630;Guarabira;PB;2015;57.361;33.757
250640;Gurinhém;PB;2015;7.334;
250650;Gurjão;PB;2015;2.282;
250660;Ibiara;PB;2015;4.083;
250260;Igaracy;PB;2015;4.829;
250670;Imaculada;PB;2015;4.887;
250680;Ingá;PB;2015;12.808;
250690;Itabaiana;PB;2015;18.119;
250700;Itaporanga;PB;2015;18.267;5.892
250710;Itapororoca;PB;2015;17.000;
250720;Itatuba;PB;2015;6.008;
250730;Jacaraú;PB;2015;8.548;
250740;Jericó;PB;2015;4.129;4.833
250750;João Pessoa;PB;2015;791.438;599.226
251365;Joca Claudino;PB;2015;880;
250760;Juarez Távora;PB;2015;7.158;
250770;Juazeirinho;PB;2015;8.442;
250780;Junco do Seridó;PB;2015;;
250790;Juripiranga;PB;2015;7.227;
250800;Juru;PB;2015;5.075;
250810;Lagoa;PB;2015;2.380;
250820;Lagoa de Dentro;PB;2015;3.752;
250830;Lagoa Seca;PB;2015;11.461;475
250840;Lastro;PB;2015;1.614;
250850;Livramento;PB;2015;4.238;
250855;Logradouro;PB;2015;2.061;
250860;Lucena;PB;2015;12.804;
250870;Mãe D Água;PB;2015;3.030;2.215
250880;Malta;PB;2015;5.481;
250890;Mamanguape;PB;2015;24.060;2.850
250900;Manaíra;PB;2015;7.797;6.150
250905;Marcação;PB;2015;;
250910;Mari;PB;2015;15.269;
250915;Marizópolis;PB;2015;5.665;
250920;Massaranduba;PB;2015;4.230;
250930;Mataraca;PB;2015;;
250933;Matinhas;PB;2015;833;
250937;Mato Grosso;PB;2015;798;
250939;Maturéia;PB;2015;4.805;3.000
250940;Mogeiro;PB;2015;2.871;
250950;Montadas;PB;2015;;
250960;Monte Horebe;PB;2015;3.421;
250970;Monteiro;PB;2015;24.337;19.189
250980;Mulungu;PB;2015;5.828;2.800
250990;Natuba;PB;2015;3.447;
251000;Nazarezinho;PB;2015;;
251010;Nova Floresta;PB;2015;;
251020;Nova Olinda;PB;2015;3.841;
251030;Nova Palmeira;PB;2015;;2.556
251040;Olho D ÁGUA;PB;2015;4.483;
251050;Olivedos;PB;2015;2.369;
251060;Ouro Velho;PB;2015;2.063;1.700
251065;Parari;PB;2015;924;
251070;Passagem;PB;2015;2.115;
251080;Patos;PB;2015;106.314;7.017
251090;Paulista;PB;2015;4.678;
251100;Pedra Branca;PB;2015;2.550;1.200
251110;Pedra Lavrada;PB;2015;3.709;2.928
251120;Pedras de Fogo;PB;2015;9.873;1.596
251272;Pedro Régis;PB;2015;4.539;
251130;Piancó;PB;2015;12.190;
251140;Picuí;PB;2015;13.705;
251150;Pilar;PB;2015;7.847;
251160;Pilões;PB;2015;;
251170;Pilõezinhos;PB;2015;3.174;
251180;Pirpirituba;PB;2015;8.944;
251190;Pitimbu;PB;2015;4.096;
251200;Pocinhos;PB;2015;;
251203;Poço Dantas;PB;2015;796;
251207;Poço de José de Moura;PB;2015;3.953;
251210;Pombal;PB;2015;32.051;17.412
251220;Prata;PB;2015;2.748;
251230;Princesa Isabel;PB;2015;17.405;
251240;Puxinanã;PB;2015;4.947;
251250;Queimadas;PB;2015;30.488;638
251260;Quixabá;PB;2015;978;80
251270;Remígio;PB;2015;;
251274;Riachão;PB;2015;;
251275;Riachão do Bacamarte;PB;2015;2.228;
251276;Riachão do Poço;PB;2015;;
251278;Riacho de Santo Antônio;PB;2015;;
251280;Riacho dos Cavalos;PB;2015;;8.538
251290;Rio Tinto;PB;2015;13.383;
251300;Salgadinho;PB;2015;1.305;692
251310;Salgado de São Félix;PB;2015;4.283;
251315;Santa Cecília;PB;2015;;
251320;Santa Cruz;PB;2015;4.176;
251330;Santa Helena;PB;2015;3.252;1.700
251335;Santa Inês;PB;2015;1.450;1.400
251340;Santa Luzia;PB;2015;14.197;13.991
251350;Santana de Mangueira;PB;2015;2.902;
251360;Santana dos Garrotes;PB;2015;4.129;
251370;Santa Rita;PB;2015;118.055;5.101
251380;Santa Teresinha;PB;2015;3.188;
251385;Santo André;PB;2015;;
251392;São Bentinho;PB;2015;3.356;
251390;São Bento;PB;2015;28.382;26.000
251396;São Domingos de Pombal;PB;2015;;
251394;São Domingos do Cariri;PB;2015;1.751;800
251398;São Francisco;PB;2015;1.578;
251400;São João do Cariri;PB;2015;3.624;
250070;São João do Rio do Peixe;PB;2015;;
251410;São João do Tigre;PB;2015;;
251420;São José da Lagoa Tapada;PB;2015;3.360;
251430;São José de Caiana;PB;2015;3.161;
251440;São José de Espinharas;PB;2015;2.074;
251450;São José de Piranhas;PB;2015;16.001;
251455;São José de Princesa;PB;2015;;
251460;São José do Bonfim;PB;2015;2.057;
251465;São José do Brejo do Cruz;PB;2015;1.318;400
251470;São José do Sabugi;PB;2015;3.375;2.212
251480;São José dos Cordeiros;PB;2015;2.487;
251445;São José dos Ramos;PB;2015;2.622;
251490;São Mamede;PB;2015;7.232;5.935
251500;São Miguel de Taipu;PB;2015;;
251510;São Sebastião de Lagoa de Roça;PB;2015;5.425;
251520;São Sebastião do Umbuzeiro;PB;2015;2.500;2.300
251530;Sapé;PB;2015;34.410;10.941
251540;Seridó;PB;2015;4.412;
251550;Serra Branca;PB;2015;10.630;
251560;Serra da Raiz;PB;2015;2.335;
251570;Serra Grande;PB;2015;2.539;
251580;Serra Redonda;PB;2015;;
251590;Serraria;PB;2015;3.958;
251593;Sertãozinho;PB;2015;4.379;
251597;Sobrado;PB;2015;2.085;
251600;Solânea;PB;2015;18.844;
251610;Soledade;PB;2015;12.425;
251615;Sossêgo;PB;2015;;
251620;Sousa;PB;2015;61.453;28.819
251630;Sumé;PB;2015;14.948;4.375
251640;Tacima;PB;2015;6.037;
251650;Taperoá;PB;2015;;
251660;Tavares;PB;2015;10.383;6.811
251670;Teixeira;PB;2015;9.520;
251675;Tenório;PB;2015;1.200;1
251680;Triunfo;PB;2015;;
251690;Uiraúna;PB;2015;12.794;
251700;Umbuzeiro;PB;2015;1.360;1.000
251710;Várzea;PB;2015;2.426;1.800
251720;Vieirópolis;PB;2015;1.186;
250550;Vista Serrana;PB;2015;2.900;
251740;Zabelê;PB;2015;1.566;
260005;Abreu e Lima;PE;2015;86.526;22.002
260010;Afogados da Ingazeira;PE;2015;36.709;
260020;Afrânio;PE;2015;9.755;
260030;Agrestina;PE;2015;23.436;
260040;Água Preta;PE;2015;19.571;
260050;Águas Belas;PE;2015;20.270;
260060;Alagoinha;PE;2015;6.273;
260070;Aliança;PE;2015;24.440;
260080;Altinho;PE;2015;18.190;
260090;Amaraji;PE;2015;20.000;
260100;Angelim;PE;2015;7.541;
260105;Araçoiaba;PE;2015;5.554;
260110;Araripina;PE;2015;53.978;35.531
260120;Arcoverde;PE;2015;67.787;3.859
260130;Barra de Guabiraba;PE;2015;13.764;
260140;Barreiros;PE;2015;35.219;13.555
260150;Belém de Maria;PE;2015;8.448;
260160;Belém de São Francisco;PE;2015;15.175;
260170;Belo Jardim;PE;2015;75.462;53.155
260180;Betânia;PE;2015;5.691;3.878
260190;Bezerros;PE;2015;48.789;
260200;Bodocó;PE;2015;17.068;20.037
260210;Bom Conselho;PE;2015;30.960;
260220;Bom Jardim;PE;2015;24.988;
260230;Bonito;PE;2015;32.321;
260240;Brejão;PE;2015;4.013;
260250;Brejinho;PE;2015;4.740;
260260;Brejo da Madre de Deus;PE;2015;27.327;20.000
260270;Buenos Aires;PE;2015;9.374;
260280;Buíque;PE;2015;17.066;
260290;Cabo de Santo Agostinho;PE;2015;167.430;23.981
260300;Cabrobó;PE;2015;27.637;21.320
260310;Cachoeirinha;PE;2015;17.392;
260320;Caetés;PE;2015;6.536;
260330;Calçado;PE;2015;3.922;
260340;Calumbi;PE;2015;2.649;
260345;Camaragibe;PE;2015;120.819;2.734
260350;Camocim de São Félix;PE;2015;13.072;
260360;Camutanga;PE;2015;6.631;
260370;Canhotinho;PE;2015;14.181;
260380;Capoeiras;PE;2015;7.092;
260390;Carnaíba;PE;2015;11.972;
260392;Carnaubeira da Penha;PE;2015;3.200;3.200
260400;Carpina;PE;2015;76.048;
260410;Caruaru;PE;2015;339.749;152.841
260415;Casinhas;PE;2015;1.670;
260420;Catende;PE;2015;35.200;
260430;Cedro;PE;2015;8.525;6.721
260440;Chã de Alegria;PE;2015;8.908;
260450;Chã Grande;PE;2015;13.598;
260460;Condado;PE;2015;12.491;
260470;Correntes;PE;2015;12.129;
260480;Cortês;PE;2015;8.497;
260490;Cumaru;PE;2015;7.009;
260500;Cupira;PE;2015;23.841;
260510;Custódia;PE;2015;21.359;
260515;Dormentes;PE;2015;7.873;5.077
260520;Escada;PE;2015;49.730;
260530;Exu;PE;2015;18.481;
260540;Feira Nova;PE;2015;18.432;
260545;Fernando de Noronha;PE;2015;2.930;2.129
260550;Ferreiros;PE;2015;9.935;
260560;Flores;PE;2015;12.911;
260570;Floresta;PE;2015;27.172;
260580;Frei Miguelinho;PE;2015;6.063;
260590;Gameleira;PE;2015;18.836;
260600;Garanhuns;PE;2015;136.949;13.707
260610;Glória do Goitá;PE;2015;16.508;
260620;Goiana;PE;2015;45.319;
260630;Granito;PE;2015;3.756;3.368
260640;Gravatá;PE;2015;81.893;1.512
260650;Iati;PE;2015;;
260660;Ibimirim;PE;2015;15.556;
260670;Ibirajuba;PE;2015;4.029;
260680;Igarassu;PE;2015;77.346;2.455
260690;Iguaraci;PE;2015;8.144;12.117
260760;Ilha de Itamaracá;PE;2015;24.888;
260700;Inajá;PE;2015;13.264;5.021
260710;Ingazeira;PE;2015;2.147;
260720;Ipojuca;PE;2015;52.777;10.918
260730;Ipubi;PE;2015;16.799;8.162
260740;Itacuruba;PE;2015;4.754;
260750;Itaíba;PE;2015;17.700;
260765;Itambé;PE;2015;;
260770;Itapetim;PE;2015;9.351;
260775;Itapissuma;PE;2015;14.781;3.000
260780;Itaquitinga;PE;2015;8.972;
260790;Jaboatão dos Guararapes;PE;2015;508.084;45.689
260795;Jaqueira;PE;2015;10.500;
260800;Jataúba;PE;2015;2.592;
260805;Jatobá;PE;2015;11.445;
260810;João Alfredo;PE;2015;19.835;
260820;Joaquim Nabuco;PE;2015;11.605;
260825;Jucati;PE;2015;3.985;
260830;Jupi;PE;2015;2.576;
260840;Jurema;PE;2015;13.000;
260845;Lagoa do Carro;PE;2015;9.102;
260850;Lagoa do Itaenga;PE;2015;16.821;
260860;Lagoa do Ouro;PE;2015;6.852;
260870;Lagoa dos Gatos;PE;2015;9.815;
260875;Lagoa Grande;PE;2015;14.898;13.399
260880;Lajedo;PE;2015;39.146;
260890;Limoeiro;PE;2015;43.432;
260900;Macaparana;PE;2015;17.623;
260910;Machados;PE;2015;8.871;
260915;Manari;PE;2015;7.347;
260920;Maraial;PE;2015;4.529;
260930;Mirandiba;PE;2015;12.707;
261430;Moreilândia;PE;2015;5.336;
260940;Moreno;PE;2015;47.896;18.000
260950;Nazaré da Mata;PE;2015;29.421;7.616
260960;Olinda;PE;2015;341.891;140.866
260970;Orobó;PE;2015;7.434;
260980;Orocó;PE;2015;5.643;
260990;Ouricuri;PE;2015;48.928;
261000;Palmares;PE;2015;52.559;
261010;Palmeirina;PE;2015;5.303;
261020;Panelas;PE;2015;16.338;14.410
261030;Paranatama;PE;2015;1.392;
261040;Parnamirim;PE;2015;12.236;
261050;Passira;PE;2015;17.454;
261060;Paudalho;PE;2015;32.583;
261070;Paulista;PE;2015;271.208;124.297
261080;Pedra;PE;2015;10.734;
261090;Pesqueira;PE;2015;40.933;
261100;Petrolândia;PE;2015;25.476;
261110;Petrolina;PE;2015;308.321;209.527
261120;Poção;PE;2015;6.686;
261130;Pombos;PE;2015;19.900;
261140;Primavera;PE;2015;6.403;
261150;Quipapá;PE;2015;13.039;
261153;Quixaba;PE;2015;3.605;
261160;Recife;PE;2015;1.369.839;646.006
261170;Riacho das Almas;PE;2015;12.754;
261180;Ribeirão;PE;2015;31.907;
261190;Rio Formoso;PE;2015;11.195;3.967
261200;Sairé;PE;2015;9.731;
261210;Salgadinho;PE;2015;3.752;
261220;Salgueiro;PE;2015;59.769;19.937
261230;Saloá;PE;2015;5.552;
261240;Sanharó;PE;2015;20.948;
261245;Santa Cruz;PE;2015;6.597;
261247;Santa Cruz da Baixa Verde;PE;2015;191;
261250;Santa Cruz do Capibaribe;PE;2015;78.656;
261255;Santa Filomena;PE;2015;5.008;14.172
261260;Santa Maria da Boa Vista;PE;2015;17.308;
261270;Santa Maria do Cambucá;PE;2015;6.775;
261280;Santa Terezinha;PE;2015;8.557;
261290;São Benedito do Sul;PE;2015;5.975;
261300;São Bento do Una;PE;2015;27.118;
261310;São Caitano;PE;2015;29.594;
261320;São João;PE;2015;13.749;
261330;São Joaquim do Monte;PE;2015;16.087;
261340;São José da Coroa Grande;PE;2015;19.152;
261350;São José do Belmonte;PE;2015;20.351;21.500
261360;São José do Egito;PE;2015;24.606;21.971
261370;São Lourenço da Mata;PE;2015;74.262;10.603
261380;São Vicente Ferrer;PE;2015;8.279;
261390;Serra Talhada;PE;2015;84.352;65.450
261400;Serrita;PE;2015;10.802;
261410;Sertânia;PE;2015;19.693;
261420;Sirinhaém;PE;2015;25.384;7.308
261440;Solidão;PE;2015;2.095;
261450;Surubim;PE;2015;63.166;
261460;Tabira;PE;2015;25.816;
261470;Tacaimbó;PE;2015;8.999;
261480;Tacaratu;PE;2015;15.281;
261485;Tamandaré;PE;2015;22.591;22.591
261500;Taquaritinga do Norte;PE;2015;8.630;23.000
261510;Terezinha;PE;2015;3.602;
261520;Terra Nova;PE;2015;9.700;
261530;Timbaúba;PE;2015;47.019;
261540;Toritama;PE;2015;34.414;
261550;Tracunhaém;PE;2015;10.248;
261560;Trindade;PE;2015;29.519;
261570;Triunfo;PE;2015;7.946;
261580;Tupanatinga;PE;2015;11.835;10.000
261590;Tuparetama;PE;2015;8.149;
261600;Venturosa;PE;2015;8.992;
261610;Verdejante;PE;2015;9.376;
261618;Vertente do Lério;PE;2015;2.991;
261620;Vertentes;PE;2015;14.625;
261630;Vicência;PE;2015;14.249;
261640;Vitória de Santo Antão;PE;2015;100.408;38.222
261650;Xexéu;PE;2015;9.300;
220005;Acauã;PI;2015;1.563;
220010;Agricolândia;PI;2015;3.944;
220020;Água Branca;PI;2015;16.013;
220025;Alagoinha do Piauí;PI;2015;3.316;
220027;Alegrete do Piauí;PI;2015;4.832;
220030;Alto Longá;PI;2015;4.449;
220040;Altos;PI;2015;21.311;2.190
220045;Alvorada do Gurguéia;PI;2015;3.954;
220050;Amarante;PI;2015;10.340;
220060;Angical do Piauí;PI;2015;4.811;
220070;Anísio de Abreu;PI;2015;6.086;
220080;Antônio Almeida;PI;2015;2.966;
220090;Aroazes;PI;2015;4.192;
220095;Aroeiras do Itaim;PI;2015;;
220100;Arraial;PI;2015;1.680;
220105;Assunção do Piauí;PI;2015;3.378;
220110;Avelino Lopes;PI;2015;7.873;
220115;Baixa Grande do Ribeiro;PI;2015;6.481;
220117;Barra D Alcântara;PI;2015;;
220120;Barras;PI;2015;21.861;
220130;Barreiras do Piauí;PI;2015;2.143;
220140;Barro Duro;PI;2015;6.107;5.027
220150;Batalha;PI;2015;12.527;
220155;Bela Vista do Piauí;PI;2015;;
220157;Belém do Piauí;PI;2015;2.148;
220160;Beneditinos;PI;2015;6.255;
220170;Bertolínia;PI;2015;4.804;
220173;Betânia do Piauí;PI;2015;;
220177;Boa Hora;PI;2015;3.500;
220180;Bocaina;PI;2015;2.355;
220190;Bom Jesus;PI;2015;23.447;
220191;Bom Princípio do Piauí;PI;2015;;
220192;Bonfim do Piauí;PI;2015;1.436;
220194;Boqueirão do Piauí;PI;2015;;
220196;Brasileira;PI;2015;5.329;
220198;Brejo do Piauí;PI;2015;2.033;
220200;Buriti dos Lopes;PI;2015;13.938;
220202;Buriti dos Montes;PI;2015;5.598;
220205;Cabeceiras do Piauí;PI;2015;2.188;
220207;Cajazeiras do Piauí;PI;2015;;
220208;Cajueiro da Praia;PI;2015;;
220209;Caldeirão Grande do Piauí;PI;2015;;
220210;Campinas do Piauí;PI;2015;2.259;
220211;Campo Alegre do Fidalgo;PI;2015;;
220213;Campo Grande do Piauí;PI;2015;2.810;200
220217;Campo Largo do Piauí;PI;2015;;
220220;Campo Maior;PI;2015;45.971;
220225;Canavieira;PI;2015;2.064;
220230;Canto do Buriti;PI;2015;13.866;
220240;Capitão de Campos;PI;2015;5.143;
220245;Capitão Gervásio Oliveira;PI;2015;1.201;
220250;Caracol;PI;2015;3.109;
220253;Caraúbas do Piauí;PI;2015;3.572;
220255;Caridade do Piauí;PI;2015;2.127;
220260;Castelo do Piauí;PI;2015;13.278;
220265;Caxingó;PI;2015;5.111;
220270;Cocal;PI;2015;8.064;12.571
220271;Cocal de Telha;PI;2015;4.300;
220272;Cocal dos Alves;PI;2015;;
220273;Coivaras;PI;2015;3.363;
220275;Colônia do Gurguéia;PI;2015;2.357;
220277;Colônia do Piauí;PI;2015;3.348;
220280;Conceição do Canindé;PI;2015;3.245;
220285;Coronel José Dias;PI;2015;2.460;
220290;Corrente;PI;2015;20.912;3.905
220300;Cristalândia do Piauí;PI;2015;2.678;
220310;Cristino Castro;PI;2015;7.883;
220320;Curimatá;PI;2015;9.547;
220323;Currais;PI;2015;;
220325;Curralinhos;PI;2015;;
220327;Curral Novo do Piauí;PI;2015;1.585;
220330;Demerval Lobão;PI;2015;12.981;
220335;Dirceu Arcoverde;PI;2015;2.516;
220340;Dom Expedito Lopes;PI;2015;4.437;
220342;Domingos Mourão;PI;2015;1.297;
220345;Dom Inocêncio;PI;2015;;
220350;Elesbão Veloso;PI;2015;12.168;
220360;Eliseu Martins;PI;2015;4.638;
220370;Esperantina;PI;2015;26.687;
220375;Fartura do Piauí;PI;2015;;
220380;Flores do Piauí;PI;2015;2.504;
220385;Floresta do Piauí;PI;2015;;
220390;Floriano;PI;2015;56.562;1.950
220400;Francinópolis;PI;2015;3.941;
220410;Francisco Ayres;PI;2015;2.668;
220415;Francisco Macedo;PI;2015;;
220420;Francisco Santos;PI;2015;4.088;
220430;Fronteiras;PI;2015;9.126;
220435;Geminiano;PI;2015;;
220440;Gilbués;PI;2015;4.202;
220450;Guadalupe;PI;2015;9.776;
220455;Guaribas;PI;2015;2.340;
220460;Hugo Napoleão;PI;2015;3.717;
220465;Ilha Grande;PI;2015;8.784;
220470;Inhuma;PI;2015;9.923;3.500
220480;Ipiranga do Piauí;PI;2015;6.228;
220490;Isaías Coelho;PI;2015;2.749;
220500;Itainópolis;PI;2015;3.834;
220510;Itaueira;PI;2015;8.119;
220515;Jacobina do Piauí;PI;2015;2.608;
220520;Jaicós;PI;2015;8.856;
220525;Jardim do Mulato;PI;2015;1.339;
220527;Jatobá do Piauí;PI;2015;;
220530;Jerumenha;PI;2015;3.095;
220535;João Costa;PI;2015;2.300;1.800
220540;Joaquim Pires;PI;2015;5.943;
220545;Joca Marques;PI;2015;;
220550;José de Freitas;PI;2015;26.089;
220551;Juazeiro do Piauí;PI;2015;1.851;
220552;Júlio Borges;PI;2015;2.133;
220553;Jurema;PI;2015;2.525;
220555;Lagoa Alegre;PI;2015;3.391;
220557;Lagoa de São Francisco;PI;2015;;
220556;Lagoa do Barro do Piauí;PI;2015;;
220558;Lagoa do Piauí;PI;2015;;
220559;Lagoa do Sítio;PI;2015;;
220554;Lagoinha do Piauí;PI;2015;2.772;
220560;Landri Sales;PI;2015;4.639;
220570;Luís Correia;PI;2015;21.939;
220580;Luzilândia;PI;2015;14.772;
220585;Madeiro;PI;2015;;
220590;Manoel Emídio;PI;2015;3.971;
220595;Marcolândia;PI;2015;;
220600;Marcos Parente;PI;2015;4.260;
220605;Massapê do Piauí;PI;2015;;
220610;Matias Olímpio;PI;2015;6.818;
220620;Miguel Alves;PI;2015;11.763;
220630;Miguel Leão;PI;2015;1.235;
220635;Milton Brandão;PI;2015;4.758;
220640;Monsenhor Gil;PI;2015;7.031;
220650;Monsenhor Hipólito;PI;2015;4.084;
220660;Monte Alegre do Piauí;PI;2015;3.958;
220665;Morro Cabeça no Tempo;PI;2015;;
220667;Morro do Chapéu do Piauí;PI;2015;5.500;
220669;Murici dos Portelas;PI;2015;2.245;
220670;Nazaré do Piauí;PI;2015;3.394;
220672;Nazária;PI;2015;2.168;
220675;Nossa Senhora de Nazaré;PI;2015;;
220680;Nossa Senhora dos Remédios;PI;2015;2.540;
220795;Nova Santa Rita;PI;2015;962;
220690;Novo Oriente do Piauí;PI;2015;4.179;
220695;Novo Santo Antônio;PI;2015;1.700;
220700;Oeiras;PI;2015;22.065;9.078
220710;Olho D ÁGUA do Piauí;PI;2015;;
220720;Padre Marcos;PI;2015;4.467;
220730;Paes Landim;PI;2015;3.065;
220735;Pajeú do Piauí;PI;2015;1.650;
220740;Palmeira do Piauí;PI;2015;1.701;
220750;Palmeirais;PI;2015;9.654;
220755;Paquetá;PI;2015;759;
220760;Parnaguá;PI;2015;4.988;
220770;Parnaíba;PI;2015;145.290;37.957
220775;Passagem Franca do Piauí;PI;2015;2.973;
220777;Patos do Piauí;PI;2015;2.346;
220779;Pau D Arco do Piauí;PI;2015;;
220780;Paulistana;PI;2015;14.048;
220785;Pavussu;PI;2015;2.601;
220790;Pedro II;PI;2015;27.978;
220793;Pedro Laurentino;PI;2015;;
220800;Picos;PI;2015;75.076;19.314
220810;Pimenteiras;PI;2015;6.002;
220820;Pio IX;PI;2015;7.432;
220830;Piracuruca;PI;2015;24.795;
220840;Piripiri;PI;2015;57.330;
220850;Porto;PI;2015;7.692;
220855;Porto Alegre do Piauí;PI;2015;;
220860;Prata do Piauí;PI;2015;2.775;
220865;Queimada Nova;PI;2015;;
220870;Redenção do Gurguéia;PI;2015;;50
220880;Regeneração;PI;2015;12.606;
220885;Riacho Frio;PI;2015;3.199;
220887;Ribeira do Piauí;PI;2015;;
220890;Ribeiro Gonçalves;PI;2015;4.286;
220900;Rio Grande do Piauí;PI;2015;4.771;
220910;Santa Cruz do Piauí;PI;2015;4.866;
220915;Santa Cruz dos Milagres;PI;2015;3.926;
220920;Santa Filomena;PI;2015;1.467;
220930;Santa Luz;PI;2015;3.588;
220935;Santana do Piauí;PI;2015;2.099;
220937;Santa Rosa do Piauí;PI;2015;4.658;
220940;Santo Antônio de Lisboa;PI;2015;4.316;
220945;Santo Antônio dos Milagres;PI;2015;1.208;
220950;Santo Inácio do Piauí;PI;2015;3.037;
220955;São Braz do Piauí;PI;2015;355;
220960;São Félix do Piauí;PI;2015;2.760;
220965;São Francisco de Assis do Piauí;PI;2015;2.062;
220970;São Francisco do Piauí;PI;2015;2.492;
220975;São Gonçalo do Gurguéia;PI;2015;;
220980;São Gonçalo do Piauí;PI;2015;4.432;
220985;São João da Canabrava;PI;2015;2.270;
220987;São João da Fronteira;PI;2015;;
220990;São João da Serra;PI;2015;4.605;
220995;São João da Varjota;PI;2015;4.738;
220997;São João do Arraial;PI;2015;;
221000;São João do Piauí;PI;2015;17.420;16.000
221005;São José do Divino;PI;2015;3.005;
221010;São José do Peixe;PI;2015;2.577;
221020;São José do Piauí;PI;2015;2.584;
221030;São Julião;PI;2015;5.602;
221035;São Lourenço do Piauí;PI;2015;1.771;
221037;São Luis do Piauí;PI;2015;943;
221038;São Miguel da Baixa Grande;PI;2015;;
221039;São Miguel do Fidalgo;PI;2015;;
221040;São Miguel do Tapuio;PI;2015;6.854;
221050;São Pedro do Piauí;PI;2015;10.500;
221060;São Raimundo Nonato;PI;2015;26.960;
221062;Sebastião Barros;PI;2015;;
221063;Sebastião Leal;PI;2015;1.916;
221065;Sigefredo Pacheco;PI;2015;;
221070;Simões;PI;2015;7.870;
221080;Simplício Mendes;PI;2015;8.638;
221090;Socorro do Piauí;PI;2015;2.051;
221093;Sussuapara;PI;2015;;
221095;Tamboril do Piauí;PI;2015;;
221097;Tanque do Piauí;PI;2015;;
221100;Teresina;PI;2015;825.015;168.521
221110;União;PI;2015;20.944;
221120;Uruçuí;PI;2015;20.133;
221130;Valença do Piauí;PI;2015;18.279;
221135;Várzea Branca;PI;2015;1.460;
221140;Várzea Grande;PI;2015;2.834;
221150;Vera Mendes;PI;2015;;
221160;Vila Nova do Piauí;PI;2015;;
221170;Wall Ferraz;PI;2015;1.800;
410010;Abatiá;PR;2015;7.823;1.100
410020;Adrianópolis;PR;2015;3.713;
410030;Agudos do Sul;PR;2015;5.145;1.606
410040;Almirante Tamandaré;PR;2015;106.862;39.924
410045;Altamira do Paraná;PR;2015;2.631;
410050;Altônia;PR;2015;17.886;7.344
412862;Alto Paraíso;PR;2015;2.764;666
410060;Alto Paraná;PR;2015;13.845;7.914
410070;Alto Piquiri;PR;2015;10.106;5.390
410080;Alvorada do Sul;PR;2015;10.965;
410090;Amaporã;PR;2015;5.092;
410100;Ampére;PR;2015;17.295;11.539
410105;Anahy;PR;2015;2.641;
410110;Andirá;PR;2015;20.876;11.481
410115;Ângulo;PR;2015;2.962;
410120;Antonina;PR;2015;17.836;
410130;Antônio Olinto;PR;2015;2.528;
410140;Apucarana;PR;2015;130.404;91.419
410150;Arapongas;PR;2015;115.389;80.362
410160;Arapoti;PR;2015;25.366;16.653
410165;Arapuã;PR;2015;1.766;
410170;Araruna;PR;2015;13.890;4.145
410180;Araucária;PR;2015;133.402;80.166
410185;Ariranha do Ivaí;PR;2015;1.296;
410190;Assaí;PR;2015;16.113;9.981
410200;Assis Chateaubriand;PR;2015;34.021;11.445
410210;Astorga;PR;2015;25.971;19.198
410220;Atalaia;PR;2015;4.003;
410230;Balsa Nova;PR;2015;12.335;2.633
410240;Bandeirantes;PR;2015;28.785;28.785
410250;Barbosa Ferraz;PR;2015;11.295;3.387
410260;Barracão;PR;2015;7.494;
410270;Barra do Jacaré;PR;2015;2.375;
410275;Bela Vista da Caroba;PR;2015;1.932;
410280;Bela Vista do Paraíso;PR;2015;15.609;6.522
410290;Bituruna;PR;2015;10.936;
410300;Boa Esperança;PR;2015;4.165;
410302;Boa Esperança do Iguaçu;PR;2015;1.241;
410304;Boa Ventura de São Roque;PR;2015;3.100;
410305;Boa Vista da Aparecida;PR;2015;6.515;
410310;Bocaiúva do Sul;PR;2015;10.130;3.636
410315;Bom Jesus do Sul;PR;2015;1.398;
410320;Bom Sucesso;PR;2015;6.889;
410322;Bom Sucesso do Sul;PR;2015;1.881;
410330;Borrazópolis;PR;2015;7.409;
410335;Braganey;PR;2015;4.619;
410337;Brasilândia do Sul;PR;2015;3.036;
410340;Cafeara;PR;2015;2.684;
410345;Cafelândia;PR;2015;16.608;13.200
410347;Cafezal do Sul;PR;2015;4.195;
410350;Califórnia;PR;2015;7.761;
410360;Cambará;PR;2015;25.010;24.207
410370;Cambé;PR;2015;103.802;98.485
410380;Cambira;PR;2015;7.648;
410390;Campina da Lagoa;PR;2015;14.772;
410395;Campina do Simão;PR;2015;1.830;
410400;Campina Grande do Sul;PR;2015;41.813;36.456
410405;Campo Bonito;PR;2015;3.031;
410410;Campo do Tenente;PR;2015;7.268;
410420;Campo Largo;PR;2015;116.635;56.944
410425;Campo Magro;PR;2015;24.021;7.810
410430;Campo Mourão;PR;2015;92.912;83.905
410440;Cândido de Abreu;PR;2015;6.233;3.209
410442;Candói;PR;2015;9.818;3.132
410445;Cantagalo;PR;2015;9.837;5.158
410450;Capanema;PR;2015;13.776;7.582
410460;Capitão Leônidas Marques;PR;2015;14.008;
410465;Carambeí;PR;2015;18.278;14.977
410470;Carlópolis;PR;2015;12.412;9.810
410480;Cascavel;PR;2015;312.717;291.711
410490;Castro;PR;2015;59.846;44.328
410500;Catanduvas;PR;2015;6.511;
410510;Centenário do Sul;PR;2015;11.054;
410520;Cerro Azul;PR;2015;8.664;164
410530;Céu Azul;PR;2015;9.753;6.544
410540;Chopinzinho;PR;2015;15.192;10.874
410550;Cianorte;PR;2015;77.501;49.736
410560;Cidade Gaúcha;PR;2015;11.904;9.036
410570;Clevelândia;PR;2015;16.367;12.118
410580;Colombo;PR;2015;232.386;124.938
410590;Colorado;PR;2015;23.678;17.734
410600;Congonhinhas;PR;2015;5.206;
410610;Conselheiro Mairinck;PR;2015;3.216;2.462
410620;Contenda;PR;2015;14.577;7.900
410630;Corbélia;PR;2015;16.370;6.983
410640;Cornélio Procópio;PR;2015;48.542;46.639
410645;Coronel Domingos Soares;PR;2015;2.950;
410650;Coronel Vivida;PR;2015;17.818;7.195
410655;Corumbataí do Sul;PR;2015;2.743;2.043
410657;Cruzeiro do Iguaçu;PR;2015;3.668;
410660;Cruzeiro do Oeste;PR;2015;21.186;12.729
410670;Cruzeiro do Sul;PR;2015;3.926;
410680;Cruz Machado;PR;2015;6.180;599
410685;Cruzmaltina;PR;2015;1.828;
410690;Curitiba;PR;2015;1.879.168;1.879.355
410700;Curiúva;PR;2015;11.066;
410715;Diamante D Oeste;PR;2015;3.394;
410710;Diamante do Norte;PR;2015;5.236;
410712;Diamante do Sul;PR;2015;1.700;
410720;Dois Vizinhos;PR;2015;36.949;24.088
410725;Douradina;PR;2015;8.227;
410730;Doutor Camargo;PR;2015;6.046;1.270
412863;Doutor Ulysses;PR;2015;3.310;
410740;Enéas Marques;PR;2015;2.103;
410750;Engenheiro Beltrão;PR;2015;14.304;2.422
410753;Entre Rios do Oeste;PR;2015;;
410752;Esperança Nova;PR;2015;1.653;
410754;Espigão Alto do Iguaçu;PR;2015;2.152;
410755;Farol;PR;2015;2.422;
410760;Faxinal;PR;2015;16.131;
410765;Fazenda Rio Grande;PR;2015;92.186;70.341
410770;Fênix;PR;2015;4.515;
410773;Fernandes Pinheiro;PR;2015;3.044;
410775;Figueira;PR;2015;8.248;759
410780;Floraí;PR;2015;5.125;996
410785;Flor da Serra do Sul;PR;2015;2.796;
410790;Floresta;PR;2015;6.466;
410800;Florestópolis;PR;2015;11.202;
410810;Flórida;PR;2015;;
410820;Formosa do Oeste;PR;2015;5.892;
410830;Foz do Iguaçu;PR;2015;263.729;217.539
410845;Foz do Jordão;PR;2015;5.209;
410832;Francisco Alves;PR;2015;6.414;
410840;Francisco Beltrão;PR;2015;82.905;53.662
410850;General Carneiro;PR;2015;10.272;3.138
410855;Godoy Moreira;PR;2015;2.102;
410860;Goioerê;PR;2015;29.697;14.996
410865;Goioxim;PR;2015;2.535;
410870;Grandes Rios;PR;2015;4.583;
410880;Guaíra;PR;2015;30.592;17.772
410890;Guairaçá;PR;2015;6.044;
410895;Guamiranga;PR;2015;3.778;
410900;Guapirama;PR;2015;3.949;
410910;Guaporema;PR;2015;1.909;
410920;Guaraci;PR;2015;4.987;
410930;Guaraniaçu;PR;2015;9.270;4.406
410940;Guarapuava;PR;2015;178.092;135.976
410950;Guaraqueçaba;PR;2015;2.901;2.598
410960;Guaratuba;PR;2015;35.175;35.182
410965;Honório Serpa;PR;2015;2.629;
410970;Ibaiti;PR;2015;26.980;4.210
410975;Ibema;PR;2015;6.308;
410980;Ibiporã;PR;2015;52.330;48.635
410990;Icaraíma;PR;2015;8.640;
411000;Iguaraçu;PR;2015;4.275;
411005;Iguatu;PR;2015;1.891;
411007;Imbaú;PR;2015;10.801;3.657
411010;Imbituva;PR;2015;25.165;16.427
411020;Inácio Martins;PR;2015;7.016;1.287
411030;Inajá;PR;2015;3.118;
411040;Indianópolis;PR;2015;4.189;
411050;Ipiranga;PR;2015;6.658;4.408
411060;Iporã;PR;2015;14.436;3.526
411065;Iracema do Oeste;PR;2015;2.220;
411070;Irati;PR;2015;53.185;45.520
411080;Iretama;PR;2015;7.799;
411090;Itaguajé;PR;2015;4.220;
411095;Itaipulândia;PR;2015;8.794;3.706
411100;Itambaracá;PR;2015;6.852;5.146
411110;Itambé;PR;2015;6.191;4.461
411120;Itapejara D Oeste;PR;2015;8.914;
411125;Itaperuçu;PR;2015;23.178;4.072
411130;Itaúna do Sul;PR;2015;3.348;
411140;Ivaí;PR;2015;7.765;4.770
411150;Ivaiporã;PR;2015;32.414;3.954
411155;Ivaté;PR;2015;7.533;2.373
411160;Ivatuba;PR;2015;2.210;
411170;Jaboti;PR;2015;4.815;
411180;Jacarezinho;PR;2015;40.235;37.347
411190;Jaguapitã;PR;2015;13.059;12.500
411200;Jaguariaíva;PR;2015;29.624;25.897
411210;Jandaia do Sul;PR;2015;21.199;10.238
411220;Janiópolis;PR;2015;5.890;
411230;Japira;PR;2015;3.338;
411240;Japurá;PR;2015;9.167;
411250;Jardim Alegre;PR;2015;8.692;
411260;Jardim Olinda;PR;2015;1.409;
411270;Jataizinho;PR;2015;11.075;10.701
411275;Jesuítas;PR;2015;7.922;
411280;Joaquim Távora;PR;2015;11.542;9.492
411290;Jundiaí do Sul;PR;2015;2.705;
411295;Juranda;PR;2015;7.696;
411300;Jussara;PR;2015;6.450;5.936
411310;Kaloré;PR;2015;4.300;
411320;Lapa;PR;2015;36.725;28.031
411325;Laranjal;PR;2015;2.716;
411330;Laranjeiras do Sul;PR;2015;29.303;11.527
411340;Leópolis;PR;2015;3.518;
411342;Lidianópolis;PR;2015;2.999;
411345;Lindoeste;PR;2015;3.453;
411350;Loanda;PR;2015;22.598;16.666
411360;Lobato;PR;2015;4.658;4.658
411370;Londrina;PR;2015;548.141;548.249
411373;Luiziana;PR;2015;6.073;
411375;Lunardelli;PR;2015;3.975;
411380;Lupionópolis;PR;2015;4.858;
411390;Mallet;PR;2015;9.866;2.099
411400;Mamborê;PR;2015;12.156;7.752
411410;Mandaguaçu;PR;2015;21.668;6.353
411420;Mandaguari;PR;2015;34.282;25.403
411430;Mandirituba;PR;2015;14.498;638
411435;Manfrinópolis;PR;2015;905;
411440;Mangueirinha;PR;2015;11.482;5.148
411450;Manoel Ribas;PR;2015;8.517;
411460;Marechal Cândido Rondon;PR;2015;50.808;7.356
411470;Maria Helena;PR;2015;5.556;
411480;Marialva;PR;2015;27.752;18.528
411490;Marilândia do Sul;PR;2015;7.809;1.618
411500;Marilena;PR;2015;6.331;
411510;Mariluz;PR;2015;10.535;4.790
411520;Maringá;PR;2015;397.358;397.437
411530;Mariópolis;PR;2015;5.070;
411535;Maripá;PR;2015;4.506;
411540;Marmeleiro;PR;2015;10.481;3.748
411545;Marquinho;PR;2015;1.719;
411550;Marumbi;PR;2015;4.603;120
411560;Matelândia;PR;2015;14.203;7.665
411570;Matinhos;PR;2015;32.584;32.591
411573;Mato Rico;PR;2015;1.654;
411575;Mauá da Serra;PR;2015;9.149;
411580;Medianeira;PR;2015;44.876;13.105
411585;Mercedes;PR;2015;4.791;
411590;Mirador;PR;2015;2.283;
411600;Miraselva;PR;2015;1.885;
411605;Missal;PR;2015;6.416;
411610;Moreira Sales;PR;2015;11.538;
411620;Morretes;PR;2015;13.943;8.057
411630;Munhoz de Melo;PR;2015;3.540;
411640;Nossa Senhora das Graças;PR;2015;3.610;
411650;Nova Aliança do Ivaí;PR;2015;1.320;
411660;Nova América da Colina;PR;2015;3.088;
411670;Nova Aurora;PR;2015;10.721;5.661
411680;Nova Cantu;PR;2015;5.094;
411690;Nova Esperança;PR;2015;26.903;16.673
411695;Nova Esperança do Sudoeste;PR;2015;2.404;
411700;Nova Fátima;PR;2015;8.000;
411705;Nova Laranjeiras;PR;2015;2.319;1.734
411710;Nova Londrina;PR;2015;13.201;7.659
411720;Nova Olímpia;PR;2015;5.781;
411725;Nova Prata do Iguaçu;PR;2015;8.507;
411721;Nova Santa Bárbara;PR;2015;3.493;
411722;Nova Santa Rosa;PR;2015;5.820;
411727;Nova Tebas;PR;2015;3.937;
411729;Novo Itacolomi;PR;2015;2.206;
411730;Ortigueira;PR;2015;13.249;7.384
411740;Ourizona;PR;2015;3.487;
411745;Ouro Verde do Oeste;PR;2015;5.138;
411750;Paiçandu;PR;2015;39.284;26.803
411760;Palmas;PR;2015;44.569;31.270
411770;Palmeira;PR;2015;23.551;19.896
411780;Palmital;PR;2015;10.117;
411790;Palotina;PR;2015;30.853;19.931
411800;Paraíso do Norte;PR;2015;13.008;5.620
411810;Paranacity;PR;2015;11.066;5.890
411820;Paranaguá;PR;2015;145.208;108.906
411830;Paranapoema;PR;2015;;
411840;Paranavaí;PR;2015;86.756;77.757
411845;Pato Bragado;PR;2015;5.304;
411850;Pato Branco;PR;2015;78.996;71.172
411860;Paula Freitas;PR;2015;3.078;
411870;Paulo Frontin;PR;2015;2.888;
411880;Peabiru;PR;2015;;
411885;Perobal;PR;2015;5.994;
411890;Pérola;PR;2015;10.935;
411900;Pérola D Oeste;PR;2015;4.064;
411910;Piên;PR;2015;8.224;
411915;Pinhais;PR;2015;127.033;111.101
411920;Pinhalão;PR;2015;5.377;232
411925;Pinhal de São Bento;PR;2015;1.205;
411930;Pinhão;PR;2015;21.063;6.987
411940;Piraí do Sul;PR;2015;18.901;14.538
411950;Piraquara;PR;2015;102.730;79.973
411960;Pitanga;PR;2015;24.005;14.640
411965;Pitangueiras;PR;2015;2.600;
411970;Planaltina do Paraná;PR;2015;3.427;
411980;Planalto;PR;2015;7.261;
411990;Ponta Grossa;PR;2015;337.798;337.865
411995;Pontal do Paraná;PR;2015;24.347;19.530
412000;Porecatu;PR;2015;13.907;12.962
412010;Porto Amazonas;PR;2015;4.455;3.460
412015;Porto Barreiro;PR;2015;1.150;
412020;Porto Rico;PR;2015;2.607;1.591
412030;Porto Vitória;PR;2015;2.306;
412033;Prado Ferreira;PR;2015;;
412035;Pranchita;PR;2015;4.344;1.899
412040;Presidente Castelo Branco;PR;2015;5.144;420
412050;Primeiro de Maio;PR;2015;10.489;4.666
412060;Prudentópolis;PR;2015;28.668;22.132
412065;Quarto Centenário;PR;2015;3.781;
412070;Quatiguá;PR;2015;7.409;2.286
412080;Quatro Barras;PR;2015;22.044;16.909
412085;Quatro Pontes;PR;2015;2.612;
412090;Quedas do Iguaçu;PR;2015;24.732;13.188
412100;Querência do Norte;PR;2015;8.939;
412110;Quinta do Sol;PR;2015;4.442;
412120;Quitandinha;PR;2015;7.180;1.282
412125;Ramilândia;PR;2015;2.519;
412130;Rancho Alegre;PR;2015;3.989;
412135;Rancho Alegre D Oeste;PR;2015;2.671;
412140;Realeza;PR;2015;15.234;9.995
412150;Rebouças;PR;2015;9.642;7.055
412160;Renascença;PR;2015;4.221;3.481
412170;Reserva;PR;2015;18.435;11.859
412175;Reserva do Iguaçu;PR;2015;4.854;1.730
412180;Ribeirão Claro;PR;2015;10.645;7.063
412190;Ribeirão do Pinhal;PR;2015;13.643;7.648
412200;Rio Azul;PR;2015;5.931;5.358
412210;Rio Bom;PR;2015;2.737;
412215;Rio Bonito do Iguaçu;PR;2015;5.343;
412217;Rio Branco do Ivaí;PR;2015;2.377;
412220;Rio Branco do Sul;PR;2015;25.692;
412230;Rio Negro;PR;2015;28.986;14.987
412240;Rolândia;PR;2015;63.304;38.054
412250;Roncador;PR;2015;9.051;
412260;Rondon;PR;2015;8.934;5.593
412265;Rosário do Ivaí;PR;2015;3.528;2.224
412270;Sabáudia;PR;2015;6.584;
412280;Salgado Filho;PR;2015;2.729;
412290;Salto do Itararé;PR;2015;4.426;1.404
412300;Salto do Lontra;PR;2015;10.258;
412310;Santa Amélia;PR;2015;3.282;
412320;Santa Cecília do Pavão;PR;2015;3.016;1.960
412330;Santa Cruz de Monte Castelo;PR;2015;7.239;
412340;Santa Fé;PR;2015;11.428;4.957
412350;Santa Helena;PR;2015;12.437;9.818
412360;Santa Inês;PR;2015;1.734;
412370;Santa Isabel do Ivaí;PR;2015;7.187;6.227
412380;Santa Izabel do Oeste;PR;2015;9.386;
412382;Santa Lúcia;PR;2015;3.019;
412385;Santa Maria do Oeste;PR;2015;4.096;
412390;Santa Mariana;PR;2015;12.124;5.533
412395;Santa Mônica;PR;2015;3.800;
412400;Santana do Itararé;PR;2015;4.048;364
412402;Santa Tereza do Oeste;PR;2015;10.507;
412405;Santa Terezinha de Itaipu;PR;2015;22.565;8.619
412410;Santo Antônio da Platina;PR;2015;43.882;39.808
412420;Santo Antônio do Caiuá;PR;2015;2.723;
412430;Santo Antônio do Paraíso;PR;2015;1.972;
412440;Santo Antônio do Sudoeste;PR;2015;15.825;9.016
412450;Santo Inácio;PR;2015;5.480;2.699
412460;São Carlos do Ivaí;PR;2015;6.755;
412470;São Jerônimo da Serra;PR;2015;8.500;
412480;São João;PR;2015;7.356;4.853
412490;São João do Caiuá;PR;2015;6.027;4.860
412500;São João do Ivaí;PR;2015;10.179;1.792
412510;São João do Triunfo;PR;2015;4.384;365
412520;São Jorge D Oeste;PR;2015;6.415;
412530;São Jorge do Ivaí;PR;2015;5.500;5.500
412535;São Jorge do Patrocínio;PR;2015;5.458;
412540;São José da Boa Vista;PR;2015;4.554;
412545;São José das Palmeiras;PR;2015;3.258;
412550;São José dos Pinhais;PR;2015;294.343;193.167
412555;São Manoel do Paraná;PR;2015;1.714;
412560;São Mateus do Sul;PR;2015;28.910;13.151
412570;São Miguel do Iguaçu;PR;2015;22.698;14.250
412575;São Pedro do Iguaçu;PR;2015;4.724;
412580;São Pedro do Ivaí;PR;2015;9.782;5.362
412590;São Pedro do Paraná;PR;2015;2.177;
412600;São Sebastião da Amoreira;PR;2015;8.944;
412610;São Tomé;PR;2015;5.656;
412620;Sapopema;PR;2015;5.000;
412625;Sarandi;PR;2015;;
412627;Saudade do Iguaçu;PR;2015;3.718;
412630;Sengés;PR;2015;16.242;8.423
412635;Serranópolis do Iguaçu;PR;2015;3.346;
412640;Sertaneja;PR;2015;;
412650;Sertanópolis;PR;2015;14.305;13.450
412660;Siqueira Campos;PR;2015;17.982;11.307
412665;Sulina;PR;2015;1.829;
412667;Tamarana;PR;2015;8.003;
412670;Tamboara;PR;2015;4.990;
412680;Tapejara;PR;2015;15.704;13.000
412690;Tapira;PR;2015;4.847;
412700;Teixeira Soares;PR;2015;5.728;1.887
412710;Telêmaco Borba;PR;2015;75.794;57.622
412720;Terra Boa;PR;2015;16.778;4.560
412730;Terra Rica;PR;2015;16.323;12.079
412740;Terra Roxa;PR;2015;16.127;
412750;Tibagi;PR;2015;14.933;10.060
412760;Tijucas do Sul;PR;2015;10.022;
412770;Toledo;PR;2015;132.052;105.689
412780;Tomazina;PR;2015;4.466;3.218
412785;Três Barras do Paraná;PR;2015;7.653;2.346
412788;Tunas do Paraná;PR;2015;4.591;
412790;Tuneiras do Oeste;PR;2015;5.361;1.346
412795;Tupãssi;PR;2015;7.748;
412796;Turvo;PR;2015;6.582;
412800;Ubiratã;PR;2015;21.860;7.964
412810;Umuarama;PR;2015;108.197;94.647
412820;União da Vitória;PR;2015;53.530;13.770
412830;Uniflor;PR;2015;2.354;
412840;Uraí;PR;2015;10.539;8.192
412853;Ventania;PR;2015;8.261;
412855;Vera Cruz do Oeste;PR;2015;7.926;4.169
412860;Verê;PR;2015;4.504;
412865;Virmond;PR;2015;2.451;
412870;Vitorino;PR;2015;5.947;
412850;Wenceslau Braz;PR;2015;17.442;4.626
412880;Xambrê;PR;2015;5.097;
330010;Angra dos Reis;RJ;2015;176.612;86.606
330015;Aperibé;RJ;2015;10.582;
330020;Araruama;RJ;2015;115.615;80.782
330022;Areal;RJ;2015;11.970;
330023;Armação dos Búzios;RJ;2015;30.172;23.965
330025;Arraial do Cabo;RJ;2015;28.259;
330030;Barra do Piraí;RJ;2015;96.865;93.694
330040;Barra Mansa;RJ;2015;176.279;160.254
330045;Belford Roxo;RJ;2015;386.256;196.024
330050;Bom Jardim;RJ;2015;16.366;16.000
330060;Bom Jesus do Itabapoana;RJ;2015;32.960;33.500
330070;Cabo Frio;RJ;2015;152.722;121.303
330080;Cachoeiras de Macacu;RJ;2015;48.997;32.000
330090;Cambuci;RJ;2015;11.657;
330100;Campos dos Goytacazes;RJ;2015;437.000;369.972
330110;Cantagalo;RJ;2015;15.390;14.500
330093;Carapebus;RJ;2015;4.372;
330115;Cardoso Moreira;RJ;2015;8.407;
330120;Carmo;RJ;2015;;
330130;Casimiro de Abreu;RJ;2015;39.797;22.991
330095;Comendador Levy Gasparian;RJ;2015;8.225;8.225
330140;Conceição de Macabu;RJ;2015;;
330150;Cordeiro;RJ;2015;20.879;9.706
330160;Duas Barras;RJ;2015;8.732;1.578
330170;Duque de Caxias;RJ;2015;761.287;389.657
330180;Engenheiro Paulo de Frontin;RJ;2015;7.347;10.129
330185;Guapimirim;RJ;2015;38.640;
330187;Iguaba Grande;RJ;2015;25.155;19.980
330190;Itaboraí;RJ;2015;184.237;96.884
330200;Itaguaí;RJ;2015;106.031;46.662
330205;Italva;RJ;2015;12.370;11.545
330210;Itaocara;RJ;2015;20.672;
330220;Itaperuna;RJ;2015;91.745;24.282
330225;Itatiaia;RJ;2015;28.852;18.897
330227;Japeri;RJ;2015;73.860;
330230;Laje do Muriaé;RJ;2015;6.725;1.398
330240;Macaé;RJ;2015;201.056;70.500
330245;Macuco;RJ;2015;5.371;2.530
330250;Magé;RJ;2015;185.319;99.496
330260;Mangaratiba;RJ;2015;37.111;5.316
330270;Maricá;RJ;2015;85.402;17.708
330280;Mendes;RJ;2015;;
330285;Mesquita;RJ;2015;165.729;74.641
330290;Miguel Pereira;RJ;2015;24.810;11.300
330300;Miracema;RJ;2015;26.604;25.865
330310;Natividade;RJ;2015;12.678;10.840
330320;Nilópolis;RJ;2015;157.972;157.972
330330;Niterói;RJ;2015;496.696;462.403
330340;Nova Friburgo;RJ;2015;161.739;155.993
330350;Nova Iguaçu;RJ;2015;755.840;363.748
330360;Paracambi;RJ;2015;36.449;22.706
330370;Paraíba do Sul;RJ;2015;40.282;
330380;Paraty;RJ;2015;29.862;
330385;Paty do Alferes;RJ;2015;19.453;17.460
330390;Petrópolis;RJ;2015;280.362;248.992
330395;Pinheiral;RJ;2015;21.542;23.887
330400;Piraí;RJ;2015;27.700;10.044
330410;Porciúncula;RJ;2015;17.536;1.420
330411;Porto Real;RJ;2015;17.867;17.682
330412;Quatis;RJ;2015;13.543;13.543
330414;Queimados;RJ;2015;122.314;58.501
330415;Quissamã;RJ;2015;19.939;6.762
330420;Resende;RJ;2015;119.638;119.375
330430;Rio Bonito;RJ;2015;49.866;
330440;Rio Claro;RJ;2015;12.057;
330450;Rio das Flores;RJ;2015;6.189;6.189
330452;Rio das Ostras;RJ;2015;125.857;63.124
330455;Rio de Janeiro;RJ;2015;6.366.564;5.381.010
330460;Santa Maria Madalena;RJ;2015;5.301;5.910
330470;Santo Antônio de Pádua;RJ;2015;40.582;31.551
330480;São Fidélis;RJ;2015;29.235;32.798
330475;São Francisco de Itabapoana;RJ;2015;30.279;494
330490;São Gonçalo;RJ;2015;876.861;400.976
330500;São João da Barra;RJ;2015;34.539;3.546
330510;São João de Meriti;RJ;2015;430.218;225.040
330513;São José de Ubá;RJ;2015;3.807;
330515;São José do Vale do Rio Preto;RJ;2015;18.030;
330520;São Pedro da Aldeia;RJ;2015;87.995;69.892
330530;São Sebastião do Alto;RJ;2015;4.665;
330540;Sapucaia;RJ;2015;16.301;
330550;Saquarema;RJ;2015;75.561;60.436
330555;Seropédica;RJ;2015;58.683;27.572
330560;Silva Jardim;RJ;2015;16.929;9.903
330570;Sumidouro;RJ;2015;4.606;4.700
330575;Tanguá;RJ;2015;21.964;10.126
330580;Teresópolis;RJ;2015;150.817;34.671
330590;Trajano de Morais;RJ;2015;2.874;
330600;Três Rios;RJ;2015;79.250;78.500
330610;Valença;RJ;2015;66.590;29.574
330615;Varre-Sai;RJ;2015;6.079;
330620;Vassouras;RJ;2015;33.751;18.901
330630;Volta Redonda;RJ;2015;262.851;260.222
240010;Acari;RN;2015;9.151;9.151
240020;Açu;RN;2015;42.364;
240030;Afonso Bezerra;RN;2015;5.475;4.706
240040;Água Nova;RN;2015;2.055;
240050;Alexandria;RN;2015;13.512;5.513
240060;Almino Afonso;RN;2015;3.499;
240070;Alto do Rodrigues;RN;2015;9.966;197
240080;Angicos;RN;2015;10.507;
240090;Antônio Martins;RN;2015;2.879;1.527
240100;Apodi;RN;2015;18.584;
240110;Areia Branca;RN;2015;21.955;
240120;Arês;RN;2015;8.876;
240130;Augusto Severo;RN;2015;5.232;
240140;Baía Formosa;RN;2015;7.634;
240145;Baraúna;RN;2015;17.132;
240150;Barcelona;RN;2015;3.861;
240160;Bento Fernandes;RN;2015;2.277;
240165;Bodó;RN;2015;1.367;
240170;Bom Jesus;RN;2015;7.387;
240180;Brejinho;RN;2015;8.925;
240185;Caiçara do Norte;RN;2015;4.788;
240190;Caiçara do Rio do Vento;RN;2015;2.845;916
240200;Caicó;RN;2015;61.630;5.683
240210;Campo Redondo;RN;2015;5.651;1.098
240220;Canguaretama;RN;2015;22.089;
240230;Caraúbas;RN;2015;14.514;
240240;Carnaúba dos Dantas;RN;2015;5.227;
240250;Carnaubais;RN;2015;3.167;2.405
240260;Ceará-Mirim;RN;2015;69.989;24.821
240270;Cerro Corá;RN;2015;5.807;
240280;Coronel Ezequiel;RN;2015;2.350;
240290;Coronel João Pessoa;RN;2015;1.700;
240300;Cruzeta;RN;2015;6.682;6.000
240310;Currais Novos;RN;2015;37.929;30.087
240320;Doutor Severiano;RN;2015;3.756;1.392
240330;Encanto;RN;2015;2.464;5.593
240340;Equador;RN;2015;4.707;
240350;Espírito Santo;RN;2015;5.120;1.679
240360;Extremoz;RN;2015;27.525;
240370;Felipe Guerra;RN;2015;3.470;
240375;Fernando Pedroza;RN;2015;2.635;
240380;Florânia;RN;2015;7.114;7.083
240390;Francisco Dantas;RN;2015;1.667;
240400;Frutuoso Gomes;RN;2015;2.809;
240410;Galinhos;RN;2015;;
240420;Goianinha;RN;2015;17.435;2.752
240430;Governador Dix-Sept Rosado;RN;2015;6.092;
240440;Grossos;RN;2015;7.642;
240450;Guamaré;RN;2015;9.239;
240460;Ielmo Marinho;RN;2015;1.869;
240470;Ipanguaçu;RN;2015;3.842;
240480;Ipueira;RN;2015;2.020;
240485;Itajá;RN;2015;;
240490;Itaú;RN;2015;5.161;
240500;Jaçanã;RN;2015;3.938;
240510;Jandaíra;RN;2015;3.340;
240520;Janduís;RN;2015;4.101;
240530;Januário Cicco;RN;2015;3.518;
240540;Japi;RN;2015;3.937;
240550;Jardim de Angicos;RN;2015;1.432;
240560;Jardim de Piranhas;RN;2015;11.276;11.459
240570;Jardim do Seridó;RN;2015;10.192;
240580;João Câmara;RN;2015;25.385;9.237
240590;João Dias;RN;2015;972;
240600;José da Penha;RN;2015;3.651;413
240610;Jucurutu;RN;2015;11.341;3.757
240615;Jundiá;RN;2015;1.032;
240620;Lagoa d Anta;RN;2015;4.307;
240630;Lagoa de Pedras;RN;2015;4.203;
240640;Lagoa de Velhos;RN;2015;2.765;
240650;Lagoa Nova;RN;2015;7.586;5.042
240660;Lagoa Salgada;RN;2015;5.387;
240670;Lajes;RN;2015;8.840;6.179
240680;Lajes Pintadas;RN;2015;2.489;1.512
240690;Lucrécia;RN;2015;2.416;2.468
240700;Luís Gomes;RN;2015;6.625;
240710;Macaíba;RN;2015;41.001;2.426
240720;Macau;RN;2015;23.797;20.618
240725;Major Sales;RN;2015;;
240730;Marcelino Vieira;RN;2015;5.058;
240740;Martins;RN;2015;5.340;
240750;Maxaranguape;RN;2015;;
240760;Messias Targino;RN;2015;2.482;
240770;Montanhas;RN;2015;9.046;
240780;Monte Alegre;RN;2015;18.547;1.235
240790;Monte das Gameleiras;RN;2015;1.821;
240800;Mossoró;RN;2015;263.279;129.456
240810;Natal;RN;2015;825.384;326.907
240820;Nísia Floresta;RN;2015;15.612;
240830;Nova Cruz;RN;2015;26.784;7.220
240840;Olho-D ÁGUA do Borges;RN;2015;3.026;
240850;Ouro Branco;RN;2015;3.377;2.500
240860;Paraná;RN;2015;2.874;
240870;Paraú;RN;2015;3.424;
240880;Parazinho;RN;2015;3.556;
240890;Parelhas;RN;2015;18.032;17.786
240325;Parnamirim;RN;2015;242.384;6.774
240910;Passa e Fica;RN;2015;7.724;7.010
240920;Passagem;RN;2015;1.265;
240930;Patu;RN;2015;417;
240940;Pau dos Ferros;RN;2015;27.622;3.782
240950;Pedra Grande;RN;2015;1.341;
240960;Pedra Preta;RN;2015;982;
240970;Pedro Avelino;RN;2015;4.056;3.256
240980;Pedro Velho;RN;2015;14.128;2.857
240990;Pendências;RN;2015;10.168;4.223
241000;Pilões;RN;2015;2.759;
241010;Poço Branco;RN;2015;13.013;
241020;Portalegre;RN;2015;4.101;
241025;Porto do Mangue;RN;2015;2.010;
241030;Presidente Juscelino;RN;2015;9.150;
241040;Pureza;RN;2015;3.429;
241050;Rafael Fernandes;RN;2015;2.841;
241060;Rafael Godeiro;RN;2015;2.028;
241070;Riacho da Cruz;RN;2015;1.987;
241080;Riacho de Santana;RN;2015;1.451;
241090;Riachuelo;RN;2015;4.837;4.301
240895;Rio do Fogo;RN;2015;10.720;
241100;Rodolfo Fernandes;RN;2015;3.843;
241110;Ruy Barbosa;RN;2015;1.776;
241120;Santa Cruz;RN;2015;33.163;31.150
240933;Santa Maria;RN;2015;3.444;
241140;Santana do Matos;RN;2015;6.804;
241142;Santana do Seridó;RN;2015;1.626;1.751
241150;Santo Antônio;RN;2015;14.616;2.050
241160;São Bento do Norte;RN;2015;2.384;
241170;São Bento do Trairí;RN;2015;2.083;2.083
241180;São Fernando;RN;2015;2.423;2.187
241190;São Francisco do Oeste;RN;2015;3.176;
241200;São Gonçalo do Amarante;RN;2015;98.260;14.782
241210;São João do Sabugi;RN;2015;4.994;
241220;São José de Mipibu;RN;2015;19.131;271
241230;São José do Campestre;RN;2015;11.025;
241240;São José do Seridó;RN;2015;2.972;2.827
241250;São Miguel;RN;2015;15.231;
241255;São Miguel do Gostoso;RN;2015;1.042;
241260;São Paulo do Potengi;RN;2015;13.124;2.657
241270;São Pedro;RN;2015;3.483;
241280;São Rafael;RN;2015;5.733;4.977
241290;São Tomé;RN;2015;6.787;3.180
241300;São Vicente;RN;2015;5.185;
241310;Senador Elói de Souza;RN;2015;5.590;
241320;Senador Georgino Avelino;RN;2015;2.859;
241330;Serra de São Bento;RN;2015;3.342;
241335;Serra do Mel;RN;2015;607;
241340;Serra Negra do Norte;RN;2015;6.503;5.712
241350;Serrinha;RN;2015;3.918;
241355;Serrinha dos Pintos;RN;2015;2.540;
241360;Severiano Melo;RN;2015;3.893;
241370;Sítio Novo;RN;2015;2.698;
241380;Taboleiro Grande;RN;2015;1.804;
241390;Taipu;RN;2015;7.956;
241400;Tangará;RN;2015;11.951;
241410;Tenente Ananias;RN;2015;7.691;
241415;Tenente Laurentino Cruz;RN;2015;4.658;
241105;Tibau;RN;2015;3.090;
241420;Tibau do Sul;RN;2015;7.823;3.296
241430;Timbaúba dos Batistas;RN;2015;1.821;
241440;Touros;RN;2015;2.463;
241445;Triunfo Potiguar;RN;2015;2.894;
241450;Umarizal;RN;2015;9.219;
241460;Upanema;RN;2015;7.050;
241470;Várzea;RN;2015;4.784;
241475;Venha-Ver;RN;2015;1.293;
241480;Vera Cruz;RN;2015;12.015;
241490;Viçosa;RN;2015;1.632;
241500;Vila Flor;RN;2015;3.021;
110001;Alta Floresta D Oeste;RO;2015;10.359;
110037;Alto Alegre dos Parecis;RO;2015;;
110040;Alto Paraíso;RO;2015;1.459;
110034;Alvorada D Oeste;RO;2015;9.063;6.642
110002;Ariquemes;RO;2015;42.973;1.158
110045;Buritis;RO;2015;;
110003;Cabixi;RO;2015;2.109;
110060;Cacaulândia;RO;2015;744;
110004;Cacoal;RO;2015;68.739;38.500
110070;Campo Novo de Rondônia;RO;2015;3.785;
110080;Candeias do Jamari;RO;2015;12.619;
110090;Castanheiras;RO;2015;727;
110005;Cerejeiras;RO;2015;9.161;
110092;Chupinguaia;RO;2015;;
110006;Colorado do Oeste;RO;2015;13.686;
110007;Corumbiara;RO;2015;1.744;
110008;Costa Marques;RO;2015;2.741;
110094;Cujubim;RO;2015;2.096;
110009;Espigão D Oeste;RO;2015;12.611;
110100;Governador Jorge Teixeira;RO;2015;;
110010;Guajará-Mirim;RO;2015;18.936;2.378
110110;Itapuã do Oeste;RO;2015;5.750;
110011;Jaru;RO;2015;21.951;
110012;Ji-Paraná;RO;2015;76.271;
110013;Machadinho D Oeste;RO;2015;12.885;
110120;Ministro Andreazza;RO;2015;2.600;
110130;Mirante da Serra;RO;2015;2.897;
110140;Monte Negro;RO;2015;5.053;
110014;Nova Brasilândia D Oeste;RO;2015;7.951;
110033;Nova Mamoré;RO;2015;2.723;
110143;Nova União;RO;2015;1.328;
110050;Novo Horizonte do Oeste;RO;2015;2.247;
110015;Ouro Preto do Oeste;RO;2015;23.143;
110145;Parecis;RO;2015;1.679;
110018;Pimenta Bueno;RO;2015;30.471;
110146;Pimenteiras do Oeste;RO;2015;1.315;
110020;Porto Velho;RO;2015;170.755;18.672
110025;Presidente Médici;RO;2015;11.761;
110147;Primavera de Rondônia;RO;2015;1.550;
110026;Rio Crespo;RO;2015;561;
110028;Rolim de Moura;RO;2015;37.190;
110029;Santa Luzia D Oeste;RO;2015;2.725;
110148;São Felipe D Oeste;RO;2015;1.994;
110149;São Francisco do Guaporé;RO;2015;;
110032;São Miguel do Guaporé;RO;2015;3.394;
110150;Seringueiras;RO;2015;2.377;
110155;Teixeirópolis;RO;2015;651;
110160;Theobroma;RO;2015;1.186;
110170;Urupá;RO;2015;3.501;
110175;Vale do Anari;RO;2015;1.443;
110180;Vale do Paraíso;RO;2015;618;
110030;Vilhena;RO;2015;89.025;
140005;Alto Alegre;RR;2015;6.056;
140002;Amajari;RR;2015;2.533;
140010;Boa Vista;RR;2015;311.874;181.752
140015;Bonfim;RR;2015;5.905;
140017;Cantá;RR;2015;8.046;
140020;Caracaraí;RR;2015;14.558;10.808
140023;Caroebe;RR;2015;4.375;
140028;Iracema;RR;2015;6.167;
140030;Mucajaí;RR;2015;10.796;
140040;Normandia;RR;2015;3.235;
140045;Pacaraima;RR;2015;4.997;
140047;Rorainópolis;RR;2015;13.710;
140050;São João da Baliza;RR;2015;5.148;
140060;São Luiz;RR;2015;5.984;
140070;Uiramutã;RR;2015;1.222;
430003;Aceguá;RS;2015;1.565;
430005;Água Santa;RS;2015;1.514;
430010;Agudo;RS;2015;8.002;
430020;Ajuricaba;RS;2015;4.477;
430030;Alecrim;RS;2015;2.494;
430040;Alegrete;RS;2015;69.226;13.749
430045;Alegria;RS;2015;4.135;
430047;Almirante Tamandaré do Sul;RS;2015;;
430050;Alpestre;RS;2015;2.751;
430055;Alto Alegre;RS;2015;754;
430057;Alto Feliz;RS;2015;3.000;
430060;Alvorada;RS;2015;206.561;39.668
430063;Amaral Ferrador;RS;2015;1.664;
430064;Ametista do Sul;RS;2015;4.328;
430066;André da Rocha;RS;2015;;
430070;Anta Gorda;RS;2015;3.300;
430080;Antônio Prado;RS;2015;10.119;
430085;Arambaré;RS;2015;3.533;
430087;Araricá;RS;2015;;
430090;Aratiba;RS;2015;3.226;
430100;Arroio do Meio;RS;2015;13.948;
430107;Arroio do Padre;RS;2015;553;
430105;Arroio do Sal;RS;2015;5.616;
430110;Arroio dos Ratos;RS;2015;14.197;
430120;Arroio do Tigre;RS;2015;6.715;
430130;Arroio Grande;RS;2015;16.759;685
430140;Arvorezinha;RS;2015;7.369;
430150;Augusto Pestana;RS;2015;7.100;
430155;Áurea;RS;2015;1.518;
430160;Bagé;RS;2015;101.607;76.424
430163;Balneário Pinhal;RS;2015;7.163;
430165;Barão;RS;2015;2.520;
430170;Barão de Cotegipe;RS;2015;4.796;
430175;Barão do Triunfo;RS;2015;754;
430180;Barracão;RS;2015;3.236;
430185;Barra do Guarita;RS;2015;2.034;
430187;Barra do Quaraí;RS;2015;2.685;413
430190;Barra do Ribeiro;RS;2015;10.042;
430192;Barra do Rio Azul;RS;2015;;
430195;Barra Funda;RS;2015;2.497;
430200;Barros Cassal;RS;2015;4.081;
430205;Benjamin Constant do Sul;RS;2015;;
430210;Bento Gonçalves;RS;2015;113.287;480
430215;Boa Vista das Missões;RS;2015;;
430220;Boa Vista do Buricá;RS;2015;5.048;
430222;Boa Vista do Cadeado;RS;2015;2.350;
430223;Boa Vista do Incra;RS;2015;764;
430225;Boa Vista do Sul;RS;2015;;
430230;Bom Jesus;RS;2015;8.958;8.720
430235;Bom Princípio;RS;2015;9.250;
430237;Bom Progresso;RS;2015;1.453;
430240;Bom Retiro do Sul;RS;2015;9.927;
430245;Boqueirão do Leão;RS;2015;1.911;
430250;Bossoroca;RS;2015;3.690;
430258;Bozano;RS;2015;2.208;
430260;Braga;RS;2015;2.280;
430265;Brochier;RS;2015;4.928;
430270;Butiá;RS;2015;21.192;
430280;Caçapava do Sul;RS;2015;26.791;1.191
430290;Cacequi;RS;2015;10.243;
430300;Cachoeira do Sul;RS;2015;73.533;21.835
430310;Cachoeirinha;RS;2015;125.975;65.226
430320;Cacique Doble;RS;2015;1.828;
430330;Caibaté;RS;2015;3.442;
430340;Caiçara;RS;2015;2.157;
430350;Camaquã;RS;2015;51.718;
430355;Camargo;RS;2015;2.718;
430360;Cambará do Sul;RS;2015;2.879;
430367;Campestre da Serra;RS;2015;688;900
430370;Campina das Missões;RS;2015;2.559;2.210
430380;Campinas do Sul;RS;2015;4.494;5.649
430390;Campo Bom;RS;2015;50.676;97
430400;Campo Novo;RS;2015;4.398;
430410;Campos Borges;RS;2015;2.231;
430420;Candelária;RS;2015;16.184;
430430;Cândido Godói;RS;2015;2.437;
430435;Candiota;RS;2015;;
430440;Canela;RS;2015;42.411;5.907
430450;Canguçu;RS;2015;21.212;17.440
430460;Canoas;RS;2015;341.343;88.457
430461;Canudos do Vale;RS;2015;205;
430462;Capão Bonito do Sul;RS;2015;1.598;1.100
430463;Capão da Canoa;RS;2015;47.066;24.144
430465;Capão do Cipó;RS;2015;;
430466;Capão do Leão;RS;2015;23.017;
430468;Capela de Santana;RS;2015;2.561;
430469;Capitão;RS;2015;2.749;350
430467;Capivari do Sul;RS;2015;3.203;
430471;Caraá;RS;2015;7.863;
430470;Carazinho;RS;2015;62.039;
430480;Carlos Barbosa;RS;2015;22.398;27.279
430485;Carlos Gomes;RS;2015;;
430490;Casca;RS;2015;5.516;
430495;Caseiros;RS;2015;1.716;
430500;Catuípe;RS;2015;6.321;520
430510;Caxias do Sul;RS;2015;467.730;432.496
430511;Centenário;RS;2015;2.500;
430512;Cerrito;RS;2015;3.659;
430513;Cerro Branco;RS;2015;3.800;
430515;Cerro Grande;RS;2015;;
430517;Cerro Grande do Sul;RS;2015;1.807;
430520;Cerro Largo;RS;2015;11.672;
430530;Chapada;RS;2015;5.379;
430535;Charqueadas;RS;2015;38.281;
430537;Charrua;RS;2015;1.550;
430540;Chiapetta;RS;2015;2.940;
430543;Chuí;RS;2015;6.351;
430544;Chuvisca;RS;2015;363;
430545;Cidreira;RS;2015;14.073;762
430550;Ciríaco;RS;2015;2.616;
430558;Colinas;RS;2015;;
430560;Colorado;RS;2015;1.891;
430570;Condor;RS;2015;4.685;
430580;Constantina;RS;2015;7.861;
430583;Coqueiro Baixo;RS;2015;1.562;
430585;Coqueiros do Sul;RS;2015;2.287;
430587;Coronel Barros;RS;2015;1.500;
430590;Coronel Bicaco;RS;2015;5.232;
430593;Coronel Pilar;RS;2015;446;176
430595;Cotiporã;RS;2015;1.960;
430597;Coxilha;RS;2015;2.885;
430600;Crissiumal;RS;2015;7.939;
430605;Cristal;RS;2015;5.164;
430607;Cristal do Sul;RS;2015;;
430610;Cruz Alta;RS;2015;63.776;10.327
430613;Cruzaltense;RS;2015;479;120
430620;Cruzeiro do Sul;RS;2015;6.695;
430630;David Canabarro;RS;2015;2.218;
430632;Derrubadas;RS;2015;1.212;
430635;Dezesseis de Novembro;RS;2015;;
430637;Dilermando de Aguiar;RS;2015;1.959;
430640;Dois Irmãos;RS;2015;28.543;3.060
430642;Dois Irmãos das Missões;RS;2015;;
430645;Dois Lajeados;RS;2015;;
430650;Dom Feliciano;RS;2015;3.180;
430660;Dom Pedrito;RS;2015;35.092;5.051
430655;Dom Pedro de Alcântara;RS;2015;;
430670;Dona Francisca;RS;2015;2.124;
430673;Doutor Maurício Cardoso;RS;2015;2.225;
430675;Doutor Ricardo;RS;2015;690;150
430676;Eldorado do Sul;RS;2015;27.039;
430680;Encantado;RS;2015;19.530;
430690;Encruzilhada do Sul;RS;2015;17.948;534
430692;Engenho Velho;RS;2015;1.396;
430693;Entre-Ijuís;RS;2015;5.424;
430695;Entre Rios do Sul;RS;2015;2.296;
430697;Erebango;RS;2015;2.324;
430700;Erechim;RS;2015;102.345;
430705;Ernestina;RS;2015;;
430720;Erval Grande;RS;2015;2.973;
430730;Erval Seco;RS;2015;3.042;
430740;Esmeralda;RS;2015;2.148;
430745;Esperança do Sul;RS;2015;3.245;
430750;Espumoso;RS;2015;11.288;1.593
430755;Estação;RS;2015;5.522;
430760;Estância Velha;RS;2015;36.506;1.370
430770;Esteio;RS;2015;83.984;4.042
430780;Estrela;RS;2015;26.816;
430781;Estrela Velha;RS;2015;3.420;
430783;Eugênio de Castro;RS;2015;;
430786;Fagundes Varela;RS;2015;1.459;
430790;Farroupilha;RS;2015;63.799;
430800;Faxinal do Soturno;RS;2015;5.017;4.298
430805;Faxinalzinho;RS;2015;1.573;
430807;Fazenda Vilanova;RS;2015;;
430810;Feliz;RS;2015;11.947;
430820;Flores da Cunha;RS;2015;27.634;
430825;Floriano Peixoto;RS;2015;1.988;
430830;Fontoura Xavier;RS;2015;5.072;
430840;Formigueiro;RS;2015;3.353;
430843;Forquetinha;RS;2015;;
430845;Fortaleza dos Valos;RS;2015;2.904;
430850;Frederico Westphalen;RS;2015;28.336;
430860;Garibaldi;RS;2015;32.172;4.702
430865;Garruchos;RS;2015;;
430870;Gaurama;RS;2015;4.165;
430880;General Câmara;RS;2015;5.510;
430885;Gentil;RS;2015;1.677;
430890;Getúlio Vargas;RS;2015;15.124;
430900;Giruá;RS;2015;13.854;
430905;Glorinha;RS;2015;3.706;23
430910;Gramado;RS;2015;34.605;9.196
430912;Gramado dos Loureiros;RS;2015;;
430915;Gramado Xavier;RS;2015;;
430920;Gravataí;RS;2015;223.819;69.575
430925;Guabiju;RS;2015;740;
430930;Guaíba;RS;2015;99.029;3.905
430940;Guaporé;RS;2015;23.195;
430950;Guarani das Missões;RS;2015;5.528;
430955;Harmonia;RS;2015;4.570;
430710;Herval;RS;2015;4.787;2.865
430957;Herveiras;RS;2015;;
430960;Horizontina;RS;2015;16.002;
430965;Hulha Negra;RS;2015;6.434;3.097
430970;Humaitá;RS;2015;3.362;
430975;Ibarama;RS;2015;4.371;
430980;Ibiaçá;RS;2015;3.208;
430990;Ibiraiaras;RS;2015;4.216;
430995;Ibirapuitã;RS;2015;4.162;
431000;Ibirubá;RS;2015;16.719;
431010;Igrejinha;RS;2015;26.400;887
431020;Ijuí;RS;2015;80.824;1.114
431030;Ilópolis;RS;2015;2.420;
431033;Imbé;RS;2015;19.993;66
431036;Imigrante;RS;2015;2.829;
431040;Independência;RS;2015;4.216;
431041;Inhacorá;RS;2015;2.318;
431043;Ipê;RS;2015;2.743;
431046;Ipiranga do Sul;RS;2015;;
431050;Iraí;RS;2015;5.736;849
431053;Itaara;RS;2015;4.570;
431055;Itacurubi;RS;2015;;
431057;Itapuca;RS;2015;1.330;200
431060;Itaqui;RS;2015;33.863;
431065;Itati;RS;2015;;
431070;Itatiba do Sul;RS;2015;2.630;
431075;Ivorá;RS;2015;872;1.724
431080;Ivoti;RS;2015;22.012;
431085;Jaboticaba;RS;2015;1.663;
431087;Jacuizinho;RS;2015;2.570;
431090;Jacutinga;RS;2015;2.526;
431100;Jaguarão;RS;2015;27.805;7.639
431110;Jaguari;RS;2015;6.831;
431112;Jaquirana;RS;2015;2.456;
431113;Jari;RS;2015;2.900;
431115;Jóia;RS;2015;;
431120;Júlio de Castilhos;RS;2015;16.720;
431123;Lagoa Bonita do Sul;RS;2015;964;
431127;Lagoa dos Três Cantos;RS;2015;1.649;
431125;Lagoão;RS;2015;1.939;6.480
431130;Lagoa Vermelha;RS;2015;26.521;
431140;Lajeado;RS;2015;74.528;825
431142;Lajeado do Bugre;RS;2015;;
431150;Lavras do Sul;RS;2015;5.976;
431160;Liberato Salzano;RS;2015;1.717;
431162;Lindolfo Collor;RS;2015;;
431164;Linha Nova;RS;2015;1.703;
431171;Maçambara;RS;2015;1.519;
431170;Machadinho;RS;2015;3.676;
431173;Mampituba;RS;2015;2.860;2.360
431175;Manoel Viana;RS;2015;5.522;
431177;Maquiné;RS;2015;3.652;
431179;Maratá;RS;2015;;
431180;Marau;RS;2015;32.671;
431190;Marcelino Ramos;RS;2015;2.992;
431198;Mariana Pimentel;RS;2015;674;
431200;Mariano Moro;RS;2015;1.267;
431205;Marques de Souza;RS;2015;1.275;
431210;Mata;RS;2015;2.469;
431213;Mato Castelhano;RS;2015;;
431215;Mato Leitão;RS;2015;4.201;
431217;Mato Queimado;RS;2015;1.798;
431220;Maximiliano de Almeida;RS;2015;3.116;
431225;Minas do Leão;RS;2015;8.011;7.984
431230;Miraguaí;RS;2015;2.999;
431235;Montauri;RS;2015;1.556;
431237;Monte Alegre dos Campos;RS;2015;;
431238;Monte Belo do Sul;RS;2015;2.704;780
431240;Montenegro;RS;2015;54.139;
431242;Mormaço;RS;2015;;
431244;Morrinhos do Sul;RS;2015;;
431245;Morro Redondo;RS;2015;2.228;2.100
431247;Morro Reuter;RS;2015;3.559;6.000
431250;Mostardas;RS;2015;1.957;
431260;Muçum;RS;2015;4.195;500
431261;Muitos Capões;RS;2015;967;300
431262;Muliterno;RS;2015;520;
431265;Não-Me-Toque;RS;2015;15.805;
431267;Nicolau Vergueiro;RS;2015;1.726;
431270;Nonoai;RS;2015;10.607;
431275;Nova Alvorada;RS;2015;3.431;
431280;Nova Araçá;RS;2015;3.903;
431290;Nova Bassano;RS;2015;6.178;
431295;Nova Boa Vista;RS;2015;1.953;
431300;Nova Bréscia;RS;2015;1.637;
431301;Nova Candelária;RS;2015;2.814;
431303;Nova Esperança do Sul;RS;2015;3.998;
431306;Nova Hartz;RS;2015;;
431308;Nova Pádua;RS;2015;2.557;
431310;Nova Palma;RS;2015;3.300;
431320;Nova Petrópolis;RS;2015;15.390;
431330;Nova Prata;RS;2015;22.830;
431333;Nova Ramada;RS;2015;2.440;
431335;Nova Roma do Sul;RS;2015;1.655;
431337;Nova Santa Rita;RS;2015;11.097;
431349;Novo Barreiro;RS;2015;4.008;
431339;Novo Cabrais;RS;2015;3.132;618
431340;Novo Hamburgo;RS;2015;235.482;12.493
431342;Novo Machado;RS;2015;1.785;
431344;Novo Tiradentes;RS;2015;2.320;
431346;Novo Xingu;RS;2015;1.795;
431350;Osório;RS;2015;33.810;192
431360;Paim Filho;RS;2015;2.519;
431365;Palmares do Sul;RS;2015;3.128;
431370;Palmeira das Missões;RS;2015;32.590;
431380;Palmitinho;RS;2015;5.636;
431390;Panambi;RS;2015;39.211;
431395;Pantano Grande;RS;2015;7.922;8.345
431400;Paraí;RS;2015;4.907;
431402;Paraíso do Sul;RS;2015;6.240;
431403;Pareci Novo;RS;2015;3.511;
431405;Parobé;RS;2015;25.914;
431406;Passa Sete;RS;2015;785;
431407;Passo do Sobrado;RS;2015;4.824;
431410;Passo Fundo;RS;2015;196.739;49.184
431413;Paulo Bento;RS;2015;2.219;
431415;Paverama;RS;2015;1.760;
431417;Pedras Altas;RS;2015;811;
431420;Pedro Osório;RS;2015;7.787;
431430;Pejuçara;RS;2015;2.984;
431440;Pelotas;RS;2015;323.638;203.861
431442;Picada Café;RS;2015;4.856;
431445;Pinhal;RS;2015;2.525;515
431446;Pinhal da Serra;RS;2015;2.126;
431447;Pinhal Grande;RS;2015;;
431449;Pinheirinho do Vale;RS;2015;1.875;
431450;Pinheiro Machado;RS;2015;9.863;9.784
431454;Pinto Bandeira;RS;2015;1.195;
431455;Pirapó;RS;2015;2.671;
431460;Piratini;RS;2015;11.973;
431470;Planalto;RS;2015;7.594;
431475;Poço das Antas;RS;2015;2.104;
431477;Pontão;RS;2015;;
431478;Ponte Preta;RS;2015;1.730;165
431480;Portão;RS;2015;12.985;
431490;Porto Alegre;RS;2015;1.476.867;1.324.750
431500;Porto Lucena;RS;2015;2.598;
431505;Porto Mauá;RS;2015;2.503;
431507;Porto Vera Cruz;RS;2015;1.733;347
431510;Porto Xavier;RS;2015;5.585;
431513;Pouso Novo;RS;2015;;
431514;Presidente Lucena;RS;2015;2.657;
431515;Progresso;RS;2015;1.937;
431517;Protásio Alves;RS;2015;;
431520;Putinga;RS;2015;1.970;
431530;Quaraí;RS;2015;22.384;2.741
431531;Quatro Irmãos;RS;2015;935;935
431532;Quevedos;RS;2015;2.812;
431535;Quinze de Novembro;RS;2015;3.811;
431540;Redentora;RS;2015;3.346;
431545;Relvado;RS;2015;2.060;
431550;Restinga Seca;RS;2015;9.919;
431555;Rio dos Índios;RS;2015;749;
431560;Rio Grande;RS;2015;194.654;54.216
431570;Rio Pardo;RS;2015;27.659;26.529
431575;Riozinho;RS;2015;2.268;
431580;Roca Sales;RS;2015;5.956;10.976
431590;Rodeio Bonito;RS;2015;4.554;
431595;Rolador;RS;2015;2.542;
431600;Rolante;RS;2015;10.695;
431610;Ronda Alta;RS;2015;6.518;
431620;Rondinha;RS;2015;2.689;1.200
431630;Roque Gonzales;RS;2015;;
431640;Rosário do Sul;RS;2015;33.439;4.537
431642;Sagrada Família;RS;2015;;
431643;Saldanha Marinho;RS;2015;2.869;
431645;Salto do Jacuí;RS;2015;10.517;4.083
431647;Salvador das Missões;RS;2015;2.762;
431650;Salvador do Sul;RS;2015;4.815;
431660;Sananduva;RS;2015;12.410;
431670;Santa Bárbara do Sul;RS;2015;7.406;
431673;Santa Cecília do Sul;RS;2015;;
431675;Santa Clara do Sul;RS;2015;6.141;
431680;Santa Cruz do Sul;RS;2015;124.740;13.970
431697;Santa Margarida do Sul;RS;2015;530;
431690;Santa Maria;RS;2015;276.108;151.541
431695;Santa Maria do Herval;RS;2015;2.228;
431700;Santana da Boa Vista;RS;2015;4.250;3.810
431710;Santana do Livramento;RS;2015;82.968;27.239
431720;Santa Rosa;RS;2015;68.296;12.958
431725;Santa Tereza;RS;2015;1.781;1.781
431730;Santa Vitória do Palmar;RS;2015;26.808;
431740;Santiago;RS;2015;47.450;
431750;Santo Ângelo;RS;2015;75.261;11.313
431760;Santo Antônio da Patrulha;RS;2015;23.991;
431770;Santo Antônio das Missões;RS;2015;6.583;
431755;Santo Antônio do Palma;RS;2015;;
431775;Santo Antônio do Planalto;RS;2015;1.900;
431780;Santo Augusto;RS;2015;12.704;
431790;Santo Cristo;RS;2015;8.495;
431795;Santo Expedito do Sul;RS;2015;1.154;
431800;São Borja;RS;2015;54.129;10.635
431805;São Domingos do Sul;RS;2015;3.056;
431810;São Francisco de Assis;RS;2015;14.628;968
431820;São Francisco de Paula;RS;2015;14.937;
431830;São Gabriel;RS;2015;55.875;10.902
431840;São Jerônimo;RS;2015;18.192;
431842;São João da Urtiga;RS;2015;2.482;
431843;São João do Polêsine;RS;2015;1.364;1.364
431844;São Jorge;RS;2015;1.528;
431845;São José das Missões;RS;2015;1.900;
431846;São José do Herval;RS;2015;994;
431848;São José do Hortêncio;RS;2015;4.435;
431849;São José do Inhacorá;RS;2015;1.056;
431850;São José do Norte;RS;2015;13.877;
431860;São José do Ouro;RS;2015;4.569;
431862;São José dos Ausentes;RS;2015;1.649;3.470
431861;São José do Sul;RS;2015;1.883;
431870;São Leopoldo;RS;2015;225.938;41.945
431880;São Lourenço do Sul;RS;2015;27.258;
431890;São Luiz Gonzaga;RS;2015;29.252;
431900;São Marcos;RS;2015;18.278;21.204
431910;São Martinho;RS;2015;4.018;
431912;São Martinho da Serra;RS;2015;;
431915;São Miguel das Missões;RS;2015;3.849;
431920;São Nicolau;RS;2015;3.589;
431930;São Paulo das Missões;RS;2015;6.348;
431935;São Pedro da Serra;RS;2015;2.105;
431936;São Pedro das Missões;RS;2015;;
431937;São Pedro do Butiá;RS;2015;2.983;
431940;São Pedro do Sul;RS;2015;12.224;12.235
431950;São Sebastião do Caí;RS;2015;16.671;
431960;São Sepé;RS;2015;18.855;24.000
431970;São Valentim;RS;2015;2.009;
431971;São Valentim do Sul;RS;2015;2.257;
431973;São Valério do Sul;RS;2015;2.752;
431975;São Vendelino;RS;2015;2.000;
431980;São Vicente do Sul;RS;2015;6.274;8.787
431990;Sapiranga;RS;2015;54.140;
432000;Sapucaia do Sul;RS;2015;138.357;6.616
432010;Sarandi;RS;2015;19.699;
432020;Seberi;RS;2015;11.042;
432023;Sede Nova;RS;2015;1.857;
432026;Segredo;RS;2015;1.860;1.860
432030;Selbach;RS;2015;3.062;
432032;Senador Salgado Filho;RS;2015;2.885;
432035;Sentinela do Sul;RS;2015;1.273;
432040;Serafina Corrêa;RS;2015;15.226;
432045;Sério;RS;2015;2.180;
432050;Sertão;RS;2015;3.646;
432055;Sertão Santana;RS;2015;1.034;
432057;Sete de Setembro;RS;2015;2.089;
432060;Severiano de Almeida;RS;2015;1.390;
432065;Silveira Martins;RS;2015;1.544;
432067;Sinimbu;RS;2015;5.824;
432070;Sobradinho;RS;2015;12.594;
432080;Soledade;RS;2015;27.303;
432085;Tabaí;RS;2015;;
432090;Tapejara;RS;2015;20.992;
432100;Tapera;RS;2015;9.313;503
432110;Tapes;RS;2015;13.745;105
432120;Taquara;RS;2015;35.929;
432130;Taquari;RS;2015;25.032;
432132;Taquaruçu do Sul;RS;2015;1.411;
432135;Tavares;RS;2015;835;
432140;Tenente Portela;RS;2015;8.890;
432143;Terra de Areia;RS;2015;3.539;
432145;Teutônia;RS;2015;28.000;
432146;Tio Hugo;RS;2015;2.912;
432147;Tiradentes do Sul;RS;2015;1.523;
432149;Toropi;RS;2015;1.999;
432150;Torres;RS;2015;36.120;19.217
432160;Tramandaí;RS;2015;46.369;12.155
432162;Travesseiro;RS;2015;;
432163;Três Arroios;RS;2015;2.873;
432166;Três Cachoeiras;RS;2015;2.604;
432170;Três Coroas;RS;2015;17.038;
432180;Três de Maio;RS;2015;20.232;
432183;Três Forquilhas;RS;2015;695;685
432185;Três Palmeiras;RS;2015;;
432190;Três Passos;RS;2015;22.098;199
432195;Trindade do Sul;RS;2015;3.612;
432200;Triunfo;RS;2015;15.085;
432210;Tucunduva;RS;2015;4.424;
432215;Tunas;RS;2015;4.250;825
432218;Tupanci do Sul;RS;2015;;
432220;Tupanciretã;RS;2015;18.618;
432225;Tupandi;RS;2015;;300
432230;Tuparendi;RS;2015;5.796;
432232;Turuçu;RS;2015;1.481;
432234;Ubiretama;RS;2015;;
432235;União da Serra;RS;2015;;
432237;Unistalda;RS;2015;990;
432240;Uruguaiana;RS;2015;123.989;93.319
432250;Vacaria;RS;2015;64.585;
432253;Vale do Sol;RS;2015;8.089;
432254;Vale Real;RS;2015;5.175;
432252;Vale Verde;RS;2015;;
432255;Vanini;RS;2015;2.087;
432260;Venâncio Aires;RS;2015;48.198;
432270;Vera Cruz;RS;2015;25.700;12.731
432280;Veranópolis;RS;2015;22.500;22.000
432285;Vespasiano Correa;RS;2015;1.976;
432290;Viadutos;RS;2015;2.920;
432300;Viamão;RS;2015;231.019;3.562
432310;Vicente Dutra;RS;2015;2.008;
432320;Victor Graeff;RS;2015;1.616;
432330;Vila Flores;RS;2015;1.640;
432335;Vila Lângaro;RS;2015;373;373
432340;Vila Maria;RS;2015;4.385;
432345;Vila Nova do Sul;RS;2015;2.403;
432350;Vista Alegre;RS;2015;1.509;
432360;Vista Alegre do Prata;RS;2015;1.569;
432370;Vista Gaúcha;RS;2015;1.043;
432375;Vitória das Missões;RS;2015;3.463;
432377;Westfalia;RS;2015;1.195;
432380;Xangri-lá;RS;2015;14.197;4.003
420005;Abdon Batista;SC;2015;;
420010;Abelardo Luz;SC;2015;10.546;
420020;Agrolândia;SC;2015;8.049;
420030;Agronômica;SC;2015;2.325;
420040;Água Doce;SC;2015;3.801;
420050;Águas de Chapecó;SC;2015;3.519;
420055;Águas Frias;SC;2015;1.131;
420060;Águas Mornas;SC;2015;2.396;
420070;Alfredo Wagner;SC;2015;3.098;9.850
420075;Alto Bela Vista;SC;2015;850;
420080;Anchieta;SC;2015;3.635;
420090;Angelina;SC;2015;909;
420100;Anita Garibaldi;SC;2015;5.219;
420110;Anitápolis;SC;2015;1.380;
420120;Antônio Carlos;SC;2015;5.133;
420125;Apiúna;SC;2015;7.453;
420127;Arabutã;SC;2015;1.332;
420130;Araquari;SC;2015;20.271;
420140;Araranguá;SC;2015;43.450;
420150;Armazém;SC;2015;4.209;
420160;Arroio Trinta;SC;2015;2.882;
420165;Arvoredo;SC;2015;650;
420170;Ascurra;SC;2015;7.781;
420180;Atalanta;SC;2015;1.476;
420190;Aurora;SC;2015;1.305;
420195;Balneário Arroio do Silva;SC;2015;11.380;
420205;Balneário Barra do Sul;SC;2015;9.100;
420200;Balneário Camboriú;SC;2015;116.661;104.994
420207;Balneário Gaivota;SC;2015;6.086;
421280;Balneário Piçarras;SC;2015;19.867;
422000;Balneário Rincão;SC;2015;11.515;
420208;Bandeirante;SC;2015;1.180;
420209;Barra Bonita;SC;2015;397;
420210;Barra Velha;SC;2015;25.838;
420213;Bela Vista do Toldo;SC;2015;1.148;
420215;Belmonte;SC;2015;1.335;
420220;Benedito Novo;SC;2015;4.580;
420230;Biguaçu;SC;2015;63.093;
420240;Blumenau;SC;2015;338.415;106.676
420243;Bocaina do Sul;SC;2015;1.201;
420245;Bombinhas;SC;2015;17.477;3.060
420250;Bom Jardim da Serra;SC;2015;2.488;
420253;Bom Jesus;SC;2015;1.782;
420257;Bom Jesus do Oeste;SC;2015;949;
420260;Bom Retiro;SC;2015;7.048;
420270;Botuverá;SC;2015;1.203;
420280;Braço do Norte;SC;2015;22.392;
420285;Braço do Trombudo;SC;2015;3.627;
420287;Brunópolis;SC;2015;2.639;
420290;Brusque;SC;2015;118.728;
420300;Caçador;SC;2015;63.062;3.339
420310;Caibi;SC;2015;4.036;
420315;Calmon;SC;2015;2.316;
420320;Camboriú;SC;2015;72.261;
420330;Campo Alegre;SC;2015;11.992;
420340;Campo Belo do Sul;SC;2015;5.051;
420350;Campo Erê;SC;2015;7.513;
420360;Campos Novos;SC;2015;33.948;25.067
420370;Canelinha;SC;2015;9.230;
420380;Canoinhas;SC;2015;45.848;
420325;Capão Alto;SC;2015;1.162;
420390;Capinzal;SC;2015;18.917;1.281
420395;Capivari de Baixo;SC;2015;;
420400;Catanduvas;SC;2015;8.965;5.332
420410;Caxambu do Sul;SC;2015;2.463;
420415;Celso Ramos;SC;2015;1.311;
420417;Cerro Negro;SC;2015;1.089;
420419;Chapadão do Lageado;SC;2015;369;
420420;Chapecó;SC;2015;179.495;67.304
420425;Cocal do Sul;SC;2015;16.137;
420430;Concórdia;SC;2015;63.525;3.741
420435;Cordilheira Alta;SC;2015;3.200;930
420440;Coronel Freitas;SC;2015;6.111;
420445;Coronel Martins;SC;2015;961;200
420455;Correia Pinto;SC;2015;13.801;
420450;Corupá;SC;2015;12.833;
420460;Criciúma;SC;2015;206.918;55.577
420470;Cunha Porã;SC;2015;7.173;
420475;Cunhataí;SC;2015;753;
420480;Curitibanos;SC;2015;34.525;
420490;Descanso;SC;2015;3.871;
420500;Dionísio Cerqueira;SC;2015;10.758;5.107
420510;Dona Emma;SC;2015;2.290;
420515;Doutor Pedrinho;SC;2015;2.572;
420517;Entre Rios;SC;2015;;
420519;Ermo;SC;2015;603;
420520;Erval Velho;SC;2015;3.516;
420530;Faxinal dos Guedes;SC;2015;8.846;7.798
420535;Flor do Sertão;SC;2015;700;
420540;Florianópolis;SC;2015;469.690;270.045
420543;Formosa do Sul;SC;2015;1.304;
420545;Forquilhinha;SC;2015;24.747;
420550;Fraiburgo;SC;2015;29.028;4.968
420555;Frei Rogério;SC;2015;;
420560;Galvão;SC;2015;2.226;
420570;Garopaba;SC;2015;18.899;
420580;Garuva;SC;2015;;
420590;Gaspar;SC;2015;61.918;
420600;Governador Celso Ramos;SC;2015;13.944;
420610;Grão Pará;SC;2015;3.019;
420620;Gravatal;SC;2015;7.453;1.890
420630;Guabiruba;SC;2015;13.805;
420640;Guaraciaba;SC;2015;5.518;
420650;Guaramirim;SC;2015;32.420;
420660;Guarujá do Sul;SC;2015;3.777;
420665;Guatambú;SC;2015;3.139;
420670;Herval D Oeste;SC;2015;20.121;13.533
420675;Ibiam;SC;2015;835;
420680;Ibicaré;SC;2015;2.067;
420690;Ibirama;SC;2015;16.718;
420700;Içara;SC;2015;48.282;
420710;Ilhota;SC;2015;9.837;
420720;Imaruí;SC;2015;3.751;
420730;Imbituba;SC;2015;43.168;1.923
420740;Imbuia;SC;2015;2.355;
420750;Indaial;SC;2015;63.489;
420757;Iomerê;SC;2015;1.203;
420760;Ipira;SC;2015;2.838;
420765;Iporã do Oeste;SC;2015;5.091;
420768;Ipuaçu;SC;2015;1.771;
420770;Ipumirim;SC;2015;4.330;
420775;Iraceminha;SC;2015;1.543;
420780;Irani;SC;2015;7.720;
420785;Irati;SC;2015;1.990;
420790;Irineópolis;SC;2015;4.081;
420800;Itá;SC;2015;4.711;
420810;Itaiópolis;SC;2015;13.328;
420820;Itajaí;SC;2015;203.218;42.619
420830;Itapema;SC;2015;55.670;33.474
420840;Itapiranga;SC;2015;16.398;7.410
420845;Itapoá;SC;2015;18.137;
420850;Ituporanga;SC;2015;18.126;
420860;Jaborá;SC;2015;2.217;
420870;Jacinto Machado;SC;2015;4.900;
420880;Jaguaruna;SC;2015;18.980;
420890;Jaraguá do Sul;SC;2015;160.460;91.691
420895;Jardinópolis;SC;2015;1.083;
420900;Joaçaba;SC;2015;28.453;12.967
420910;Joinville;SC;2015;555.628;165.639
420915;José Boiteux;SC;2015;2.172;
420917;Jupiá;SC;2015;1.239;
420920;Lacerdópolis;SC;2015;1.483;
420930;Lages;SC;2015;154.987;48.088
420940;Laguna;SC;2015;44.650;12.101
420945;Lajeado Grande;SC;2015;1.216;
420950;Laurentino;SC;2015;5.630;
420960;Lauro Muller;SC;2015;8.899;
420970;Lebon Régis;SC;2015;8.163;
420980;Leoberto Leal;SC;2015;809;
420985;Lindóia do Sul;SC;2015;2.489;
420990;Lontras;SC;2015;8.767;
421000;Luiz Alves;SC;2015;4.029;
421003;Luzerna;SC;2015;5.142;3.884
421005;Macieira;SC;2015;654;
421010;Mafra;SC;2015;49.810;
421020;Major Gercino;SC;2015;987;
421030;Major Vieira;SC;2015;2.937;
421040;Maracajá;SC;2015;4.597;
421050;Maravilha;SC;2015;21.900;
421055;Marema;SC;2015;952;
421060;Massaranduba;SC;2015;8.025;
421070;Matos Costa;SC;2015;1.632;
421080;Meleiro;SC;2015;3.679;
421085;Mirim Doce;SC;2015;1.105;1.159
421090;Modelo;SC;2015;3.036;
421100;Mondaí;SC;2015;6.536;
421105;Monte Carlo;SC;2015;8.300;471
421110;Monte Castelo;SC;2015;5.574;
421120;Morro da Fumaça;SC;2015;16.097;
421125;Morro Grande;SC;2015;1.200;
421130;Navegantes;SC;2015;;
421140;Nova Erechim;SC;2015;3.603;
421145;Nova Itaberaba;SC;2015;1.556;
421150;Nova Trento;SC;2015;10.201;
421160;Nova Veneza;SC;2015;11.099;
421165;Novo Horizonte;SC;2015;898;
421170;Orleans;SC;2015;20.700;17.774
421175;Otacílio Costa;SC;2015;16.947;
421180;Ouro;SC;2015;4.862;
421185;Ouro Verde;SC;2015;1.043;
421187;Paial;SC;2015;450;
421189;Painel;SC;2015;1.101;
421190;Palhoça;SC;2015;151.852;16.300
421200;Palma Sola;SC;2015;5.458;
421205;Palmeira;SC;2015;1.220;
421210;Palmitos;SC;2015;10.162;
421220;Papanduva;SC;2015;10.359;
421223;Paraíso;SC;2015;1.531;
421225;Passo de Torres;SC;2015;5.061;
421227;Passos Maia;SC;2015;1.548;
421230;Paulo Lopes;SC;2015;4.515;
421240;Pedras Grandes;SC;2015;;
421250;Penha;SC;2015;27.854;
421260;Peritiba;SC;2015;1.847;
421265;Pescaria Brava;SC;2015;2.556;
421270;Petrolândia;SC;2015;2.230;
421290;Pinhalzinho;SC;2015;16.714;
421300;Pinheiro Preto;SC;2015;2.321;854
421310;Piratuba;SC;2015;4.295;
421315;Planalto Alegre;SC;2015;;
421320;Pomerode;SC;2015;26.760;205
421330;Ponte Alta;SC;2015;4.025;
421335;Ponte Alta do Norte;SC;2015;3.045;
421340;Ponte Serrada;SC;2015;7.561;
421350;Porto Belo;SC;2015;18.495;
421360;Porto União;SC;2015;30.488;4.022
421370;Pouso Redondo;SC;2015;8.600;
421380;Praia Grande;SC;2015;4.500;1.500
421390;Presidente Castello Branco;SC;2015;740;
421400;Presidente Getúlio;SC;2015;12.680;
421410;Presidente Nereu;SC;2015;842;2.300
421415;Princesa;SC;2015;1.389;
421420;Quilombo;SC;2015;6.801;700
421430;Rancho Queimado;SC;2015;1.335;798
421440;Rio das Antas;SC;2015;3.295;
421450;Rio do Campo;SC;2015;3.848;
421460;Rio do Oeste;SC;2015;4.438;
421470;Rio dos Cedros;SC;2015;6.138;
421480;Rio do Sul;SC;2015;66.652;
421490;Rio Fortuna;SC;2015;1.934;
421500;Rio Negrinho;SC;2015;41.185;7.100
421505;Rio Rufino;SC;2015;1.044;
421507;Riqueza;SC;2015;2.649;
421510;Rodeio;SC;2015;8.209;
421520;Romelândia;SC;2015;2.011;
421530;Salete;SC;2015;5.407;
421535;Saltinho;SC;2015;1.790;
421540;Salto Veloso;SC;2015;3.819;
421545;Sangão;SC;2015;5.750;
421550;Santa Cecília;SC;2015;13.702;
421555;Santa Helena;SC;2015;1.700;
421560;Santa Rosa de Lima;SC;2015;650;
421565;Santa Rosa do Sul;SC;2015;8.100;
421567;Santa Terezinha;SC;2015;1.801;
421568;Santa Terezinha do Progresso;SC;2015;1.112;
421569;Santiago do Sul;SC;2015;1.365;
421570;Santo Amaro da Imperatriz;SC;2015;21.920;
421580;São Bento do Sul;SC;2015;79.746;18.365
421575;São Bernardino;SC;2015;964;
421590;São Bonifácio;SC;2015;774;
421600;São Carlos;SC;2015;7.942;
421605;São Cristovão do Sul;SC;2015;4.091;
421610;São Domingos;SC;2015;7.064;
421620;São Francisco do Sul;SC;2015;42.774;
421630;São João Batista;SC;2015;29.900;
421635;São João do Itaperiú;SC;2015;1.691;
421625;São João do Oeste;SC;2015;4.024;
421640;São João do Sul;SC;2015;995;
421650;São Joaquim;SC;2015;19.647;6.661
421660;São José;SC;2015;232.309;85.353
421670;São José do Cedro;SC;2015;10.191;
421680;São José do Cerrito;SC;2015;2.512;
421690;São Lourenço do Oeste;SC;2015;19.051;
421700;São Ludgero;SC;2015;11.238;10.970
421710;São Martinho;SC;2015;948;
421715;São Miguel da Boa Vista;SC;2015;1.013;
421720;São Miguel do Oeste;SC;2015;29.628;
421725;São Pedro de Alcântara;SC;2015;4.259;
421730;Saudades;SC;2015;5.678;
421740;Schroeder;SC;2015;17.132;
421750;Seara;SC;2015;10.954;
421755;Serra Alta;SC;2015;2.791;120
421760;Siderópolis;SC;2015;11.498;
421770;Sombrio;SC;2015;21.000;14.000
421775;Sul Brasil;SC;2015;1.706;
421780;Taió;SC;2015;11.827;
421790;Tangará;SC;2015;5.340;
421795;Tigrinhos;SC;2015;1.720;
421800;Tijucas;SC;2015;33.000;
421810;Timbé do Sul;SC;2015;3.800;
421820;Timbó;SC;2015;39.800;
421825;Timbó Grande;SC;2015;4.841;
421830;Três Barras;SC;2015;;
421835;Treviso;SC;2015;2.754;
421840;Treze de Maio;SC;2015;2.541;
421850;Treze Tílias;SC;2015;5.932;2.009
421860;Trombudo Central;SC;2015;5.541;
421870;Tubarão;SC;2015;96.806;
421875;Tunápolis;SC;2015;4.010;70
421880;Turvo;SC;2015;8.354;
421885;União do Oeste;SC;2015;1.467;
421890;Urubici;SC;2015;6.655;
421895;Urupema;SC;2015;1.394;
421900;Urussanga;SC;2015;19.200;3.240
421910;Vargeão;SC;2015;2.127;
421915;Vargem;SC;2015;1.700;
421917;Vargem Bonita;SC;2015;3.420;
421920;Vidal Ramos;SC;2015;2.382;
421930;Videira;SC;2015;49.110;
421935;Vitor Meireles;SC;2015;2.070;
421940;Witmarsum;SC;2015;1.961;
421950;Xanxerê;SC;2015;28.131;
421960;Xavantina;SC;2015;941;
421970;Xaxim;SC;2015;22.948;
421985;Zortéa;SC;2015;;
280010;Amparo de São Francisco;SE;2015;2.088;
280020;Aquidabã;SE;2015;18.959;
280030;Aracaju;SE;2015;627.728;252.630
280040;Arauá;SE;2015;7.151;
280050;Areia Branca;SE;2015;14.333;
280060;Barra dos Coqueiros;SE;2015;27.563;15.417
280067;Boquim;SE;2015;16.613;
280070;Brejo Grande;SE;2015;6.399;
280100;Campo do Brito;SE;2015;14.608;
280110;Canhoba;SE;2015;4.005;
280120;Canindé de São Francisco;SE;2015;19.011;
280130;Capela;SE;2015;33.374;
280140;Carira;SE;2015;19.439;
280150;Carmópolis;SE;2015;15.622;
280160;Cedro de São João;SE;2015;5.675;
280170;Cristinápolis;SE;2015;12.248;
280190;Cumbe;SE;2015;3.861;
280200;Divina Pastora;SE;2015;2.206;
280210;Estância;SE;2015;64.930;1.040
280220;Feira Nova;SE;2015;5.385;
280230;Frei Paulo;SE;2015;14.689;
280240;Gararu;SE;2015;10.421;
280250;General Maynard;SE;2015;1.977;
280260;Gracho Cardoso;SE;2015;5.767;
280270;Ilha das Flores;SE;2015;7.647;
280280;Indiaroba;SE;2015;7.360;
280290;Itabaiana;SE;2015;91.832;18.000
280300;Itabaianinha;SE;2015;26.435;
280310;Itabi;SE;2015;4.923;
280320;Itaporanga d Ajuda;SE;2015;20.905;
280330;Japaratuba;SE;2015;15.526;8.570
280340;Japoatã;SE;2015;10.028;
280350;Lagarto;SE;2015;85.282;6.462
280360;Laranjeiras;SE;2015;18.680;
280370;Macambira;SE;2015;5.760;2.745
280380;Malhada dos Bois;SE;2015;3.553;
280390;Malhador;SE;2015;12.028;
280400;Maruim;SE;2015;12.469;
280410;Moita Bonita;SE;2015;7.230;11.395
280420;Monte Alegre de Sergipe;SE;2015;12.572;
280430;Muribeca;SE;2015;7.485;
280440;Neópolis;SE;2015;13.506;
280445;Nossa Senhora Aparecida;SE;2015;8.724;8.543
280450;Nossa Senhora da Glória;SE;2015;35.129;
280460;Nossa Senhora das Dores;SE;2015;24.208;
280470;Nossa Senhora de Lourdes;SE;2015;6.246;
280480;Nossa Senhora do Socorro;SE;2015;138.980;49.763
280490;Pacatuba;SE;2015;6.457;
280500;Pedra Mole;SE;2015;3.139;
280510;Pedrinhas;SE;2015;3.940;
280520;Pinhão;SE;2015;5.424;
280530;Pirambu;SE;2015;8.879;
280540;Poço Redondo;SE;2015;18.346;
280550;Poço Verde;SE;2015;20.069;
280560;Porto da Folha;SE;2015;27.942;
280570;Propriá;SE;2015;28.135;
280580;Riachão do Dantas;SE;2015;10.890;
280590;Riachuelo;SE;2015;8.102;
280600;Ribeirópolis;SE;2015;16.400;
280610;Rosário do Catete;SE;2015;7.185;10.364
280620;Salgado;SE;2015;11.290;
280630;Santa Luzia do Itanhy;SE;2015;3.369;
280640;Santana do São Francisco;SE;2015;6.672;
280650;Santa Rosa de Lima;SE;2015;3.662;
280660;Santo Amaro das Brotas;SE;2015;8.461;
280670;São Cristóvão;SE;2015;57.129;24.458
280680;São Domingos;SE;2015;6.998;
280690;São Francisco;SE;2015;2.509;
280700;São Miguel do Aleixo;SE;2015;2.971;
280710;Simão Dias;SE;2015;28.171;2.825
280720;Siriri;SE;2015;3.340;
280730;Telha;SE;2015;3.113;
280740;Tobias Barreto;SE;2015;40.134;
280750;Tomar do Geru;SE;2015;7.279;
280760;Umbaúba;SE;2015;9.936;
350010;Adamantina;SP;2015;34.712;34.353
350020;Adolfo;SP;2015;3.623;3.623
350030;Aguaí;SP;2015;;
350040;Águas da Prata;SP;2015;7.612;6.991
350050;Águas de Lindóia;SP;2015;18.149;18.049
350055;Águas de Santa Bárbara;SP;2015;4.027;2.899
350060;Águas de São Pedro;SP;2015;2.897;2.715
350070;Agudos;SP;2015;35.919;34.783
350075;Alambari;SP;2015;4.409;2.664
350080;Alfredo Marcondes;SP;2015;3.922;3.627
350090;Altair;SP;2015;3.258;3.180
350100;Altinópolis;SP;2015;14.136;14.136
350110;Alto Alegre;SP;2015;3.308;3.166
350115;Alumínio;SP;2015;11.802;10.701
350120;Álvares Florence;SP;2015;3.567;3.567
350130;Álvares Machado;SP;2015;24.651;23.816
350140;Álvaro de Carvalho;SP;2015;3.206;3.179
350150;Alvinlândia;SP;2015;2.885;2.817
350160;Americana;SP;2015;229.322;229.322
350170;Américo Brasiliense;SP;2015;37.913;37.913
350180;Américo de Campos;SP;2015;4.986;4.976
350190;Amparo;SP;2015;55.310;52.544
350200;Analândia;SP;2015;;
350210;Andradina;SP;2015;54.716;52.368
350220;Angatuba;SP;2015;19.162;15.458
350230;Anhembi;SP;2015;4.927;4.645
350240;Anhumas;SP;2015;3.446;3.350
350250;Aparecida;SP;2015;36.217;35.130
350260;Aparecida D Oeste;SP;2015;3.711;3.571
350270;Apiaí;SP;2015;19.222;11.879
350275;Araçariguama;SP;2015;11.650;7.812
350280;Araçatuba;SP;2015;189.039;187.149
350290;Araçoiaba da Serra;SP;2015;30.229;8.595
350300;Aramina;SP;2015;;
350310;Arandu;SP;2015;3.992;3.905
350315;Arapeí;SP;2015;1.826;1.762
350320;Araraquara;SP;2015;219.975;220.114
350330;Araras;SP;2015;128.895;128.895
350335;Arco-Íris;SP;2015;1.071;1.050
350340;Arealva;SP;2015;5.744;5.126
350350;Areias;SP;2015;;
350360;Areiópolis;SP;2015;10.448;10.422
350370;Ariranha;SP;2015;;
350380;Artur Nogueira;SP;2015;45.493;44.129
350390;Arujá;SP;2015;83.939;52.927
350395;Aspásia;SP;2015;1.532;1.535
350400;Assis;SP;2015;98.595;98.280
350410;Atibaia;SP;2015;113.369;62.359
350420;Auriflama;SP;2015;14.217;13.799
350430;Avaí;SP;2015;3.227;3.145
350440;Avanhandava;SP;2015;10.754;10.754
350450;Avaré;SP;2015;85.333;81.720
350460;Bady Bassitt;SP;2015;15.301;14.688
350470;Balbinos;SP;2015;4.404;1.304
350480;Bálsamo;SP;2015;8.773;8.773
350490;Bananal;SP;2015;8.131;7.498
350500;Barão de Antonina;SP;2015;2.471;1.875
350510;Barbosa;SP;2015;7.080;7.080
350520;Bariri;SP;2015;34.048;34.048
350530;Barra Bonita;SP;2015;36.321;36.321
350535;Barra do Chapéu;SP;2015;2.129;973
350540;Barra do Turvo;SP;2015;3.220;2.393
350550;Barretos;SP;2015;112.927;112.345
350560;Barrinha;SP;2015;30.112;30.112
350570;Barueri;SP;2015;262.275;230.545
350580;Bastos;SP;2015;18.375;18.329
350590;Batatais;SP;2015;52.755;52.755
350600;Bauru;SP;2015;360.492;356.523
350610;Bebedouro;SP;2015;77.545;77.545
350620;Bento de Abreu;SP;2015;2.711;2.697
350630;Bernardino de Campos;SP;2015;9.988;9.770
350635;Bertioga;SP;2015;32.512;28.383
350640;Bilac;SP;2015;7.500;7.650
350650;Birigui;SP;2015;118.352;118.352
350660;Biritiba-Mirim;SP;2015;17.263;14.791
350670;Boa Esperança do Sul;SP;2015;;
350680;Bocaina;SP;2015;11.810;11.656
350690;Bofete;SP;2015;6.800;6.125
350700;Boituva;SP;2015;43.443;37.289
350710;Bom Jesus dos Perdões;SP;2015;20.722;20.025
350715;Bom Sucesso de Itararé;SP;2015;2.232;2.132
350720;Borá;SP;2015;836;836
350730;Boracéia;SP;2015;4.101;4.085
350740;Borborema;SP;2015;14.030;14.030
350745;Borebi;SP;2015;2.171;2.171
350750;Botucatu;SP;2015;137.479;128.433
350760;Bragança Paulista;SP;2015;147.183;129.027
350770;Braúna;SP;2015;4.869;4.769
350775;Brejo Alegre;SP;2015;2.357;1.969
350780;Brodowski;SP;2015;22.800;22.777
350790;Brotas;SP;2015;23.419;22.419
350800;Buri;SP;2015;15.676;14.459
350810;Buritama;SP;2015;16.583;16.583
350820;Buritizal;SP;2015;3.506;3.469
350830;Cabrália Paulista;SP;2015;4.390;4.385
350840;Cabreúva;SP;2015;34.673;29.259
350850;Caçapava;SP;2015;91.162;81.138
350860;Cachoeira Paulista;SP;2015;30.408;27.557
350870;Caconde;SP;2015;13.207;11.526
350880;Cafelândia;SP;2015;15.201;15.201
350890;Caiabu;SP;2015;3.441;3.013
350900;Caieiras;SP;2015;92.943;71.546
350910;Caiuá;SP;2015;5.500;2.379
350920;Cajamar;SP;2015;71.805;61.142
350925;Cajati;SP;2015;21.878;16.462
350930;Cajobi;SP;2015;9.597;9.597
350940;Cajuru;SP;2015;22.420;22.051
350945;Campina do Monte Alegre;SP;2015;4.960;3.893
350950;Campinas;SP;2015;1.138.654;1.057.763
350960;Campo Limpo Paulista;SP;2015;64.930;48.178
350970;Campos do Jordão;SP;2015;32.218;24.654
350980;Campos Novos Paulista;SP;2015;4.808;4.808
350990;Cananéia;SP;2015;10.125;7.434
350995;Canas;SP;2015;4.397;3.673
351000;Cândido Mota;SP;2015;29.268;29.200
351010;Cândido Rodrigues;SP;2015;2.290;2.245
351015;Canitar;SP;2015;4.558;4.558
351020;Capão Bonito;SP;2015;39.884;36.239
351030;Capela do Alto;SP;2015;16.561;11.522
351040;Capivari;SP;2015;50.228;47.717
351050;Caraguatatuba;SP;2015;91.337;73.230
351060;Carapicuíba;SP;2015;392.294;300.129
351070;Cardoso;SP;2015;11.978;9.989
351080;Casa Branca;SP;2015;28.084;28.084
351090;Cássia dos Coqueiros;SP;2015;1.905;1.774
351100;Castilho;SP;2015;14.997;14.697
351110;Catanduva;SP;2015;118.521;118.521
351120;Catiguá;SP;2015;7.513;7.466
351130;Cedral;SP;2015;8.060;7.650
351140;Cerqueira César;SP;2015;18.750;18.750
351150;Cerquilho;SP;2015;44.195;42.636
351160;Cesário Lange;SP;2015;14.170;11.284
351170;Charqueada;SP;2015;15.957;12.543
355720;Chavantes;SP;2015;12.144;11.872
351190;Clementina;SP;2015;7.618;7.618
351200;Colina;SP;2015;18.245;18.245
351210;Colômbia;SP;2015;5.542;5.301
351220;Conchal;SP;2015;27.132;26.850
351230;Conchas;SP;2015;12.702;11.900
351240;Cordeirópolis;SP;2015;;
351250;Coroados;SP;2015;4.918;4.728
351260;Coronel Macedo;SP;2015;3.871;3.592
351270;Corumbataí;SP;2015;4.018;4.018
351280;Cosmópolis;SP;2015;65.000;65.000
351290;Cosmorama;SP;2015;7.388;7.388
351300;Cotia;SP;2015;227.972;106.374
351310;Cravinhos;SP;2015;33.261;33.261
351320;Cristais Paulista;SP;2015;6.018;6.018
351330;Cruzália;SP;2015;1.816;1.774
351340;Cruzeiro;SP;2015;81.082;79.016
351350;Cubatão;SP;2015;109.591;65.815
351360;Cunha;SP;2015;;
351370;Descalvado;SP;2015;29.789;29.305
351380;Diadema;SP;2015;412.428;412.428
351385;Dirce Reis;SP;2015;1.384;1.328
351390;Divinolândia;SP;2015;8.095;7.174
351400;Dobrada;SP;2015;8.400;8.400
351410;Dois Córregos;SP;2015;24.761;23.336
351420;Dolcinópolis;SP;2015;2.142;2.142
351430;Dourado;SP;2015;8.457;8.268
351440;Dracena;SP;2015;45.847;42.337
351450;Duartina;SP;2015;11.658;11.385
351460;Dumont;SP;2015;8.700;8.700
351470;Echaporã;SP;2015;5.816;5.696
351480;Eldorado;SP;2015;7.339;6.236
351490;Elias Fausto;SP;2015;13.292;12.956
351492;Elisiário;SP;2015;3.161;3.161
351495;Embaúba;SP;2015;2.109;1.980
351500;Embú das Artes;SP;2015;259.845;172.682
351510;Embu-Guaçu;SP;2015;52.929;24.797
351512;Emilianópolis;SP;2015;2.820;2.806
351515;Engenheiro Coelho;SP;2015;13.600;13.385
351518;Espírito Santo do Pinhal;SP;2015;38.559;38.183
351519;Espírito Santo do Turvo;SP;2015;3.943;3.866
355730;Estiva Gerbi;SP;2015;8.672;8.672
351520;Estrela D Oeste;SP;2015;7.727;7.489
351530;Estrela do Norte;SP;2015;2.505;2.467
351535;Euclides da Cunha Paulista;SP;2015;6.532;5.780
351540;Fartura;SP;2015;13.889;13.569
351550;Fernandópolis;SP;2015;68.120;68.120
351560;Fernando Prestes;SP;2015;5.709;5.460
351565;Fernão;SP;2015;918;916
351570;Ferraz de Vasconcelos;SP;2015;178.203;148.522
351580;Flora Rica;SP;2015;1.287;1.250
351590;Floreal;SP;2015;2.642;2.625
351600;Flórida Paulista;SP;2015;10.387;10.183
351610;Florínia;SP;2015;2.248;2.189
351620;Franca;SP;2015;341.981;341.981
351630;Francisco Morato;SP;2015;154.105;67.648
351640;Franco da Rocha;SP;2015;139.028;86.652
351650;Gabriel Monteiro;SP;2015;2.587;2.571
351660;Gália;SP;2015;5.257;5.141
351670;Garça;SP;2015;40.480;40.480
351680;Gastão Vidigal;SP;2015;3.715;3.671
351685;Gavião Peixoto;SP;2015;4.635;4.635
351690;General Salgado;SP;2015;10.850;10.081
351700;Getulina;SP;2015;;
351710;Glicério;SP;2015;3.182;3.082
351720;Guaiçara;SP;2015;10.458;10.458
351730;Guaimbê;SP;2015;5.425;5.425
351740;Guaíra;SP;2015;39.813;39.813
351750;Guapiaçu;SP;2015;17.723;16.274
351760;Guapiara;SP;2015;9.727;5.556
351770;Guará;SP;2015;20.242;20.242
351780;Guaraçaí;SP;2015;6.821;6.684
351790;Guaraci;SP;2015;9.976;9.976
351800;Guarani D Oeste;SP;2015;1.824;1.738
351810;Guarantã;SP;2015;5.633;5.663
351820;Guararapes;SP;2015;29.937;29.937
351830;Guararema;SP;2015;18.961;10.289
351840;Guaratinguetá;SP;2015;119.073;109.547
351850;Guareí;SP;2015;10.707;7.315
351860;Guariba;SP;2015;37.486;38.499
351870;Guarujá;SP;2015;255.447;195.438
351880;Guarulhos;SP;2015;1.322.637;1.159.600
351885;Guatapará;SP;2015;6.966;6.966
351890;Guzolândia;SP;2015;4.419;4.341
351900;Herculândia;SP;2015;7.940;7.130
351905;Holambra;SP;2015;9.688;9.688
351907;Hortolândia;SP;2015;215.819;199.500
351910;Iacanga;SP;2015;9.674;9.065
351920;Iacri;SP;2015;5.462;5.393
351925;Iaras;SP;2015;2.885;2.520
351930;Ibaté;SP;2015;;
351940;Ibirá;SP;2015;10.588;10.351
351950;Ibirarema;SP;2015;6.750;6.750
351960;Ibitinga;SP;2015;55.370;55.370
351970;Ibiúna;SP;2015;33.403;12.690
351980;Icém;SP;2015;7.277;7.159
351990;Iepê;SP;2015;;
352000;Igaraçu do Tietê;SP;2015;24.160;24.160
352010;Igarapava;SP;2015;27.305;26.757
352020;Igaratá;SP;2015;4.959;2.328
352030;Iguape;SP;2015;19.838;13.892
352040;Ilhabela;SP;2015;21.898;8.959
352042;Ilha Comprida;SP;2015;9.183;4.178
352044;Ilha Solteira;SP;2015;26.344;24.721
352050;Indaiatuba;SP;2015;225.516;219.360
352060;Indiana;SP;2015;;
352070;Indiaporã;SP;2015;3.349;3.013
352080;Inúbia Paulista;SP;2015;3.231;3.211
352090;Ipaussu;SP;2015;13.432;13.432
352100;Iperó;SP;2015;27.996;24.683
352110;Ipeúna;SP;2015;5.951;5.475
352115;Ipiguá;SP;2015;;
352120;Iporanga;SP;2015;2.183;1.904
352130;Ipuã;SP;2015;15.567;15.567
352140;Iracemápolis;SP;2015;;
352150;Irapuã;SP;2015;6.617;6.611
352160;Irapuru;SP;2015;5.788;5.780
352170;Itaberá;SP;2015;12.464;11.043
352180;Itaí;SP;2015;17.213;16.927
352190;Itajobi;SP;2015;15.177;15.177
352200;Itaju;SP;2015;2.600;3.064
352210;Itanhaém;SP;2015;87.633;31.887
352215;Itaóca;SP;2015;2.010;685
352220;Itapecerica da Serra;SP;2015;151.003;46.044
352230;Itapetininga;SP;2015;142.781;133.015
352240;Itapeva;SP;2015;80.466;70.608
352250;Itapevi;SP;2015;209.883;135.198
352260;Itapira;SP;2015;72.247;72.247
352265;Itapirapuã Paulista;SP;2015;2.493;1.507
352270;Itápolis;SP;2015;36.325;36.325
352280;Itaporanga;SP;2015;12.408;10.460
352290;Itapuí;SP;2015;;
352300;Itapura;SP;2015;3.760;3.000
352310;Itaquaquecetuba;SP;2015;344.337;233.516
352320;Itararé;SP;2015;43.460;38.983
352330;Itariri;SP;2015;6.405;4.386
352340;Itatiba;SP;2015;98.438;92.456
352350;Itatinga;SP;2015;15.759;15.589
352360;Itirapina;SP;2015;12.562;14.869
352370;Itirapuã;SP;2015;5.423;5.362
352380;Itobi;SP;2015;6.719;6.530
352390;Itu;SP;2015;154.905;154.905
352400;Itupeva;SP;2015;42.301;37.250
352410;Ituverava;SP;2015;40.994;40.994
352420;Jaborandi;SP;2015;5.525;5.863
352430;Jaboticabal;SP;2015;75.041;75.041
352440;Jacareí;SP;2015;223.410;203.519
352450;Jaci;SP;2015;;
352460;Jacupiranga;SP;2015;11.662;9.477
352470;Jaguariúna;SP;2015;50.410;47.849
352480;Jales;SP;2015;47.931;47.086
352490;Jambeiro;SP;2015;4.418;2.984
352500;Jandira;SP;2015;118.832;84.354
352510;Jardinópolis;SP;2015;41.799;41.799
352520;Jarinu;SP;2015;16.857;4.222
352530;Jaú;SP;2015;142.056;142.056
352540;Jeriquara;SP;2015;3.039;2.964
352550;Joanópolis;SP;2015;8.669;7.509
352560;João Ramalho;SP;2015;3.747;3.747
352570;José Bonifácio;SP;2015;32.135;32.089
352580;Júlio Mesquita;SP;2015;;
352585;Jumirim;SP;2015;3.142;1.823
352590;Jundiaí;SP;2015;393.057;393.057
352600;Junqueirópolis;SP;2015;16.501;16.501
352610;Juquiá;SP;2015;12.656;9.009
352620;Juquitiba;SP;2015;13.235;4.144
352630;Lagoinha;SP;2015;3.112;3.017
352640;Laranjal Paulista;SP;2015;24.097;22.878
352650;Lavínia;SP;2015;4.950;4.660
352660;Lavrinhas;SP;2015;6.572;4.162
352670;Leme;SP;2015;97.992;97.992
352680;Lençóis Paulista;SP;2015;64.649;64.649
352690;Limeira;SP;2015;287.594;287.594
352700;Lindóia;SP;2015;7.485;4.801
352710;Lins;SP;2015;76.092;76.092
352720;Lorena;SP;2015;85.054;83.667
352725;Lourdes;SP;2015;1.844;1.822
352730;Louveira;SP;2015;43.862;38.072
352740;Lucélia;SP;2015;18.605;18.237
352750;Lucianópolis;SP;2015;1.893;1.860
352760;Luís Antônio;SP;2015;12.878;12.878
352770;Luiziânia;SP;2015;4.843;4.817
352780;Lupércio;SP;2015;4.141;4.096
352790;Lutécia;SP;2015;2.383;2.317
352800;Macatuba;SP;2015;16.452;16.452
352810;Macaubal;SP;2015;;
352820;Macedônia;SP;2015;2.865;2.837
352830;Magda;SP;2015;2.805;2.685
352840;Mairinque;SP;2015;46.015;36.099
352850;Mairiporã;SP;2015;51.981;21.371
352860;Manduri;SP;2015;8.590;8.590
352870;Marabá Paulista;SP;2015;2.190;2.142
352880;Maracaí;SP;2015;12.424;12.200
352885;Marapoama;SP;2015;;
352890;Mariápolis;SP;2015;3.414;3.269
352900;Marília;SP;2015;225.178;225.032
352910;Marinópolis;SP;2015;1.716;1.693
352920;Martinópolis;SP;2015;25.805;25.805
352930;Matão;SP;2015;81.439;81.439
352940;Mauá;SP;2015;444.220;418.151
352950;Mendonça;SP;2015;;
352960;Meridiano;SP;2015;3.557;3.388
352965;Mesópolis;SP;2015;1.720;1.608
352970;Miguelópolis;SP;2015;18.382;18.433
352980;Mineiros do Tietê;SP;2015;12.132;12.078
352990;Miracatu;SP;2015;11.010;7.532
353000;Mira Estrela;SP;2015;1.731;1.710
353010;Mirandópolis;SP;2015;28.687;23.290
353020;Mirante do Paranapanema;SP;2015;10.245;7.619
353030;Mirassol;SP;2015;56.395;56.395
353040;Mirassolândia;SP;2015;;
353050;Mococa;SP;2015;64.271;63.788
353060;Mogi das Cruzes;SP;2015;391.272;382.273
353070;Mogi Guaçu;SP;2015;139.777;135.583
353080;Mogi Mirim;SP;2015;85.601;84.745
353090;Mombuca;SP;2015;3.007;2.740
353100;Monções;SP;2015;2.100;2.045
353110;Mongaguá;SP;2015;48.682;39.831
353120;Monte Alegre do Sul;SP;2015;6.618;3.485
353130;Monte Alto;SP;2015;49.456;49.049
353140;Monte Aprazível;SP;2015;21.903;20.841
353150;Monte Azul Paulista;SP;2015;19.304;19.304
353160;Monte Castelo;SP;2015;3.309;3.309
353170;Monteiro Lobato;SP;2015;2.214;1.648
353180;Monte Mor;SP;2015;55.409;34.355
353190;Morro Agudo;SP;2015;30.307;30.307
353200;Morungaba;SP;2015;11.077;10.659
353205;Motuca;SP;2015;4.607;4.607
353210;Murutinga do Sul;SP;2015;3.088;2.850
353215;Nantes;SP;2015;2.675;2.000
353220;Narandiba;SP;2015;4.040;3.976
353230;Natividade da Serra;SP;2015;6.786;6.786
353240;Nazaré Paulista;SP;2015;6.766;2.278
353250;Neves Paulista;SP;2015;;
353260;Nhandeara;SP;2015;9.183;9.047
353270;Nipoã;SP;2015;4.095;3.864
353280;Nova Aliança;SP;2015;;
353282;Nova Campina;SP;2015;4.861;4.757
353284;Nova Canaã Paulista;SP;2015;1.397;1.047
353286;Nova Castilho;SP;2015;;
353290;Nova Europa;SP;2015;10.200;10.200
353300;Nova Granada;SP;2015;19.254;18.525
353310;Nova Guataporanga;SP;2015;2.134;2.071
353320;Nova Independência;SP;2015;2.861;2.861
353325;Novais;SP;2015;4.837;4.837
353330;Nova Luzitânia;SP;2015;3.187;3.158
353340;Nova Odessa;SP;2015;56.764;56.764
353350;Novo Horizonte;SP;2015;36.982;36.394
353360;Nuporanga;SP;2015;7.255;7.255
353370;Ocauçu;SP;2015;3.435;3.435
353380;Óleo;SP;2015;2.076;1.690
353390;Olímpia;SP;2015;50.395;50.395
353400;Onda Verde;SP;2015;3.839;3.818
353410;Oriente;SP;2015;6.124;6.081
353420;Orindiúva;SP;2015;5.704;5.677
353430;Orlândia;SP;2015;42.354;42.354
353440;Osasco;SP;2015;694.844;564.500
353450;Oscar Bressane;SP;2015;2.138;2.099
353460;Osvaldo Cruz;SP;2015;29.995;29.406
353470;Ourinhos;SP;2015;110.282;107.434
353475;Ouroeste;SP;2015;9.564;9.478
353480;Ouro Verde;SP;2015;7.176;7.176
353490;Pacaembu;SP;2015;;
353500;Palestina;SP;2015;10.208;8.442
353510;Palmares Paulista;SP;2015;10.486;10.473
353520;Palmeira D Oeste;SP;2015;7.865;7.392
353530;Palmital;SP;2015;20.211;20.211
353540;Panorama;SP;2015;15.092;14.851
353550;Paraguaçu Paulista;SP;2015;41.326;40.769
353560;Paraibuna;SP;2015;;
353570;Paraíso;SP;2015;;
353580;Paranapanema;SP;2015;13.247;11.450
353590;Paranapuã;SP;2015;3.845;3.757
353600;Parapuã;SP;2015;9.876;9.651
353610;Pardinho;SP;2015;3.924;3.266
353620;Pariquera-Açu;SP;2015;13.861;11.417
353625;Parisi;SP;2015;1.725;1.725
353630;Patrocínio Paulista;SP;2015;14.093;14.093
353640;Paulicéia;SP;2015;6.981;3.192
353650;Paulínia;SP;2015;97.702;97.702
353657;Paulistânia;SP;2015;1.190;1.173
353660;Paulo de Faria;SP;2015;7.938;7.788
353670;Pederneiras;SP;2015;44.910;43.675
353680;Pedra Bela;SP;2015;1.481;1.223
353690;Pedranópolis;SP;2015;1.901;1.658
353700;Pedregulho;SP;2015;12.974;12.329
353710;Pedreira;SP;2015;45.196;44.667
353715;Pedrinhas Paulista;SP;2015;2.649;2.621
353720;Pedro de Toledo;SP;2015;6.419;3.646
353730;Penápolis;SP;2015;59.283;59.283
353740;Pereira Barreto;SP;2015;23.973;23.010
353750;Pereiras;SP;2015;5.741;5.741
353760;Peruíbe;SP;2015;60.334;46.192
353770;Piacatu;SP;2015;5.521;5.447
353780;Piedade;SP;2015;29.439;17.174
353790;Pilar do Sul;SP;2015;23.923;17.324
353800;Pindamonhangaba;SP;2015;160.614;155.294
353810;Pindorama;SP;2015;15.468;15.468
353820;Pinhalzinho;SP;2015;7.965;6.304
353830;Piquerobi;SP;2015;2.851;2.728
353850;Piquete;SP;2015;13.227;10.317
353860;Piracaia;SP;2015;17.582;12.489
353870;Piracicaba;SP;2015;391.344;391.240
353880;Piraju;SP;2015;26.764;26.112
353890;Pirajuí;SP;2015;24.000;19.450
353900;Pirangi;SP;2015;11.220;11.220
353910;Pirapora do Bom Jesus;SP;2015;14.597;8.471
353920;Pirapozinho;SP;2015;25.353;24.049
353930;Pirassununga;SP;2015;68.345;68.345
353940;Piratininga;SP;2015;11.232;10.169
353950;Pitangueiras;SP;2015;38.211;38.211
353960;Planalto;SP;2015;4.202;4.137
353970;Platina;SP;2015;2.666;2.654
353980;Poá;SP;2015;113.793;112.155
353990;Poloni;SP;2015;5.192;5.155
354000;Pompéia;SP;2015;21.373;21.375
354010;Pongaí;SP;2015;3.116;3.119
354020;Pontal;SP;2015;45.118;45.118
354025;Pontalinda;SP;2015;3.509;3.466
354030;Pontes Gestal;SP;2015;2.593;2.593
354040;Populina;SP;2015;4.060;3.969
354050;Porangaba;SP;2015;6.601;3.313
354060;Porto Feliz;SP;2015;51.928;51.928
354070;Porto Ferreira;SP;2015;53.779;52.703
354075;Potim;SP;2015;;
354080;Potirendaba;SP;2015;16.709;16.709
354085;Pracinha;SP;2015;1.447;3.087
354090;Pradópolis;SP;2015;19.450;18.100
354100;Praia Grande;SP;2015;272.502;202.433
354105;Pratânia;SP;2015;4.261;4.218
354110;Presidente Alves;SP;2015;3.640;3.557
354120;Presidente Bernardes;SP;2015;10.917;9.926
354130;Presidente Epitácio;SP;2015;40.417;35.522
354140;Presidente Prudente;SP;2015;222.192;222.192
354150;Presidente Venceslau;SP;2015;39.400;39.100
354160;Promissão;SP;2015;34.791;32.380
354165;Quadra;SP;2015;1.105;640
354170;Quatá;SP;2015;12.259;12.078
354180;Queiroz;SP;2015;3.109;3.092
354190;Queluz;SP;2015;9.997;6.828
354200;Quintana;SP;2015;6.425;6.238
354210;Rafard;SP;2015;7.680;7.680
354220;Rancharia;SP;2015;26.701;29.778
354230;Redenção da Serra;SP;2015;1.731;1.429
354240;Regente Feijó;SP;2015;18.991;18.610
354250;Reginópolis;SP;2015;8.640;8.640
354260;Registro;SP;2015;50.256;43.916
354270;Restinga;SP;2015;6.726;6.451
354280;Ribeira;SP;2015;2.269;607
354290;Ribeirão Bonito;SP;2015;11.936;11.864
354300;Ribeirão Branco;SP;2015;11.816;8.230
354310;Ribeirão Corrente;SP;2015;3.406;3.381
354323;Ribeirão dos Índios;SP;2015;2.003;1.971
354320;Ribeirão do Sul;SP;2015;3.101;2.952
354325;Ribeirão Grande;SP;2015;6.452;2.863
354330;Ribeirão Pires;SP;2015;107.577;87.439
354340;Ribeirão Preto;SP;2015;664.432;651.144
354360;Rifaina;SP;2015;3.006;2.820
354370;Rincão;SP;2015;8.770;8.770
354380;Rinópolis;SP;2015;;
354390;Rio Claro;SP;2015;199.961;199.961
354400;Rio das Pedras;SP;2015;31.932;31.932
354410;Rio Grande da Serra;SP;2015;41.206;25.269
354420;Riolândia;SP;2015;8.794;8.703
354350;Riversul;SP;2015;4.573;4.005
354425;Rosana;SP;2015;14.955;14.877
354430;Roseira;SP;2015;9.458;9.211
354440;Rubiácea;SP;2015;2.670;2.597
354450;Rubinéia;SP;2015;2.933;2.065
354460;Sabino;SP;2015;4.825;4.825
354470;Sagres;SP;2015;2.094;1.972
354480;Sales;SP;2015;5.921;5.921
354490;Sales Oliveira;SP;2015;11.225;10.164
354500;Salesópolis;SP;2015;10.403;8.557
354510;Salmourão;SP;2015;4.417;4.349
354515;Saltinho;SP;2015;7.814;7.714
354520;Salto;SP;2015;113.368;109.267
354530;Salto de Pirapora;SP;2015;43.574;32.230
354540;Salto Grande;SP;2015;8.327;5.495
354550;Sandovalina;SP;2015;2.979;2.926
354560;Santa Adélia;SP;2015;15.045;15.045
354570;Santa Albertina;SP;2015;5.971;5.892
354580;Santa Bárbara D Oeste;SP;2015;188.646;188.646
354600;Santa Branca;SP;2015;14.534;12.820
354610;Santa Clara D Oeste;SP;2015;1.910;1.841
354620;Santa Cruz da Conceição;SP;2015;3.300;3.300
354625;Santa Cruz da Esperança;SP;2015;1.603;1.573
354630;Santa Cruz das Palmeiras;SP;2015;31.729;31.729
354640;Santa Cruz do Rio Pardo;SP;2015;43.999;42.005
354650;Santa Ernestina;SP;2015;5.681;5.681
354660;Santa Fé do Sul;SP;2015;31.348;31.348
354670;Santa Gertrudes;SP;2015;24.474;24.474
354680;Santa Isabel;SP;2015;44.000;41.000
354690;Santa Lúcia;SP;2015;8.279;8.279
354700;Santa Maria da Serra;SP;2015;4.856;4.772
354710;Santa Mercedes;SP;2015;2.937;2.463
354720;Santana da Ponte Pensa;SP;2015;1.291;1.260
354730;Santana de Parnaíba;SP;2015;126.574;45.395
354740;Santa Rita D Oeste;SP;2015;1.821;1.773
354750;Santa Rita do Passa Quatro;SP;2015;;
354760;Santa Rosa de Viterbo;SP;2015;24.557;24.177
354765;Santa Salete;SP;2015;1.082;1.045
354770;Santo Anastácio;SP;2015;18.886;18.639
354780;Santo André;SP;2015;708.000;700.000
354790;Santo Antônio da Alegria;SP;2015;6.722;6.722
354800;Santo Antônio de Posse;SP;2015;20.226;19.807
354805;Santo Antônio do Aracanguá;SP;2015;6.396;6.396
354810;Santo Antônio do Jardim;SP;2015;3.484;3.358
354820;Santo Antônio do Pinhal;SP;2015;3.855;1.972
354830;Santo Expedito;SP;2015;2.841;2.584
354840;Santópolis do Aguapeí;SP;2015;4.216;4.213
354850;Santos;SP;2015;433.966;433.449
354860;São Bento do Sapucaí;SP;2015;7.185;5.018
354870;São Bernardo do Campo;SP;2015;816.925;765.711
354880;São Caetano do Sul;SP;2015;158.024;158.024
354890;São Carlos;SP;2015;231.721;231.721
354900;São Francisco;SP;2015;2.524;2.448
354910;São João da Boa Vista;SP;2015;87.835;86.278
354920;São João das Duas Pontes;SP;2015;2.433;2.189
354925;São João de Iracema;SP;2015;1.538;1.538
354930;São João do Pau d Alho;SP;2015;1.737;1.737
354940;São Joaquim da Barra;SP;2015;49.010;49.010
354950;São José da Bela Vista;SP;2015;8.456;8.456
354960;São José do Barreiro;SP;2015;;
354970;São José do Rio Pardo;SP;2015;49.564;48.162
354980;São José do Rio Preto;SP;2015;397.146;410.738
354990;São José dos Campos;SP;2015;688.322;661.879
354995;São Lourenço da Serra;SP;2015;7.042;4.162
355000;São Luís do Paraitinga;SP;2015;6.050;5.408
355010;São Manuel;SP;2015;39.057;37.910
355020;São Miguel Arcanjo;SP;2015;22.890;18.357
355030;São Paulo;SP;2015;11.872.082;11.530.048
355040;São Pedro;SP;2015;34.284;27.945
355050;São Pedro do Turvo;SP;2015;5.280;5.280
355060;São Roque;SP;2015;56.834;36.698
355070;São Sebastião;SP;2015;54.653;39.086
355080;São Sebastião da Grama;SP;2015;12.355;12.355
355090;São Simão;SP;2015;13.496;13.496
355100;São Vicente;SP;2015;325.324;254.854
355110;Sarapuí;SP;2015;8.329;4.531
355120;Sarutaiá;SP;2015;3.151;2.877
355130;Sebastianópolis do Sul;SP;2015;2.846;2.827
355140;Serra Azul;SP;2015;7.378;7.116
355150;Serrana;SP;2015;42.784;42.784
355160;Serra Negra;SP;2015;21.517;17.693
355170;Sertãozinho;SP;2015;120.000;120.000
355180;Sete Barras;SP;2015;8.553;6.438
355190;Severínia;SP;2015;16.200;16.200
355200;Silveiras;SP;2015;3.916;3.175
355210;Socorro;SP;2015;23.809;21.153
355220;Sorocaba;SP;2015;633.746;619.831
355230;Sud Mennucci;SP;2015;7.132;7.025
355240;Sumaré;SP;2015;249.169;238.668
355255;Suzanápolis;SP;2015;2.498;2.498
355250;Suzano;SP;2015;285.280;258.873
355260;Tabapuã;SP;2015;12.103;12.103
355270;Tabatinga;SP;2015;;
355280;Taboão da Serra;SP;2015;272.177;257.375
355290;Taciba;SP;2015;5.285;5.224
355300;Taguaí;SP;2015;11.095;10.742
355310;Taiaçu;SP;2015;6.205;6.205
355320;Taiúva;SP;2015;5.605;5.605
355330;Tambaú;SP;2015;23.214;23.214
355340;Tanabi;SP;2015;25.400;24.430
355350;Tapiraí;SP;2015;5.232;4.726
355360;Tapiratiba;SP;2015;;
355365;Taquaral;SP;2015;;
355370;Taquaritinga;SP;2015;54.458;54.458
355380;Taquarituba;SP;2015;21.245;20.786
355385;Taquarivaí;SP;2015;4.641;2.647
355390;Tarabai;SP;2015;6.364;6.256
355395;Tarumã;SP;2015;13.840;13.816
355400;Tatuí;SP;2015;112.839;103.862
355410;Taubaté;SP;2015;302.331;291.991
355420;Tejupá;SP;2015;;
355430;Teodoro Sampaio;SP;2015;19.348;18.900
355440;Terra Roxa;SP;2015;7.342;7.839
355450;Tietê;SP;2015;39.922;36.163
355460;Timburi;SP;2015;1.821;1.740
355465;Torre de Pedra;SP;2015;2.149;1.334
355470;Torrinha;SP;2015;8.882;8.622
355475;Trabiju;SP;2015;1.664;1.664
355480;Tremembé;SP;2015;44.421;35.788
355490;Três Fronteiras;SP;2015;5.303;4.760
355495;Tuiuti;SP;2015;;
355500;Tupã;SP;2015;64.326;63.745
355510;Tupi Paulista;SP;2015;15.066;15.066
355520;Turiúba;SP;2015;1.597;1.563
355530;Turmalina;SP;2015;1.624;1.573
355535;Ubarana;SP;2015;;
355540;Ubatuba;SP;2015;62.356;25.644
355550;Ubirajara;SP;2015;3.276;3.121
355560;Uchoa;SP;2015;9.968;9.968
355570;União Paulista;SP;2015;1.354;1.339
355580;Urânia;SP;2015;8.475;8.421
355590;Uru;SP;2015;1.108;1.106
355600;Urupês;SP;2015;13.426;12.906
355610;Valentim Gentil;SP;2015;12.416;12.416
355620;Valinhos;SP;2015;108.534;103.963
355630;Valparaíso;SP;2015;23.917;23.897
355635;Vargem;SP;2015;4.751;3.093
355640;Vargem Grande do Sul;SP;2015;39.686;39.686
355645;Vargem Grande Paulista;SP;2015;45.049;14.820
355650;Várzea Paulista;SP;2015;107.737;98.861
355660;Vera Cruz;SP;2015;9.561;9.144
355670;Vinhedo;SP;2015;66.872;59.731
355680;Viradouro;SP;2015;18.372;18.372
355690;Vista Alegre do Alto;SP;2015;;
355695;Vitória Brasil;SP;2015;1.554;1.554
355700;Votorantim;SP;2015;113.584;112.436
355710;Votuporanga;SP;2015;91.278;91.278
355715;Zacarias;SP;2015;2.104;1.981
170025;Abreulândia;TO;2015;1.557;
170030;Aguiarnópolis;TO;2015;5.492;1.669
170035;Aliança do Tocantins;TO;2015;4.880;
170040;Almas;TO;2015;7.368;
170070;Alvorada;TO;2015;8.522;
170100;Ananás;TO;2015;9.840;4.509
170105;Angico;TO;2015;2.048;
170110;Aparecida do Rio Negro;TO;2015;3.587;
170130;Aragominas;TO;2015;2.249;
170190;Araguacema;TO;2015;3.144;
170200;Araguaçu;TO;2015;6.230;
170210;Araguaína;TO;2015;170.166;29.819
170215;Araguanã;TO;2015;4.618;
170220;Araguatins;TO;2015;;
170230;Arapoema;TO;2015;5.762;
170240;Arraias;TO;2015;8.987;
170255;Augustinópolis;TO;2015;17.625;4.002
170270;Aurora do Tocantins;TO;2015;2.632;
170290;Axixá do Tocantins;TO;2015;;
170300;Babaçulândia;TO;2015;5.776;
170305;Bandeirantes do Tocantins;TO;2015;1.824;
170307;Barra do Ouro;TO;2015;2.341;
170310;Barrolândia;TO;2015;5.083;
170320;Bernardo Sayão;TO;2015;2.228;
170330;Bom Jesus do Tocantins;TO;2015;;
170360;Brasilândia do Tocantins;TO;2015;1.507;
170370;Brejinho de Nazaré;TO;2015;4.390;
170380;Buriti do Tocantins;TO;2015;10.742;
170382;Cachoeirinha;TO;2015;;
170384;Campos Lindos;TO;2015;7.387;
170386;Cariri do Tocantins;TO;2015;2.294;
170388;Carmolândia;TO;2015;1.955;
170389;Carrasco Bonito;TO;2015;3.356;1.057
170390;Caseara;TO;2015;3.000;
170410;Centenário;TO;2015;1.624;
170510;Chapada da Natividade;TO;2015;1.699;
170460;Chapada de Areia;TO;2015;;
170550;Colinas do Tocantins;TO;2015;33.978;13.430
171670;Colméia;TO;2015;7.389;
170555;Combinado;TO;2015;4.851;
170560;Conceição do Tocantins;TO;2015;2.930;
170600;Couto de Magalhães;TO;2015;2.020;
170610;Cristalândia;TO;2015;6.852;
170625;Crixás do Tocantins;TO;2015;929;
170650;Darcinópolis;TO;2015;;
170700;Dianópolis;TO;2015;20.004;
170710;Divinópolis do Tocantins;TO;2015;4.723;
170720;Dois Irmãos do Tocantins;TO;2015;2.832;
170730;Dueré;TO;2015;3.140;
170740;Esperantina;TO;2015;5.042;4.968
170755;Fátima;TO;2015;2.373;
170765;Figueirópolis;TO;2015;4.574;
170770;Filadélfia;TO;2015;6.685;
170820;Formoso do Araguaia;TO;2015;13.653;
170825;Fortaleza do Tabocão;TO;2015;2.068;
170830;Goianorte;TO;2015;2.599;
170900;Goiatins;TO;2015;8.418;
170930;Guaraí;TO;2015;25.146;13.824
170950;Gurupi;TO;2015;83.699;20.375
170980;Ipueiras;TO;2015;1.077;
171050;Itacajá;TO;2015;4.273;1.066
171070;Itaguatins;TO;2015;;
171090;Itapiratins;TO;2015;2.011;
171110;Itaporã do Tocantins;TO;2015;1.587;
171150;Jaú do Tocantins;TO;2015;1.393;
171180;Juarina;TO;2015;1.043;
171190;Lagoa da Confusão;TO;2015;8.885;
171195;Lagoa do Tocantins;TO;2015;2.849;
171200;Lajeado;TO;2015;2.336;
171215;Lavandeira;TO;2015;1.271;
171240;Lizarda;TO;2015;2.636;
171245;Luzinópolis;TO;2015;1.850;
171250;Marianópolis do Tocantins;TO;2015;2.636;
171270;Mateiros;TO;2015;;
171280;Maurilândia do Tocantins;TO;2015;2.135;
171320;Miracema do Tocantins;TO;2015;19.632;
171330;Miranorte;TO;2015;13.297;
171360;Monte do Carmo;TO;2015;3.180;
171370;Monte Santo do Tocantins;TO;2015;685;
171395;Muricilândia;TO;2015;1.939;
171420;Natividade;TO;2015;8.482;
171430;Nazaré;TO;2015;4.177;
171488;Nova Olinda;TO;2015;9.982;
171500;Nova Rosalândia;TO;2015;2.480;
171510;Novo Acordo;TO;2015;3.361;
171515;Novo Alegre;TO;2015;1.747;
171525;Novo Jardim;TO;2015;1.897;
171550;Oliveira de Fátima;TO;2015;860;
172100;Palmas;TO;2015;272.699;193.852
171570;Palmeirante;TO;2015;2.155;
171380;Palmeiras do Tocantins;TO;2015;3.962;
171575;Palmeirópolis;TO;2015;7.520;
171610;Paraíso do Tocantins;TO;2015;49.071;5.462
171620;Paranã;TO;2015;6.690;
171630;Pau D Arco;TO;2015;3.030;
171650;Pedro Afonso;TO;2015;;
171660;Peixe;TO;2015;6.485;1.342
171665;Pequizeiro;TO;2015;2.527;
171700;Pindorama do Tocantins;TO;2015;2.984;
171720;Piraquê;TO;2015;1.162;
171750;Pium;TO;2015;4.101;
171780;Ponte Alta do Bom Jesus;TO;2015;2.560;
171790;Ponte Alta do Tocantins;TO;2015;4.862;
171800;Porto Alegre do Tocantins;TO;2015;2.064;
171820;Porto Nacional;TO;2015;52.177;36.098
171830;Praia Norte;TO;2015;4.759;
171840;Presidente Kennedy;TO;2015;3.287;
171845;Pugmil;TO;2015;2.166;
171850;Recursolândia;TO;2015;2.155;
171855;Riachinho;TO;2015;1.936;
171865;Rio da Conceição;TO;2015;1.780;
171870;Rio dos Bois;TO;2015;1.097;
171875;Rio Sono;TO;2015;3.023;
171880;Sampaio;TO;2015;3.939;
171884;Sandolândia;TO;2015;1.809;
171886;Santa Fé do Araguaia;TO;2015;7.144;
171888;Santa Maria do Tocantins;TO;2015;1.906;
171889;Santa Rita do Tocantins;TO;2015;983;
171890;Santa Rosa do Tocantins;TO;2015;3.079;
171900;Santa Tereza do Tocantins;TO;2015;1.748;
172000;Santa Terezinha do Tocantins;TO;2015;1.640;
172010;São Bento do Tocantins;TO;2015;2.962;
172015;São Félix do Tocantins;TO;2015;993;
172020;São Miguel do Tocantins;TO;2015;9.321;
172025;São Salvador do Tocantins;TO;2015;1.661;
172030;São Sebastião do Tocantins;TO;2015;4.224;
172049;São Valério da Natividade;TO;2015;2.651;
172065;Silvanópolis;TO;2015;4.261;
172080;Sítio Novo do Tocantins;TO;2015;;
172085;Sucupira;TO;2015;1.192;
172090;Taguatinga;TO;2015;14.609;
172093;Taipas do Tocantins;TO;2015;1.585;
172097;Talismã;TO;2015;2.737;1.053
172110;Tocantínia;TO;2015;3.174;
172120;Tocantinópolis;TO;2015;22.868;8.638
172125;Tupirama;TO;2015;990;
172130;Tupiratins;TO;2015;1.220;
172208;Wanderlândia;TO;2015;9.046;
172210;Xambioá;TO;2015;11.501;
