"";"CODMUNRES";"X.x";"ANO.x";"NIVEL.x";"POPRE_T";"POPRC_T";"POPRC_M";"POPRC_F";"POPRC_15";"POPRC_15_49";"POPRC_50";"POPRC_F_15";"POPRC_F_15_49";"POPRC_F_50";"X.y";"ANO.y";"NIVEL.y";"IDHM_A";"IDHM_CA";"IDHM_CA_M";"IDHM_CA_F";"X.x";"ANO.x";"NIVEL.x";"TN";"TNRC";"TNRCR";"TGI_15";"TGI_15_19";"TGI_20_24";"TGI_25_29";"TGI_30_34";"TGI_35_39";"TGI_40_44";"TGI_45_49";"TGI_50";"TGIF";"IM_P25";"IM_P50";"IM_P75";"IM_MD.x";"IM_DP";"EM_S";"EM_FI";"EM_FII";"EM_M";"EM_SI";"EM_SC";"TGRC_B";"TGRC_PT";"TGRC_PD";"TGRC_I";"TGRC_A";"TGCC";"TGSC";"TGNPRI";"TGPRI";"TGG";"NA.";"TGD_32_36";"TGD_37_41";"TGD_42";"TGD_28_31";"TGD_22_27";"TGD_22";"TGD_AT";"TGD_PRT";"TGD_PST";"DG_P25";"DG_P50";"DG_P75";"IM_MD.y";"DG_DP";"TKC_ID";"TKC_AD";"TKC_MAD";"TKC_IT";"TGRC_NR";"TGPRG_N";"TGPRG_S";"TPV";"TPC";"TRAP_C";"TRAP_P";"TRAP_T";"TGROB_1";"TGROB_2";"TGROB_3";"TGROB_4";"TGROB_5";"TGROB_6";"TGROB_7";"TGROB_8";"TGROB_10";"TGROB_9";"TNLOC_H";"TNLOC_O";"TNLOC_ES";"TNLOC_D";"TNLOC_AI";"TRS_M";"TRS_F";"TRRC_B";"TRRC_PT";"TRRC_PD";"TRRC_I";"TRRC_A";"TRP_BP";"TRP_N";"TRP_M";"PESO_P25";"PESO_P50";"PESO_P75";"PESO";"PESO_DP";"TRPIG_P";"TRPIG_A";"TRPIG_G";"TRAPG5_B";"TRAPG5_N";"APGAR5_MD";"APGAR5_DP";"TRSAC";"TRAC";"X.y";"ANO.y";"NIVEL.y";"TO";"TO_MT_G";"TONT_B";"TONT_PT";"TONT_PD";"TONT_I";"TONT_A";"TO_MT";"TO_MT_DG";"TO_MT_43";"TO_MT_PT";"TO_MT_42";"TO_MT_AB";"TO_MT_P";"TO_MT_P_I";"TO_MT_P_EM";"TO_MT_P_EFI";"TO_MT_P_EFII";"TO_MT_P_ESC";"TO_MT_P_ESI";"TO_MT_P_ES";"X";"ANO";"NIVEL";"POPR_RA";"POPR_RE";"TFG";"TMG";"RMM";"TMM";"TMM_P";"TMI"
"1";"430003";2;2015;"MUNICIPIO";4702;4394;2303;2091;1048;2246;1100;541;1052;NA;1;2015;"MUNICIPIO";0;0,687;0;0;1;2015;"MUNICIPIO";55;0;55;0;0;19;10;11;3;0;0;0;55;"20";"24";"29.5";"24.67";"5.88";1;3;21;27;3;0;42;4;9;0;0;26;29;21;34;55;0;4;49;2;0;0;0;49;4;2;"38";"39";"40";"24.67";"1.71";8;5;41;0;0;39;16;19;36;53;2;0;11;8;9;6;13;1;1;2;4;0;55;0;0;0;0;28;27;42;4;9;0;0;2;52;1;"2902.5";"3240";"3632.5";"3267.55";"460.17";2;44;7;1;54;"9.82";"0.51";55;0;1;2015;"MUNICIPIO";33;0;0;0;0;0;0;0;0;0;0;0;0;0;0;0;0;0;0;0;0;1;2015;"MUNICIPIO";"1.565";"0";52,2813688212928;7,01829008932369;0;0;0;0
"2";"430005";3;2015;"MUNICIPIO";3840;3722;1879;1843;808;1935;979;403;947;NA;2;2015;"MUNICIPIO";0;0,75;0;0;2;2015;"MUNICIPIO";36;0;36;0;0;8;15;8;0;1;0;0;36;"22";"27";"29.25";"26.17";"5.08";0;0;11;12;11;2;33;0;1;2;0;30;6;15;21;36;0;5;31;0;0;0;0;31;5;0;"37";"38.5";"40";"26.17";"2.11";4;1;31;0;0;0;36;10;26;29;3;0;5;8;1;3;8;0;3;0;4;0;36;0;0;0;0;20;16;33;0;1;2;0;2;32;2;"2870";"3122.5";"3360";"3158.75";"517.2";2;31;3;0;36;"9.75";"0.44";35;1;2;2015;"MUNICIPIO";18;0;0;0;0;0;0;0;0;0;0;0;0;0;0;0;0;0;0;0;0;2;2015;"MUNICIPIO";"1.514";"0";38,0147835269271;4,6875;0;0;0;0
"3";"430010";4;2015;"MUNICIPIO";17120;16722;8349;8373;3201;8792;4729;1607;4274;NA;3;2015;"MUNICIPIO";0;0,694;0;0;3;2015;"MUNICIPIO";161;0;159;5;0;37;41;35;18;3;0;0;161;"21";"27";"32";"26.66";"6.61";0;11;60;64;20;6;135;6;18;0;1;73;86;70;91;161;0;15;141;3;2;0;0;141;17;3;"38";"38";"40";"26.66";"1.87";48;8;79;20;0;9;152;62;99;152;6;3;18;41;22;28;30;4;2;0;13;3;161;0;0;0;0;82;79;135;6;18;0;1;9;144;8;"2970";"3280";"3545";"3236.68";"479.72";7;133;19;3;158;"9.61";"0.71";159;0;3;2015;"MUNICIPIO";146;0;2;0;0;0;0;2;0;0;0;0;0;0;0;0;0;0;0;0;0;3;2015;"MUNICIPIO";"8.002";"0";37,6696303228825;8,52803738317757;12,4223602484472;46,7945718296678;0;12,4223602484472
"4";"430020";5;2015;"MUNICIPIO";7387;7255;3585;3670;1335;3715;2205;663;1837;NA;4;2015;"MUNICIPIO";0;0,753;0;0;4;2015;"MUNICIPIO";68;0;68;1;0;10;23;16;9;2;0;0;68;"24";"28";"32";"27.87";"6.12";1;2;18;25;17;5;62;0;6;0;0;40;28;27;41;68;0;6;60;0;2;0;0;60;8;0;"38";"39";"39";"27.87";"2.08";6;2;57;3;0;43;25;11;57;63;5;0;8;14;6;4;24;3;2;0;7;0;68;0;0;0;0;33;35;62;0;6;0;0;5;61;2;"2887.5";"3167.5";"3366.25";"3113.24";"487.58";3;60;5;2;65;"9.44";"1.41";68;0;4;2015;"MUNICIPIO";65;0;1;0;0;0;0;1;0;0;0;0;0;0;0;0;0;0;0;0;0;4;2015;"MUNICIPIO";"4.477";"0";37,0168753402286;8,79924191146609;14,7058823529412;54,4365813826892;0;14,7058823529412
"5";"430030";6;2015;"MUNICIPIO";6865;7045;3512;3533;1237;3120;2688;623;1509;NA;5;2015;"MUNICIPIO";0;0,672;0;0;5;2015;"MUNICIPIO";48;0;48;3;0;13;10;12;6;1;0;0;48;"21.75";"26";"32";"26.73";"6.74";0;3;24;16;3;2;48;0;0;0;0;35;13;24;24;48;0;2;46;0;0;0;0;46;2;0;"38";"39";"40";"26.73";"1.41";10;4;30;3;1;0;48;8;40;47;1;0;4;19;4;5;14;0;1;0;1;0;48;0;0;0;0;16;32;48;0;0;0;0;4;39;5;"3093.75";"3305";"3688.75";"3335.1";"576.55";4;34;10;1;47;"9.35";"0.86";48;0;5;2015;"MUNICIPIO";58;0;0;0;0;0;0;0;0;0;0;0;0;0;0;0;0;0;0;0;0;5;2015;"MUNICIPIO";"2.494";"0";31,8091451292246;8,44865258557902;0;0;0;0
"6";"430040";7;2015;"MUNICIPIO";78499;77653;38051;39602;16297;40318;21038;8088;20307;11207;6;2015;"MUNICIPIO";0;0,74;0;0;6;2015;"MUNICIPIO";954;0;952;9;0;226;220;218;103;34;1;0;954;"21";"27";"32";"26.99";"6.67";2;31;245;498;119;59;647;70;236;0;1;289;665;405;549;954;0;125;818;0;7;4;0;818;136;0;"37";"38";"39";"26.99";"1.88";235;16;668;23;11;942;12;154;800;893;57;4;50;279;47;156;240;23;27;28;100;4;952;2;0;0;0;443;511;647;70;236;0;1;104;816;34;"2855";"3185";"3498.75";"3136.36";"561.94";46;783;97;16;937;"8.87";"0.73";939;13;6;2015;"MUNICIPIO";748;0;5;1;0;0;0;11;0;0;0;0;0;0;0;0;0;0;0;0;0;6;2015;"MUNICIPIO";"69.226";"13.749";46,978874279805;9,52878380616314;11,5303983228512;54,1685133205299;0;11,5303983228512
"7";"430045";8;2015;"MUNICIPIO";4135;4301;2149;2152;788;1942;1571;419;936;NA;7;2015;"MUNICIPIO";0;0,695;0;0;7;2015;"MUNICIPIO";31;0;31;1;0;5;8;9;4;2;0;0;31;"24.5";"29";"34";"29.23";"7.13";0;2;6;16;6;1;30;0;1;0;0;14;17;9;22;31;0;3;28;0;0;0;0;28;3;0;"38";"39";"39";"29.23";"1.36";2;1;25;3;0;0;31;2;29;31;0;0;2;7;1;7;11;0;0;0;3;0;31;0;0;0;0;22;9;30;0;1;0;0;1;28;2;"2920";"3240";"3627.5";"3308.23";"462.52";1;24;6;0;31;"9.1";"0.47";31;0;7;2015;"MUNICIPIO";23;0;0;0;0;0;0;0;0;0;0;0;0;0;0;0;0;0;0;0;0;7;2015;"MUNICIPIO";"4.135";"0";33,1196581196581;5,56227327690447;0;0;0;0
"8";"430047";9;2015;"MUNICIPIO";2091;2067;1041;1026;358;1035;674;180;513;NA;8;2015;"MUNICIPIO";0;0,74;0;0;8;2015;"MUNICIPIO";24;0;24;0;0;5;5;6;4;2;0;0;24;"22.5";"29.5";"34.25";"28.92";"7";0;1;4;11;7;1;23;0;1;0;0;21;3;11;13;24;0;4;20;0;0;0;0;20;4;0;"37";"38";"39";"28.92";"1.73";4;2;15;3;0;0;24;9;15;21;3;0;2;5;3;2;6;2;0;2;2;0;24;0;0;0;0;12;12;23;0;1;0;0;2;22;0;"2645";"2935";"3286.25";"2961.67";"490.7";3;18;1;0;24;"9.54";"0.72";24;0;8;2015;"MUNICIPIO";16;0;0;0;0;0;0;0;0;0;0;0;0;0;0;0;0;0;0;0;0;8;2015;"MUNICIPIO";"0";"0";46,7836257309941;7,6518412242946;0;0;0;0
"9";"430050";10;2015;"MUNICIPIO";7640;8027;4129;3898;1635;3906;2486;750;1865;1283;9;2015;"MUNICIPIO";0;0,671;0;0;9;2015;"MUNICIPIO";71;0;71;2;0;12;10;20;8;4;0;0;71;"20";"27";"34";"27.21";"7.71";1;8;26;26;8;2;65;1;5;0;0;58;13;31;40;71;0;5;63;3;0;0;0;63;5;3;"38";"39";"40";"27.21";"1.43";12;4;53;1;0;49;22;15;56;69;2;0;17;8;19;4;15;1;0;6;1;0;71;0;0;0;0;39;32;65;1;5;0;0;6;62;3;"3020";"3340";"3555";"3270.7";"550.84";6;51;8;1;70;"9.66";"0.75";70;0;9;2015;"MUNICIPIO";56;0;0;0;0;0;0;1;0;0;0;0;0;0;0;0;0;0;0;0;0;9;2015;"MUNICIPIO";"2.751";"0";38,0697050938338;7,32984293193717;14,0845070422535;53,6193029490617;0;14,0845070422535
"10";"430055";11;2015;"MUNICIPIO";1828;1848;944;904;320;921;607;154;447;NA;10;2015;"MUNICIPIO";0;0,747;0;0;10;2015;"MUNICIPIO";18;0;18;0;0;7;4;4;2;1;0;0;18;"23.25";"27";"31";"27.83";"6.29";0;1;2;10;5;0;18;0;0;0;0;15;3;8;10;18;0;1;15;1;1;0;0;15;2;1;"38";"38.5";"39.75";"27.83";"3.13";1;0;14;3;0;0;18;4;14;11;7;0;2;3;2;1;2;3;4;0;1;0;18;0;0;0;0;8;10;18;0;0;0;0;2;16;0;"2820";"2932.5";"3170";"2888.83";"567.96";1;16;0;1;17;"9.61";"0.85";18;0;10;2015;"MUNICIPIO";7;0;0;0;0;0;0;0;0;0;0;0;0;0;0;0;0;0;0;0;0;10;2015;"MUNICIPIO";"754";"0";40,2684563758389;3,82932166301969;0;0;0;0
"11";"430057";12;2015;"MUNICIPIO";3025;2917;1500;1417;465;1577;875;214;743;NA;11;2015;"MUNICIPIO";0;0,734;0;0;11;2015;"MUNICIPIO";32;0;30;0;0;5;8;4;10;0;0;0;32;"20.75";"28.5";"35";"28.12";"7.11";0;0;12;16;3;1;30;1;1;0;0;15;16;17;15;32;0;5;26;1;0;0;0;26;5;1;"37.75";"38";"39";"28.12";"2.33";4;1;26;0;0;0;32;7;25;30;2;0;5;9;2;2;7;0;0;4;3;0;32;0;0;0;0;18;14;30;1;1;0;0;8;21;3;"2537.5";"3005";"3397.5";"2947.81";"703.98";3;21;3;2;30;"9.19";"1.35";29;2;11;2015;"MUNICIPIO";18;0;1;0;0;0;0;1;0;0;0;0;0;0;0;0;0;0;0;0;0;11;2015;"MUNICIPIO";"3";"0";43,0686406460296;5,9504132231405;31,25;134,589502018843;0;31,25
"12";"430060";13;2015;"MUNICIPIO";206561;195673;95080;100593;51347;107097;37229;25167;54594;20832;12;2015;"MUNICIPIO";0;0,699;0;0;12;2015;"MUNICIPIO";3505;0;3481;65;0;1018;819;641;319;70;4;0;3505;"21";"25";"31";"25.83";"6.46";3;122;1445;1628;152;151;2351;457;691;1;3;937;2565;1377;2128;3505;0;362;3080;10;32;13;0;3080;407;10;"38";"39";"40";"25.83";"2.08";1408;164;1635;172;90;2424;1081;2246;1259;3352;135;14;533;626;762;494;554;46;67;88;311;14;3489;2;2;12;0;1838;1666;2352;457;691;1;3;331;2992;182;"2885";"3210";"3545";"3183.09";"565.79";202;2847;349;90;3404;"9.25";"0.85";3460;45;12;2015;"MUNICIPIO";1556;2;14;9;4;0;0;38;3;3;0;0;0;3;3;1;0;0;0;0;0;12;2015;"MUNICIPIO";"206.561";"39.668";64,2011942704327;7,53288374862631;10,8416547788873;69,6047184672308;2,80119891313482;10,8416547788873
"13";"430063";14;2015;"MUNICIPIO";6778;6353;3281;3072;1481;3347;1525;716;1633;723;13;2015;"MUNICIPIO";0;0,624;0;0;13;2015;"MUNICIPIO";57;0;56;1;0;21;10;8;6;2;0;0;57;"21";"23";"30";"25.35";"6.59";0;5;28;17;7;0;44;5;8;0;0;19;38;24;33;57;0;6;50;0;1;0;0;50;7;0;"38";"39";"40";"25.35";"1.82";9;6;35;5;2;1;56;24;33;54;3;0;10;8;9;8;10;3;0;6;3;0;55;2;0;0;0;28;29;44;5;8;0;0;6;49;2;"3030";"3320";"3620";"3253.95";"535.36";3;44;4;1;55;"9.5";"0.76";56;1;13;2015;"MUNICIPIO";42;0;0;0;0;0;0;1;0;0;0;0;0;0;0;0;0;0;0;0;0;13;2015;"MUNICIPIO";"1.664";"0";34,9050826699326;6,196518146946;17,5438596491228;61,2369871402327;0;17,5438596491228
"14";"430064";15;2015;"MUNICIPIO";7569;7323;3732;3591;1803;3896;1624;894;1890;807;14;2015;"MUNICIPIO";0;0,682;0;0;14;2015;"MUNICIPIO";94;0;93;2;0;20;30;19;6;4;0;0;94;"22.25";"26";"30";"26.6";"6.49";2;5;36;32;15;4;88;2;4;0;0;60;33;38;56;94;0;10;81;3;0;0;0;81;10;3;"38";"38";"39";"26.6";"1.53";13;10;64;6;0;0;94;22;72;80;12;2;8;19;10;13;24;8;2;2;6;2;94;0;0;0;0;44;50;88;2;4;0;0;10;83;1;"2852.5";"3125";"3410";"3114.71";"467.69";4;83;5;1;93;"9.67";"0.63";92;1;14;2015;"MUNICIPIO";50;0;0;0;0;0;0;0;0;0;0;0;0;0;0;0;0;0;0;0;0;14;2015;"MUNICIPIO";"4.328";"0";49,7354497354497;6,60589245607081;0;0;0;0
"15";"430066";16;2015;"MUNICIPIO";1293;1216;620;596;241;587;388;126;273;NA;15;2015;"MUNICIPIO";0;0,72;0;0;15;2015;"MUNICIPIO";14;0;14;0;0;2;5;4;1;1;0;0;14;"26";"29";"32";"28.86";"5.63";0;0;5;8;0;1;11;2;1;0;0;4;10;5;9;14;0;1;12;1;0;0;0;12;1;1;"38";"39";"39.75";"28.86";"1.77";4;2;8;0;0;0;14;1;13;12;2;0;2;2;1;2;4;1;1;0;1;0;14;0;0;0;0;10;4;11;2;1;0;0;0;10;4;"3035";"3322.5";"3903.75";"3494.29";"576.07";0;10;4;0;14;"9.71";"0.47";14;0;15;2015;"MUNICIPIO";9;0;0;0;0;0;0;0;0;0;0;0;0;0;0;0;0;0;0;0;0;15;2015;"MUNICIPIO";"0";"0";51,2820512820513;6,96055684454756;0;0;0;0
"16";"430070";17;2015;"MUNICIPIO";6222;6073;3025;3048;952;3030;2091;492;1463;NA;16;2015;"MUNICIPIO";0;0,74;0;0;16;2015;"MUNICIPIO";60;0;60;1;0;12;13;17;9;4;0;0;60;"22";"29.5";"34";"28.9";"6.91";0;5;16;29;7;3;55;0;5;0;0;30;30;31;29;60;0;6;53;1;0;0;0;53;6;1;"37";"38";"39";"28.9";"1.49";10;1;49;0;0;31;29;10;50;43;11;0;4;15;3;3;15;4;3;4;3;0;60;0;0;0;0;29;31;55;0;5;0;0;5;49;6;"2900";"3240";"3555";"3216.87";"571.2";3;44;9;0;60;"9.52";"0.57";60;0;16;2015;"MUNICIPIO";42;0;0;0;0;0;0;0;0;0;0;0;0;0;0;0;0;0;0;0;0;16;2015;"MUNICIPIO";"3.3";"0";41,0116199589884;6,75024108003857;0;0;0;0
"17";"430080";18;2015;"MUNICIPIO";13285;12833;6405;6428;2277;6783;3773;1076;3367;1985;17;2015;"MUNICIPIO";0;0,758;0;0;17;2015;"MUNICIPIO";149;0;147;1;0;33;30;29;31;1;0;0;149;"21";"27";"34";"27.23";"6.94";0;4;45;71;23;6;119;6;22;1;0;115;34;64;85;149;0;13;126;9;0;0;0;126;13;9;"38";"38";"39";"27.23";"1.88";21;9;113;6;0;93;56;19;130;143;6;0;3;55;11;12;51;2;0;4;11;0;148;0;0;1;0;76;73;119;6;22;1;0;12;137;0;"2940";"3120";"3335";"3114.67";"396.5";10;125;5;3;146;"9.35";"0.64";149;0;17;2015;"MUNICIPIO";90;0;0;0;0;0;0;0;0;0;0;0;0;0;0;0;0;0;0;0;0;17;2015;"MUNICIPIO";"10.119";"0";44,2530442530443;6,77455777192322;0;0;0;0
"18";"430085";19;2015;"MUNICIPIO";3762;3693;1854;1839;778;1716;1199;385;850;NA;18;2015;"MUNICIPIO";0;0,691;0;0;18;2015;"MUNICIPIO";45;0;44;1;0;8;18;6;1;1;1;0;45;"21";"27";"29";"25.56";"6.33";0;0;21;19;2;3;35;4;6;0;0;11;34;17;28;45;0;1;44;0;0;0;0;44;1;0;"38";"39";"40";"25.56";"0.97";10;2;33;0;0;0;45;26;19;45;0;0;7;10;6;13;6;0;0;2;1;0;45;0;0;0;0;29;16;35;4;6;0;0;1;43;1;"3040";"3370";"3460";"3267.4";"326.09";1;41;1;1;43;"9.52";"0.7";45;0;18;2015;"MUNICIPIO";22;0;0;0;0;0;0;0;0;0;0;0;0;0;0;0;0;0;0;0;0;18;2015;"MUNICIPIO";"3.533";"0";52,9411764705882;5,84795321637427;0;0;0;0
"19";"430087";20;2015;"MUNICIPIO";5301;4864;2456;2408;1151;2662;1051;563;1292;NA;19;2015;"MUNICIPIO";0;0,679;0;0;19;2015;"MUNICIPIO";93;0;92;2;0;22;23;20;6;4;0;0;93;"20";"26";"30";"26";"6.61";0;2;37;46;4;4;80;4;9;0;0;45;47;42;51;93;0;9;81;3;0;0;0;81;9;3;"38";"39";"39";"26";"1.67";28;7;54;3;0;0;93;42;51;87;5;0;11;27;8;12;22;3;2;2;5;0;93;0;0;0;0;47;46;80;4;9;0;0;9;82;2;"2900";"3190";"3465";"3145.16";"522.13";5;79;6;1;91;"9.3";"0.66";81;2;19;2015;"MUNICIPIO";42;0;0;0;0;0;0;1;0;0;0;0;0;0;0;0;0;0;0;0;0;19;2015;"MUNICIPIO";"0";"0";71,9814241486068;7,92303338992643;10,752688172043;77,3993808049536;0;10,752688172043
"20";"430090";21;2015;"MUNICIPIO";6641;6565;3340;3225;1041;3255;2269;484;1576;NA;20;2015;"MUNICIPIO";0;0,772;0;0;20;2015;"MUNICIPIO";60;0;58;1;0;10;17;17;9;4;0;0;60;"26";"29.5";"32.25";"29.17";"5.92";0;0;7;31;19;3;56;3;1;0;0;45;14;25;35;60;0;5;49;2;3;0;0;49;8;2;"38";"39";"39";"29.17";"2.31";2;4;51;2;0;30;30;18;42;54;6;0;7;10;9;7;12;2;2;4;6;0;60;0;0;0;0;35;25;56;3;1;0;0;7;50;3;"2865";"3272.5";"3547.5";"3194.55";"586.52";4;44;7;0;60;"9.73";"0.48";59;0;20;2015;"MUNICIPIO";40;0;0;0;0;0;0;0;0;0;0;0;0;0;0;0;0;0;0;0;0;20;2015;"MUNICIPIO";"3.226";"0";38,0710659898477;6,02318927872308;0;0;0;0
"21";"430100";22;2015;"MUNICIPIO";20045;18783;9353;9430;3302;10361;5120;1623;5084;NA;21;2015;"MUNICIPIO";0;0,769;0;0;21;2015;"MUNICIPIO";228;0;228;3;0;41;58;68;43;6;0;0;228;"26";"30";"34";"29.35";"6.06";0;3;63;107;43;12;206;6;16;0;0;120;108;108;120;228;0;21;204;0;3;0;0;204;24;0;"38";"38";"39";"29.35";"1.61";37;16;162;9;0;168;60;33;195;210;15;0;12;72;8;28;67;11;4;3;20;0;228;0;0;0;0;120;108;206;6;16;0;0;20;200;8;"2927.5";"3242.5";"3505";"3179.8";"504.7";9;198;18;5;223;"9.62";"0.77";227;1;21;2015;"MUNICIPIO";177;0;1;0;0;0;0;1;0;0;0;0;0;0;0;0;0;0;0;0;0;21;2015;"MUNICIPIO";"13.948";"0";44,846577498033;8,83013220254428;4,3859649122807;19,669551534225;0;4,3859649122807
"22";"430105";23;2015;"MUNICIPIO";8785;7740;3833;3907;1685;3712;2343;830;1878;NA;22;2015;"MUNICIPIO";0;0,669;0;0;22;2015;"MUNICIPIO";127;0;127;4;0;37;23;25;16;0;0;0;127;"20.5";"25";"31";"25.64";"6.42";0;4;40;64;8;11;116;4;7;0;0;45;82;53;74;127;0;13;111;2;1;0;0;111;14;2;"38";"38";"40";"25.64";"1.95";30;12;62;22;1;0;127;51;76;122;5;0;9;38;11;26;27;2;2;2;10;0;127;0;0;0;0;64;63;116;4;7;0;0;14;106;7;"2837.5";"3220";"3480";"3177.77";"552.49";8;105;12;7;120;"9.15";"0.85";125;1;22;2015;"MUNICIPIO";54;0;0;0;0;0;0;0;0;0;0;0;0;0;0;0;0;0;0;0;0;22;2015;"MUNICIPIO";"553";"0";67,6251331203408;6,14684120660216;0;0;0;0
"23";"430107";24;2015;"MUNICIPIO";2883;2730;1414;1316;505;1367;858;244;639;NA;23;2015;"MUNICIPIO";0;0,74;0;0;23;2015;"MUNICIPIO";28;0;18;0;0;6;7;5;6;3;0;0;28;"24.5";"30.5";"35";"30.21";"6.87";0;5;15;7;0;1;21;1;0;0;0;21;7;11;17;28;0;7;18;0;0;0;0;18;7;0;"36";"39";"40";"30.21";"2.52";4;3;13;0;0;0;28;8;20;27;1;0;3;3;4;6;2;0;0;2;5;0;28;0;0;0;0;17;11;21;1;0;0;0;2;23;3;"3051.25";"3422.5";"3797.5";"3344.82";"617.76";1;15;7;1;27;"9.39";"0.79";26;0;23;2015;"MUNICIPIO";22;0;0;0;0;0;0;1;0;0;0;0;0;0;0;0;0;0;0;0;0;23;2015;"MUNICIPIO";"5.616";"0";43,8184663536776;7,63093999306278;35,7142857142857;156,494522691706;0;35,7142857142857
"24";"430110";25;2015;"MUNICIPIO";14197;13606;6635;6971;3014;6947;3645;1494;3516;1961;24;2015;"MUNICIPIO";0;0,707;0;0;24;2015;"MUNICIPIO";183;0;179;5;0;45;40;38;22;4;2;0;183;"21";"26";"31";"26.64";"6.91";1;11;80;72;13;6;157;16;10;0;0;48;135;61;122;183;0;20;156;4;2;1;0;156;23;4;"38";"39";"40";"26.64";"2.07";37;4;113;14;4;2;181;85;98;178;5;0;14;37;27;40;42;1;0;6;16;0;183;0;0;0;0;89;94;157;16;10;0;0;22;155;6;"2830";"3195";"3508";"3137.24";"558.69";14;150;13;2;181;"9.55";"0.64";180;3;24;2015;"MUNICIPIO";115;0;2;0;0;0;0;3;0;0;1;0;0;1;1;1;0;0;0;0;0;24;2015;"MUNICIPIO";"14.197";"0";52,0477815699659;8,10030288089033;16,3934426229508;85,3242320819113;14,3947027493882;21,8579234972678
"25";"430120";26;2015;"MUNICIPIO";13316;12648;6384;6264;2701;6742;3205;1283;3298;NA;25;2015;"MUNICIPIO";0;0,698;0;0;25;2015;"MUNICIPIO";153;0;152;3;0;40;42;29;17;2;0;0;153;"21";"26";"31";"26.32";"6.36";0;9;84;38;18;4;140;3;8;0;2;69;84;66;87;153;0;19;128;5;1;0;0;128;20;5;"37";"38";"39";"26.32";"2.12";17;13;116;6;0;121;32;21;132;141;12;0;10;43;18;17;36;5;6;2;16;0;153;0;0;0;0;83;70;140;3;8;0;2;14;137;2;"2810";"3040";"3300";"3038.8";"450.51";15;126;9;1;152;"9.81";"0.67";151;2;25;2015;"MUNICIPIO";107;0;1;0;0;0;0;1;0;0;0;0;0;0;0;0;0;0;0;0;0;25;2015;"MUNICIPIO";"6.715";"0";46,3917525773196;8,03544607990388;6,5359477124183;30,3214069132808;0;6,5359477124183
"26";"430130";27;2015;"MUNICIPIO";18949;18470;9174;9296;4086;9255;5129;2031;4640;2625;26;2015;"MUNICIPIO";0;0,657;0;0;26;2015;"MUNICIPIO";232;0;196;6;0;56;56;45;26;5;0;0;232;"21";"26";"31";"26.18";"6.69";1;10;106;90;16;7;171;18;22;0;0;106;124;96;136;232;0;21;191;8;4;4;0;191;29;8;"38";"39";"40";"26.18";"2.8";61;10;132;8;3;103;129;94;138;224;4;1;47;32;47;20;47;1;3;4;24;1;230;1;0;1;0;120;111;171;18;22;0;0;20;191;21;"2867.5";"3200";"3683.75";"3201.57";"684.68";14;164;40;18;212;"9.15";"1.38";223;2;26;2015;"MUNICIPIO";178;0;5;0;0;0;0;3;0;0;0;0;0;0;0;0;0;0;0;0;0;26;2015;"MUNICIPIO";"16.759";"685";50;9,39363554805003;12,9310344827586;64,6551724137931;0;12,9310344827586
"27";"430140";28;2015;"MUNICIPIO";10595;10225;5134;5091;2073;5302;2850;1003;2612;NA;27;2015;"MUNICIPIO";0;0,694;0;0;27;2015;"MUNICIPIO";112;0;112;1;0;22;32;27;13;3;0;0;112;"21.75";"28";"32";"27.32";"6.56";0;6;44;49;12;1;96;5;11;0;0;85;27;46;66;112;0;17;91;4;0;0;0;91;17;4;"38";"38";"39";"27.32";"1.87";22;6;76;6;0;60;52;22;90;90;17;1;9;21;8;13;24;7;10;1;14;1;112;0;0;0;0;64;48;96;5;11;0;0;10;99;3;"2890";"3150";"3497.5";"3159.92";"494.87";6;97;8;2;110;"9.12";"0.64";111;1;27;2015;"MUNICIPIO";69;0;3;0;0;0;0;4;0;0;0;0;0;0;0;0;0;0;0;0;0;27;2015;"MUNICIPIO";"7.369";"0";42,8790199081164;6,51250589900897;35,7142857142857;153,139356814701;0;35,7142857142857
"28";"430150";29;2015;"MUNICIPIO";7145;7096;3487;3609;1147;3482;2467;559;1735;1315;28;2015;"MUNICIPIO";0;0,743;0;0;28;2015;"MUNICIPIO";76;0;76;1;0;9;17;21;18;2;0;0;76;"25";"30";"35";"29.68";"6.61";0;6;23;30;13;4;66;2;8;0;0;62;14;35;41;76;0;9;67;0;0;0;0;67;9;0;"38";"39";"40";"29.68";"1.65";7;2;66;1;0;0;76;25;51;69;4;3;4;22;8;16;13;3;1;2;4;3;76;0;0;0;0;38;38;66;2;8;0;0;7;61;8;"2911.25";"3297.5";"3598.75";"3282.55";"544.68";4;54;14;1;75;"9.25";"0.66";74;2;28;2015;"MUNICIPIO";75;0;1;0;0;0;0;1;0;0;0;0;0;0;0;0;0;0;0;0;0;28;2015;"MUNICIPIO";"7.1";"0";43,8040345821326;10,4968509447166;13,1578947368421;57,6368876080692;0;13,1578947368421
"29";"430155";30;2015;"MUNICIPIO";3732;3665;1807;1858;658;1830;1177;350;877;631;29;2015;"MUNICIPIO";0;0,707;0;0;29;2015;"MUNICIPIO";28;0;28;0;0;7;6;9;1;3;0;0;28;"23.75";"28.5";"33.25";"28.86";"6.76";0;2;5;15;6;0;27;0;1;0;0;23;5;15;13;28;0;5;22;1;0;0;0;22;5;1;"37";"38.5";"39.25";"28.86";"2.47";4;4;18;2;0;0;28;10;18;26;2;0;4;7;3;2;6;2;0;0;4;0;28;0;0;0;0;19;9;27;0;1;0;0;6;20;2;"2636.25";"3092.5";"3541.25";"3060.82";"681.95";4;22;2;0;28;"9.18";"0.67";28;0;29;2015;"MUNICIPIO";40;0;0;0;0;0;0;0;0;0;0;0;0;0;0;0;0;0;0;0;0;29;2015;"MUNICIPIO";"1.518";"0";31,927023945268;10,7181136120043;0;0;0;0
"30";"430160";31;2015;"MUNICIPIO";121749;116794;55804;60990;25527;60811;30456;12558;31247;17185;30;2015;"MUNICIPIO";0;0,74;0;0;30;2015;"MUNICIPIO";1615;0;1606;29;0;379;414;332;195;52;2;2;1615;"22";"27";"32";"27.12";"6.77";2;44;530;718;211;110;1156;197;261;0;0;452;1163;693;922;1615;0;164;1412;2;25;6;5;1412;200;2;"38";"39";"40";"27.12";"2.35";262;108;1148;68;16;1585;30;496;1119;1538;72;4;253;326;195;184;401;24;32;54;140;4;1609;1;0;5;0;838;776;1156;197;261;0;0;171;1368;76;"2872.5";"3220";"3535";"3157.16";"603.34";95;1330;130;23;1583;"9.6";"0.94";1604;10;30;2015;"MUNICIPIO";1054;0;16;1;3;0;0;26;0;0;0;1;0;1;1;0;0;0;0;0;0;30;2015;"MUNICIPIO";"101.607";"76.424";51,6849617563286;8,65715529491002;16,0990712074303;83,2079879668448;1,64443932841098;16,0990712074303
"31";"430163";32;2015;"MUNICIPIO";12305;10856;5344;5512;2596;4716;3544;1272;2424;1816;31;2015;"MUNICIPIO";0;0,696;0;0;31;2015;"MUNICIPIO";146;0;144;2;0;38;34;28;12;3;0;0;146;"21";"25";"30";"25.77";"6.49";0;5;65;62;6;8;117;18;9;1;0;42;104;50;96;146;0;8;137;0;0;1;0;137;9;0;"38";"39";"40";"25.77";"1.69";39;6;84;11;2;0;146;90;56;146;0;0;9;39;23;34;32;0;0;2;7;0;146;0;0;0;0;72;74;117;18;9;1;0;16;120;10;"2930";"3252.5";"3568.75";"3254.97";"546.76";13;113;18;6;140;"9.36";"0.95";145;0;31;2015;"MUNICIPIO";135;0;1;0;0;0;0;1;0;0;0;0;0;0;0;0;0;0;0;0;0;31;2015;"MUNICIPIO";"7.163";"0";60,2310231023102;10,9711499390492;6,84931506849315;41,2541254125413;0;6,84931506849315
"32";"430165";33;2015;"MUNICIPIO";6061;5741;2912;2829;1039;3140;1562;538;1483;808;32;2015;"MUNICIPIO";0;0,748;0;0;32;2015;"MUNICIPIO";63;0;63;0;0;12;16;20;12;3;0;0;63;"25";"31";"34";"30.17";"5.64";0;3;20;33;3;4;60;1;2;0;0;44;19;29;34;63;0;9;52;0;1;0;1;52;11;0;"37";"38";"39";"30.17";"2.96";10;4;48;1;0;0;63;8;55;56;6;1;4;16;4;12;12;4;2;0;8;1;63;0;0;0;0;32;31;60;1;2;0;0;8;55;0;"2852.5";"3160";"3465";"3084.9";"608.45";6;52;4;1;61;"9.35";"1.7";62;1;32;2015;"MUNICIPIO";29;0;2;0;0;0;0;2;0;0;0;0;0;0;0;0;0;0;0;0;0;32;2015;"MUNICIPIO";"2.52";"0";42,4814565070802;4,78468899521531;31,7460317460317;134,861766689144;0;31,7460317460317
"33";"430170";34;2015;"MUNICIPIO";6754;6529;3296;3233;1213;3329;1987;554;1611;1068;33;2015;"MUNICIPIO";0;0,719;0;0;33;2015;"MUNICIPIO";73;0;72;2;0;14;17;22;10;2;0;0;73;"24";"28";"33";"28.3";"6.57";0;8;23;26;14;2;63;0;10;0;0;59;14;31;42;73;0;3;68;0;1;0;0;68;4;0;"38";"39";"40";"28.3";"1.73";4;2;61;6;0;0;73;30;43;71;2;0;8;17;11;14;13;0;2;3;4;0;73;0;0;0;0;38;35;63;0;10;0;0;4;67;2;"3090";"3310";"3525";"3230.34";"511.32";2;64;3;0;73;"9.32";"0.52";71;2;33;2015;"MUNICIPIO";47;0;0;0;0;0;0;0;0;0;0;0;0;0;0;0;0;0;0;0;0;33;2015;"MUNICIPIO";"4.796";"0";45,3134698944755;6,95883920639621;0;0;0;0
"34";"430175";35;2015;"MUNICIPIO";7388;7018;3741;3277;1684;3716;1618;807;1718;NA;34;2015;"MUNICIPIO";0;0,61;0;0;34;2015;"MUNICIPIO";50;0;48;1;0;14;12;4;8;2;0;0;50;"21";"25.5";"32.75";"26.4";"7.38";0;7;15;20;6;2;46;2;2;0;0;23;26;27;23;50;0;2;47;0;1;0;0;47;3;0;"38";"38";"39";"26.4";"1.49";7;2;38;1;0;0;50;14;36;49;0;1;4;21;4;8;10;0;0;0;2;1;50;0;0;0;0;25;25;46;2;2;0;0;3;44;3;"2960";"3245";"3440";"3200.16";"510.98";1;46;3;2;48;"9.36";"1.1";50;0;34;2015;"MUNICIPIO";47;0;2;0;0;0;0;2;0;0;0;0;0;0;0;0;0;0;0;0;0;34;2015;"MUNICIPIO";"754";"0";29,1036088474971;6,36166756903086;40;116,414435389988;0;40
"35";"430180";36;2015;"MUNICIPIO";5485;5357;2691;2666;1122;2660;1575;560;1314;792;35;2015;"MUNICIPIO";0;0,734;0;0;35;2015;"MUNICIPIO";65;0;64;1;0;14;16;11;8;4;0;0;65;"20";"27";"33";"27.31";"7.31";0;7;19;31;7;1;55;3;7;0;0;36;29;30;35;65;0;10;54;0;1;0;0;54;11;0;"37";"39";"40";"27.31";"2.18";11;0;50;2;0;0;65;24;41;58;5;1;11;9;13;2;14;2;3;0;9;1;65;0;0;0;0;31;34;55;3;7;0;0;6;57;2;"2860";"3070";"3335";"3050.55";"474.8";4;58;3;0;65;"9.78";"0.54";65;0;35;2015;"MUNICIPIO";35;0;0;0;0;0;0;1;0;0;0;0;0;0;0;0;0;0;0;0;0;35;2015;"MUNICIPIO";"3.236";"0";49,4672754946728;6,38103919781221;15,3846153846154;76,103500761035;0;15,3846153846154
"36";"430185";37;2015;"MUNICIPIO";3236;3089;1550;1539;729;1579;781;372;769;NA;36;2015;"MUNICIPIO";0;0,662;0;0;36;2015;"MUNICIPIO";48;0;46;0;0;16;11;7;7;0;0;0;48;"21";"25";"30";"25.71";"5.95";0;3;12;24;6;2;44;1;2;0;0;34;14;16;32;48;0;1;45;0;2;0;0;45;3;0;"38";"39";"40";"25.71";"2.25";8;4;32;4;0;0;48;14;34;43;4;0;5;8;10;7;12;1;3;0;1;0;48;0;0;0;0;23;25;44;1;2;0;0;3;40;5;"3003.75";"3427.5";"3605";"3304.29";"640.92";1;38;9;1;47;"9.56";"0.65";48;0;36;2015;"MUNICIPIO";25;0;0;0;0;0;0;0;0;0;0;0;0;0;0;0;0;0;0;0;0;36;2015;"MUNICIPIO";"2.034";"0";62,4187256176853;7,72558714462299;0;0;0;0
"37";"430187";38;2015;"MUNICIPIO";4201;4012;2128;1884;1090;2137;785;507;1032;NA;37;2015;"MUNICIPIO";0;0,67;0;0;37;2015;"MUNICIPIO";34;0;20;1;0;4;10;5;5;2;1;0;34;"20.25";"26.5";"32";"27.56";"7.96";0;1;12;16;5;0;24;0;9;1;0;22;12;12;22;34;0;4;29;1;0;0;0;29;4;1;"37.25";"38.5";"39.75";"27.56";"1.76";9;0;18;6;1;1;33;16;18;33;0;0;6;5;6;5;7;0;0;0;4;0;32;0;0;2;0;17;17;24;0;9;1;0;2;31;1;"3003.75";"3262.5";"3612.5";"3277.65";"462.34";0;30;3;0;20;"9.5";"0.61";34;0;37;2015;"MUNICIPIO";12;0;0;0;0;0;0;0;0;0;0;0;0;0;0;0;0;0;0;0;0;37;2015;"MUNICIPIO";"2.685";"413";32,9457364341085;2,85646274696501;0;0;0;0
"38";"430190";39;2015;"MUNICIPIO";13263;12572;6253;6319;2811;6333;3428;1333;3145;NA;38;2015;"MUNICIPIO";0;0,723;0;0;38;2015;"MUNICIPIO";162;0;151;4;0;45;30;37;15;5;3;1;162;"21";"26";"32";"26.99";"7.43";9;5;61;61;16;10;118;13;18;13;0;65;94;67;95;162;0;11;149;2;0;0;0;149;11;2;"38";"39";"40";"26.99";"1.52";39;10;90;15;1;3;159;93;69;157;5;0;19;41;38;25;23;0;5;0;11;0;154;4;0;4;0;87;75;118;13;18;13;0;7;144;11;"2977.5";"3265";"3547";"3261.64";"477.26";10;128;22;3;150;"9.2";"0.68";161;0;38;2015;"MUNICIPIO";84;0;0;0;0;0;0;0;0;0;0;0;0;0;0;0;0;0;0;0;0;38;2015;"MUNICIPIO";"10.042";"0";51,510333863275;6,33340873105632;0;0;0;0
"39";"430192";40;2015;"MUNICIPIO";1952;2003;1049;954;320;968;715;151;449;NA;39;2015;"MUNICIPIO";0;0,763;0;0;39;2015;"MUNICIPIO";11;0;11;0;0;2;2;3;3;1;0;0;11;"27.5";"32";"36";"31.55";"5.8";0;1;0;8;2;0;10;0;1;0;0;10;1;2;9;11;0;0;11;0;0;0;0;11;0;0;"38.5";"39";"39.5";"31.55";"0.94";1;1;8;1;0;0;11;2;9;8;1;2;1;0;3;0;4;1;0;0;0;2;11;0;0;0;0;3;8;10;0;1;0;0;0;11;0;"2790";"3030";"3320";"3079.55";"426.36";2;8;1;0;11;"9.64";"0.67";11;0;39;2015;"MUNICIPIO";16;0;0;0;0;0;0;0;0;0;0;0;0;0;0;0;0;0;0;0;0;39;2015;"MUNICIPIO";"0";"0";24,4988864142539;8,19672131147541;0;0;0;0
"40";"430195";41;2015;"MUNICIPIO";2497;2367;1177;1190;435;1259;673;200;639;NA;40;2015;"MUNICIPIO";0;0,71;0;0;40;2015;"MUNICIPIO";30;0;30;0;0;5;9;7;7;0;0;0;30;"25.25";"29";"33.5";"28.9";"5.68";0;0;6;14;7;2;29;0;1;0;0;24;6;15;15;30;0;4;26;0;0;0;0;26;4;0;"37.25";"38";"39";"28.9";"1.63";0;3;24;1;0;0;30;3;27;23;6;0;3;3;2;3;8;4;2;0;4;0;30;0;0;0;0;15;15;29;0;1;0;0;5;23;2;"2676.25";"2927.5";"3487.5";"3075";"598.96";2;24;4;0;30;"9.3";"0.6";30;0;40;2015;"MUNICIPIO";5;0;0;0;0;0;0;0;0;0;0;0;0;0;0;0;0;0;0;0;0;40;2015;"MUNICIPIO";"2.497";"0";46,9483568075117;2,00240288346015;0;0;0;0
"41";"430200";42;2015;"MUNICIPIO";11482;11133;5729;5404;2844;5535;2754;1354;2712;1338;41;2015;"MUNICIPIO";0;0,65;0;0;41;2015;"MUNICIPIO";130;0;127;6;0;27;26;34;14;5;0;0;130;"21";"27.5";"32";"27.02";"7.1";1;28;59;27;10;5;128;0;2;0;0;68;62;51;79;130;0;15;108;5;1;1;0;108;17;5;"38";"39";"40";"27.02";"2.11";34;8;74;4;0;0;130;60;70;117;11;2;14;26;24;14;24;5;5;3;13;2;130;0;0;0;0;65;65;128;0;2;0;0;17;110;3;"2900";"3180";"3400";"3135.43";"508.45";10;104;10;5;125;"9.45";"0.92";128;1;41;2015;"MUNICIPIO";79;0;0;0;0;0;0;0;0;0;0;0;0;0;0;0;0;0;0;0;0;41;2015;"MUNICIPIO";"4.081";"0";47,9351032448378;6,88033443650932;0;0;0;0
"42";"430205";43;2015;"MUNICIPIO";2264;2307;1195;1112;670;1129;508;318;534;NA;42;2015;"MUNICIPIO";0;0,619;0;0;42;2015;"MUNICIPIO";35;0;35;1;0;12;5;1;6;2;0;0;35;"19.5";"24";"29.5";"25.43";"7.72";0;5;12;16;0;2;10;0;3;22;0;16;15;13;22;35;0;4;30;1;0;0;0;30;4;1;"38";"38";"39";"25.43";"1.43";7;0;24;4;0;0;35;15;20;29;1;0;7;2;6;3;7;0;1;0;4;0;35;0;0;0;0;21;14;10;0;3;22;0;1;34;0;"2857.5";"3090";"3405";"3160";"401.54";2;31;2;0;35;"9.26";"0.56";35;0;42;2015;"MUNICIPIO";10;0;0;0;0;0;0;0;0;0;0;0;0;0;0;0;0;0;0;0;0;42;2015;"MUNICIPIO";"0";"0";65,5430711610487;4,41696113074205;0;0;0;0
"43";"430210";44;2015;"MUNICIPIO";113287;107278;52645;54633;19032;61877;26369;9468;30834;14331;43;2015;"MUNICIPIO";0;0,778;0;0;43;2015;"MUNICIPIO";1700;0;1693;11;0;322;413;469;279;59;3;0;1700;"24";"29";"33.25";"28.65";"6.41";1;34;401;687;419;158;1514;63;123;0;0;1542;156;818;882;1700;0;178;1475;6;29;10;2;1475;219;6;"38";"39";"39";"28.65";"2.3";248;82;1283;68;17;1525;175;556;1144;1599;93;7;141;515;125;229;377;44;39;50;172;7;1694;2;2;2;0;912;788;1514;63;123;0;0;178;1460;62;"2848.75";"3180";"3476.25";"3119.31";"586.02";87;1426;129;44;1653;"9.07";"0.76";1684;15;43;2015;"MUNICIPIO";659;0;15;0;0;0;0;17;0;0;0;0;0;0;0;0;0;0;0;0;0;43;2015;"MUNICIPIO";"113.287";"480";55,13394304988;5,81708404318236;10;55,13394304988;0;10
"44";"430215";45;2015;"MUNICIPIO";2170;2114;1056;1058;491;1097;526;228;572;NA;44;2015;"MUNICIPIO";0;0,676;0;0;44;2015;"MUNICIPIO";34;0;30;0;0;9;5;9;4;2;0;0;34;"22";"26.5";"31";"26.97";"6.91";2;1;21;8;2;0;31;0;2;0;0;19;15;17;17;34;0;6;25;3;0;0;0;25;6;3;"37";"38";"39";"26.97";"2.32";1;1;31;0;1;0;34;4;30;31;1;0;2;8;2;4;9;1;0;3;3;0;34;0;0;0;0;15;19;31;0;2;0;0;6;28;0;"2775";"2960";"3242.5";"2961.85";"508.51";2;26;2;1;33;"9.21";"1.12";32;0;44;2015;"MUNICIPIO";20;0;1;0;0;0;0;0;0;0;0;0;0;0;0;0;0;0;0;0;0;44;2015;"MUNICIPIO";"0";"0";59,4405594405594;9,21658986175115;0;0;0;0
"45";"430220";46;2015;"MUNICIPIO";6815;6574;3295;3279;1159;3471;1944;529;1725;NA;45;2015;"MUNICIPIO";0;0,762;0;0;45;2015;"MUNICIPIO";73;0;73;0;0;10;22;18;13;4;0;0;73;"25";"29";"34";"29.34";"6.46";0;2;15;45;6;5;70;0;2;0;1;45;28;27;46;73;0;12;60;1;0;0;0;60;12;1;"37";"38";"39";"29.34";"1.72";7;4;58;4;0;0;73;7;66;72;1;0;3;21;4;12;20;0;1;2;10;0;73;0;0;0;0;34;39;70;0;2;0;1;7;63;3;"2910";"3205";"3510";"3186.44";"498.8";4;57;10;0;73;"9.1";"0.41";72;1;45;2015;"MUNICIPIO";51;0;0;0;0;0;0;0;0;0;0;0;0;0;0;0;0;0;0;0;0;45;2015;"MUNICIPIO";"5.048";"0";42,3188405797101;7,48349229640499;0;0;0;0
"46";"430222";47;2015;"MUNICIPIO";2523;2441;1257;1184;459;1228;754;232;594;NA;46;2015;"MUNICIPIO";0;0,703;0;0;46;2015;"MUNICIPIO";13;0;13;0;0;6;2;2;2;0;0;0;13;"20";"24";"31";"25.85";"6.35";0;0;6;5;2;0;12;0;1;0;0;7;6;5;8;13;0;1;12;0;0;0;0;12;1;0;"38";"39";"39";"25.85";"0.97";0;1;9;3;0;0;13;4;9;12;1;0;1;4;1;1;4;0;1;0;1;0;13;0;0;0;0;6;7;12;0;1;0;0;3;9;1;"2690";"3140";"3470";"3117.69";"552.38";2;10;1;0;13;"9.69";"0.63";12;1;46;2015;"MUNICIPIO";11;0;0;0;0;0;0;0;0;0;0;0;0;0;0;0;0;0;0;0;0;46;2015;"MUNICIPIO";"2.35";"0";21,8855218855219;4,35988902100674;0;0;0;0
"47";"430223";48;2015;"MUNICIPIO";2559;2425;1243;1182;490;1300;635;234;625;323;47;2015;"MUNICIPIO";0;0,731;0;0;47;2015;"MUNICIPIO";30;0;29;0;0;9;8;4;3;3;0;0;30;"23.25";"27.5";"33.5";"28.07";"6.82";0;1;9;12;7;1;27;0;3;0;0;15;15;12;18;30;0;5;25;0;0;0;0;25;5;0;"38";"38";"39";"28.07";"1.31";3;1;24;0;0;0;30;3;27;30;0;0;3;6;2;1;13;0;0;0;5;0;30;0;0;0;0;13;17;27;0;3;0;0;2;27;1;"2972.5";"3115";"3576.25";"3245.17";"445.54";1;24;5;0;29;"9.59";"0.57";30;0;47;2015;"MUNICIPIO";19;0;0;0;0;0;0;0;0;0;0;0;0;0;0;0;0;0;0;0;0;47;2015;"MUNICIPIO";"764";"0";48;7,42477530285268;0;0;0;0
"48";"430225";49;2015;"MUNICIPIO";2859;2776;1469;1307;372;1382;1022;174;613;NA;48;2015;"MUNICIPIO";0;0,728;0;0;48;2015;"MUNICIPIO";20;0;19;0;0;2;4;6;7;1;0;0;20;"26.75";"32";"37";"32.15";"5.47";0;4;7;7;2;0;18;0;1;0;0;16;3;5;15;20;0;2;16;0;1;1;0;16;4;0;"37";"38";"39";"32.15";"3.68";1;1;17;1;0;0;20;4;16;17;2;1;0;3;4;1;6;1;1;0;3;1;20;0;0;0;0;11;9;18;0;1;0;0;3;16;1;"3063.5";"3289";"3545";"3114.3";"816.53";1;16;3;0;20;"9.65";"0.59";19;0;48;2015;"MUNICIPIO";27;0;0;0;0;0;0;0;0;0;0;0;0;0;0;0;0;0;0;0;0;48;2015;"MUNICIPIO";"0";"0";32,626427406199;9,44386149003148;0;0;0;0
"49";"430230";50;2015;"MUNICIPIO";11797;11519;5703;5816;2895;5561;3063;1453;2801;1562;49;2015;"MUNICIPIO";0;0,666;0;0;49;2015;"MUNICIPIO";154;0;128;7;0;47;25;17;15;6;0;0;154;"19";"23";"29";"24.66";"7.17";1;16;75;51;9;2;117;9;28;0;0;104;49;62;92;154;0;14;110;15;2;0;0;110;16;15;"38";"39";"40";"24.66";"2.29";52;7;66;14;0;8;146;85;69;143;9;0;17;31;30;18;18;4;5;2;16;0;154;0;0;0;0;71;83;117;9;28;0;0;14;129;11;"2960";"3275";"3535";"3223.67";"555.26";8;111;14;3;144;"9.08";"0.57";153;0;49;2015;"MUNICIPIO";36;0;2;0;0;0;0;0;0;0;0;0;0;0;0;0;0;0;0;0;0;49;2015;"MUNICIPIO";"8.958";"8.72";54,9803641556587;3,05162329405781;0;0;0;0
"50";"430235";51;2015;"MUNICIPIO";12932;11789;6029;5760;2261;6884;2644;1076;3341;NA;50;2015;"MUNICIPIO";0;0,746;0;0;50;2015;"MUNICIPIO";184;0;181;0;0;36;59;50;21;5;0;0;184;"24";"28";"32";"28.32";"5.65";2;2;62;86;25;7;171;3;10;0;0;85;98;74;110;184;0;17;162;3;2;0;0;162;19;3;"38";"39";"39";"28.32";"1.97";39;8;124;8;1;83;101;43;141;169;15;0;27;39;15;21;50;3;10;4;15;0;184;0;0;0;0;95;89;171;3;10;0;0;15;158;11;"3072.5";"3350";"3640";"3278.43";"580.54";3;149;26;3;181;"9.59";"0.69";179;4;50;2015;"MUNICIPIO";79;0;2;0;0;0;0;3;0;0;0;0;0;0;0;0;0;0;0;0;0;50;2015;"MUNICIPIO";"9.25";"0";55,0733313379228;6,10887720383545;16,304347826087;89,7934750074828;0;16,304347826087
"51";"430237";52;2015;"MUNICIPIO";2261;2328;1167;1161;497;1154;677;252;568;NA;51;2015;"MUNICIPIO";0;0,723;0;0;51;2015;"MUNICIPIO";25;0;25;1;0;6;6;4;5;0;0;0;25;"21";"26";"32";"26.84";"6.81";0;0;8;15;2;0;24;1;0;0;0;17;8;8;17;25;0;3;21;1;0;0;0;21;3;1;"38";"39";"39";"26.84";"1.91";7;1;16;1;0;0;25;7;18;25;0;0;2;6;4;3;7;0;0;0;3;0;25;0;0;0;0;11;14;24;1;0;0;0;2;21;2;"2880";"3250";"3610";"3237";"532.37";2;20;3;0;25;"9.2";"0.41";25;0;51;2015;"MUNICIPIO";15;0;0;0;0;0;0;0;0;0;0;0;0;0;0;0;0;0;0;0;0;51;2015;"MUNICIPIO";"1.453";"0";44,0140845070422;6,63423264042459;0;0;0;0
"52";"430240";53;2015;"MUNICIPIO";12110;11472;5655;5817;2335;6161;2976;1125;3091;NA;52;2015;"MUNICIPIO";0;0,739;0;0;52;2015;"MUNICIPIO";165;0;161;0;0;38;45;39;20;4;0;0;165;"22";"28";"32";"27.44";"6.19";0;3;54;85;14;9;149;11;4;1;0;148;17;65;100;165;0;14;147;1;2;1;0;147;17;1;"38";"38";"39";"27.44";"2.13";32;13;106;12;1;112;53;13;152;160;3;0;9;49;7;23;54;1;2;5;13;0;165;0;0;0;0;80;85;149;11;4;1;0;13;140;12;"2995";"3295";"3570";"3239.27";"576.2";6;133;21;3;162;"9.27";"0.7";159;2;52;2015;"MUNICIPIO";89;0;2;0;0;0;0;2;0;0;0;0;0;0;0;0;0;0;0;0;0;52;2015;"MUNICIPIO";"9.927";"0";53,3807829181495;7,34929810074319;12,1212121212121;64,7039792947266;0;12,1212121212121
"53";"430245";54;2015;"MUNICIPIO";7912;7673;3937;3736;1812;4130;1731;894;1990;NA;53;2015;"MUNICIPIO";0;0,7;0;0;53;2015;"MUNICIPIO";100;0;99;7;0;17;25;17;10;3;0;0;100;"19";"25";"31";"25.68";"7.5";0;14;53;17;13;3;80;0;20;0;0;47;53;41;59;100;0;8;88;1;2;1;0;88;11;1;"38";"39";"39.25";"25.68";"2.31";12;1;59;3;1;88;12;26;74;96;4;0;19;19;15;15;17;2;2;2;9;0;99;0;0;1;0;50;50;80;0;20;0;0;5;91;4;"3016.25";"3262.5";"3577.5";"3231.1";"552.48";3;84;11;1;98;"9.15";"0.77";98;2;53;2015;"MUNICIPIO";60;0;1;0;0;0;0;3;0;0;0;0;0;0;0;0;0;0;0;0;0;53;2015;"MUNICIPIO";"1.911";"0";50,251256281407;7,58341759352882;30;150,753768844221;0;30
"54";"430250";55;2015;"MUNICIPIO";6873;6884;3509;3375;1472;3299;2113;725;1644;1006;54;2015;"MUNICIPIO";0;0,692;0;0;54;2015;"MUNICIPIO";57;0;57;1;0;15;16;6;7;1;0;0;57;"21";"25";"29";"25.39";"6.62";0;4;22;27;2;2;54;1;2;0;0;33;24;23;34;57;0;10;44;3;0;0;0;44;10;3;"38";"38";"40";"25.39";"2.23";19;3;27;6;1;0;57;27;30;55;2;0;7;11;13;7;9;2;0;0;8;0;57;0;0;0;0;28;29;54;1;2;0;0;6;49;2;"2780";"3140";"3420";"3113.33";"540.51";6;44;7;1;56;"9.81";"0.61";56;1;54;2015;"MUNICIPIO";46;0;1;0;0;0;0;1;0;0;0;0;0;0;0;0;0;0;0;0;0;54;2015;"MUNICIPIO";"3.69";"0";34,6715328467153;6,69285610359377;17,5438596491228;60,8272506082725;0;17,5438596491228
"55";"430258";56;2015;"MUNICIPIO";2238;2200;1100;1100;380;1034;786;187;516;NA;55;2015;"MUNICIPIO";0;0,745;0;0;55;2015;"MUNICIPIO";17;0;17;0;0;4;9;2;1;0;0;0;17;"21";"27";"27";"26.06";"5.3";0;0;6;5;3;3;16;0;1;0;0;13;4;8;9;17;0;0;17;0;0;0;0;17;0;0;"38";"39";"39";"26.06";"1.12";2;2;13;0;0;0;17;8;9;17;0;0;2;6;2;2;5;0;0;0;0;0;17;0;0;0;0;6;11;16;0;1;0;0;2;15;0;"2795";"2935";"3460";"3116.18";"505.13";4;11;2;0;17;"9.29";"0.59";17;0;55;2015;"MUNICIPIO";17;0;0;0;0;0;0;0;0;0;0;0;0;0;0;0;0;0;0;0;0;55;2015;"MUNICIPIO";"2.208";"0";32,9457364341085;7,59606791778373;0;0;0;0
"56";"430260";57;2015;"MUNICIPIO";3688;3702;1866;1836;850;1792;1060;420;881;NA;56;2015;"MUNICIPIO";0;0,674;0;0;56;2015;"MUNICIPIO";42;0;42;4;0;10;6;6;5;2;0;0;42;"18.25";"22";"32.5";"25.02";"8";0;4;17;19;2;0;26;0;12;1;3;35;7;19;23;42;0;6;35;1;0;0;0;35;6;1;"37";"38";"39";"25.02";"1.86";11;0;31;0;0;0;42;18;24;40;1;1;3;12;1;9;9;1;0;0;6;1;42;0;0;0;0;24;18;26;0;12;1;3;1;40;1;"2975";"3100";"3411.25";"3159.6";"387.89";5;34;3;0;42;"9.52";"0.51";42;0;56;2015;"MUNICIPIO";18;0;0;0;0;0;0;0;0;0;0;0;0;0;0;0;0;0;0;0;0;56;2015;"MUNICIPIO";"2.28";"0";47,6730987514188;4,88069414316703;0;0;0;0
"57";"430265";58;2015;"MUNICIPIO";4952;4675;2398;2277;771;2321;1583;372;1106;NA;57;2015;"MUNICIPIO";0;0,699;0;0;57;2015;"MUNICIPIO";32;0;32;0;0;5;12;7;4;0;0;0;32;"22";"27.5";"30";"26.84";"5.85";0;3;7;15;6;1;29;2;1;0;0;16;16;16;16;32;0;1;31;0;0;0;0;31;1;0;"38";"39";"40";"26.84";"1.24";10;0;22;0;0;0;32;12;20;32;0;0;8;7;4;3;7;0;0;2;1;0;32;0;0;0;0;18;14;29;2;1;0;0;1;31;0;"2876.25";"3192.5";"3465";"3178.41";"353.76";1;27;2;0;32;"9.84";"0.37";32;0;57;2015;"MUNICIPIO";41;0;0;0;0;0;0;0;0;0;0;0;0;0;0;0;0;0;0;0;0;57;2015;"MUNICIPIO";"4.928";"0";28,9330922242315;8,2794830371567;0;0;0;0
"58";"430270";59;2015;"MUNICIPIO";21192;20406;10032;10374;4754;10492;5160;2311;5278;2785;58;2015;"MUNICIPIO";0;0,689;0;0;58;2015;"MUNICIPIO";274;0;265;5;0;76;74;38;23;7;0;0;274;"20";"25";"29";"25.48";"6.6";0;14;114;107;16;20;217;20;33;0;1;95;178;114;160;274;0;21;249;1;0;1;0;249;22;1;"38";"39";"40";"25.48";"1.62";76;49;102;35;3;8;266;145;129;264;5;0;39;58;44;55;42;2;2;4;21;0;268;1;1;4;0;149;124;218;22;33;0;1;26;228;20;"2946.25";"3227.5";"3547.5";"3192.13";"581.54";23;212;29;3;268;"9.41";"0.68";270;4;58;2015;"MUNICIPIO";167;0;1;0;1;0;0;0;0;0;0;0;0;0;0;0;0;0;0;0;0;58;2015;"MUNICIPIO";"21.192";"0";51,9136036377416;7,8803322008305;0;0;0;0
"59";"430280";60;2015;"MUNICIPIO";34654;33690;16329;17361;6642;16602;10446;3302;8473;5586;59;2015;"MUNICIPIO";0;0,704;0;0;59;2015;"MUNICIPIO";390;0;389;10;0;75;109;92;42;15;1;0;390;"22";"27";"32";"27.4";"6.67";1;16;121;175;54;23;294;77;19;0;0;124;265;172;218;390;0;48;327;6;6;3;0;327;57;6;"37";"38.5";"39";"27.4";"2.4";106;31;219;30;2;356;34;142;248;365;24;1;82;58;64;21;88;8;8;20;40;1;389;1;0;0;0;196;193;294;77;19;0;0;48;322;20;"2837";"3180";"3513.75";"3139.13";"628.82";28;299;42;9;380;"9.44";"1.07";387;3;59;2015;"MUNICIPIO";347;0;6;1;0;0;0;10;0;0;0;0;0;0;0;0;0;0;0;0;0;59;2015;"MUNICIPIO";"26.791";"1.191";46,0285613124041;10,0132740809142;25,6410256410256;118,021952083087;0;25,6410256410256
"60";"430290";61;2015;"MUNICIPIO";13685;13676;6836;6840;3000;6880;3796;1457;3420;NA;60;2015;"MUNICIPIO";0;0,7;0;0;60;2015;"MUNICIPIO";136;0;132;3;0;37;39;23;16;2;0;0;136;"21.75";"25.5";"31";"26.34";"6.23";0;11;45;63;13;4;108;9;19;0;0;57;77;46;90;136;0;18;109;3;2;3;1;109;24;3;"37";"39";"40";"26.34";"3.41";44;9;68;10;1;13;123;60;76;124;12;0;14;17;18;15;35;7;3;10;17;0;134;0;0;2;0;75;61;108;9;19;0;0;23;107;6;"2810";"3102.5";"3450";"3035.74";"712.74";10;105;9;3;130;"9.49";"1.28";133;2;60;2015;"MUNICIPIO";98;0;2;0;0;0;0;3;0;0;0;0;0;0;0;0;0;0;0;0;0;60;2015;"MUNICIPIO";"10.243";"0";39,766081871345;7,1611253196931;22,0588235294118;87,719298245614;0;22,0588235294118
"61";"430300";62;2015;"MUNICIPIO";85712;83827;40378;43449;16850;41716;25261;8240;21175;14034;61;2015;"MUNICIPIO";0;0,742;0;0;61;2015;"MUNICIPIO";1076;0;1068;21;0;231;293;258;135;26;1;0;1076;"23";"28";"32";"27.53";"6.44";4;44;357;470;142;59;878;118;75;5;0;376;700;445;631;1076;0;107;946;6;12;4;0;946;123;6;"38";"39";"40";"27.53";"2.1";237;82;659;81;15;1056;20;399;677;1028;45;2;108;263;139;144;251;22;16;31;98;2;1068;3;0;5;0;541;534;878;118;75;5;0;112;907;56;"2872.5";"3220";"3522.5";"3169.96";"567.11";76;866;100;24;1045;"9.52";"0.85";1057;18;61;2015;"MUNICIPIO";937;0;6;0;0;1;0;13;0;0;0;0;0;0;0;0;0;0;0;0;0;61;2015;"MUNICIPIO";"73.533";"21.835";50,814639905549;10,9319581855516;12,0817843866171;61,3931523022432;0;12,0817843866171
"62";"430310";63;2015;"MUNICIPIO";125975;118278;57173;61105;25903;66165;26210;12755;33790;14560;62;2015;"MUNICIPIO";0;0,757;0;0;62;2015;"MUNICIPIO";2010;0;2004;35;0;441;503;471;257;54;6;0;2010;"22";"27";"32";"27.41";"6.63";2;39;556;1006;274;132;1816;123;70;0;1;960;1045;875;1135;2010;0;178;1758;40;29;5;0;1758;212;40;"38";"39";"40";"27.41";"2.08";520;91;1148;90;27;1004;1006;1026;984;1906;89;7;253;486;274;302;390;40;35;41;174;7;2007;2;0;1;0;1055;955;1816;123;70;0;1;157;1725;128;"2965";"3275";"3600";"3235";"582.95";88;1621;244;33;1973;"9.35";"0.73";1982;23;62;2015;"MUNICIPIO";783;1;9;0;1;0;0;14;0;1;0;0;0;0;0;0;0;0;0;0;0;62;2015;"MUNICIPIO";"125.975";"65.226";59,485054749926;6,21551895217305;6,96517412935323;41,4323764427345;0;6,96517412935323
"63";"430320";64;2015;"MUNICIPIO";5080;4868;2417;2451;1086;2422;1360;560;1182;NA;63;2015;"MUNICIPIO";0;0,662;0;0;63;2015;"MUNICIPIO";61;0;61;3;0;10;13;15;6;0;0;0;61;"19";"26";"31";"25.43";"6.66";1;6;19;25;7;3;28;0;2;31;0;27;33;27;34;61;0;11;49;0;0;1;0;49;12;0;"37";"38";"39";"25.43";"2.44";10;3;43;4;1;0;61;30;31;57;3;1;12;8;14;2;10;3;0;0;11;1;61;0;0;0;0;29;32;28;0;2;31;0;13;46;2;"2610";"3055";"3430";"2977.87";"642.86";7;48;6;1;60;"9.77";"0.64";61;0;63;2015;"MUNICIPIO";49;0;1;0;0;1;0;2;0;0;0;0;0;0;0;0;0;0;0;0;0;63;2015;"MUNICIPIO";"1.828";"0";51,6074450084602;9,64566929133858;32,7868852459016;169,204737732656;0;32,7868852459016
"64";"430330";65;2015;"MUNICIPIO";5058;4954;2532;2422;954;2454;1546;417;1217;788;64;2015;"MUNICIPIO";0;0,719;0;0;64;2015;"MUNICIPIO";46;0;44;1;0;10;6;16;4;3;0;0;46;"21";"29";"33";"27.98";"7.41";0;1;14;21;7;3;39;1;6;0;0;34;12;24;22;46;0;7;38;0;1;0;0;38;8;0;"38";"39";"39";"27.98";"2.08";2;6;34;2;0;30;16;9;37;44;2;0;9;9;2;3;14;0;1;2;6;0;46;0;0;0;0;25;21;39;1;6;0;0;6;40;0;"2862.5";"3091";"3578.75";"3090.09";"573.31";3;39;2;0;46;"9.28";"0.46";46;0;64;2015;"MUNICIPIO";33;0;1;0;0;0;0;1;0;0;0;0;0;0;0;0;0;0;0;0;0;64;2015;"MUNICIPIO";"3.442";"0";37,797863599014;6,52431791221827;21,7391304347826;82,1692686935086;0;21,7391304347826
"65";"430340";66;2015;"MUNICIPIO";5104;5071;2585;2486;986;2469;1616;467;1170;NA;65;2015;"MUNICIPIO";0;0,699;0;0;65;2015;"MUNICIPIO";43;0;43;0;0;8;13;7;11;2;0;0;43;"25";"29";"35";"29.58";"6.71";0;4;16;10;11;2;41;0;2;0;0;29;13;18;25;43;0;7;36;0;0;0;0;36;7;0;"37";"38";"39";"29.58";"1.97";4;3;33;1;0;21;22;7;36;43;0;0;5;11;3;5;10;0;0;4;5;0;43;0;0;0;0;23;20;41;0;2;0;0;4;37;2;"2990";"3200";"3400";"3183.09";"586.6";0;36;3;0;43;"9.47";"0.5";43;0;65;2015;"MUNICIPIO";32;0;0;0;0;0;0;0;0;0;0;0;0;0;0;0;0;0;0;0;0;65;2015;"MUNICIPIO";"2.157";"0";36,7521367521368;6,26959247648903;0;0;0;0
"66";"430350";67;2015;"MUNICIPIO";65835;62764;30900;31864;13527;33595;15642;6695;16780;8389;66;2015;"MUNICIPIO";0;0,697;0;0;66;2015;"MUNICIPIO";928;0;921;16;0;209;228;202;105;29;3;0;928;"21";"27";"32";"26.95";"6.73";11;71;319;378;104;45;765;91;66;6;0;381;544;397;531;928;0;90;828;1;7;2;0;828;99;1;"38";"39";"39";"26.95";"1.75";148;91;592;82;12;785;143;420;508;903;25;0;149;197;103;152;204;9;12;22;80;0;922;2;0;4;0;486;442;765;91;66;6;0;87;801;40;"2873.75";"3200";"3500";"3165.75";"544.14";54;778;73;24;899;"9.36";"0.92";915;12;66;2015;"MUNICIPIO";442;1;3;0;0;0;0;7;1;0;0;0;0;1;1;0;0;0;0;0;0;66;2015;"MUNICIPIO";"51.718";"0";55,3039332538737;6,71375408217513;7,54310344827586;41,7163289630513;2,97663342759339;7,54310344827586
"67";"430355";68;2015;"MUNICIPIO";2718;2592;1291;1301;480;1343;769;247;659;NA;67;2015;"MUNICIPIO";0;0,736;0;0;67;2015;"MUNICIPIO";27;0;27;1;0;4;6;9;3;0;0;0;27;"22.5";"28";"32.5";"27.37";"6.57";0;1;8;11;6;1;27;0;0;0;0;25;2;14;13;27;0;5;21;1;0;0;0;21;5;1;"37";"39";"39";"27.37";"2.02";1;0;25;1;0;0;27;4;23;24;3;0;2;11;1;0;5;1;2;2;3;0;27;0;0;0;0;14;13;27;0;0;0;0;9;18;0;"2422.5";"2910";"3142.5";"2767.22";"563.87";7;18;0;1;26;"9.48";"0.8";27;0;67;2015;"MUNICIPIO";15;0;1;0;0;0;0;1;0;0;0;0;0;0;0;0;0;0;0;0;0;67;2015;"MUNICIPIO";"2.718";"0";40,9711684370258;5,51876379690949;37,037037037037;151,745068285281;0;37,037037037037
"68";"430360";69;2015;"MUNICIPIO";6695;6542;3350;3192;1568;3461;1513;751;1686;755;68;2015;"MUNICIPIO";0;0,697;0;0;68;2015;"MUNICIPIO";76;0;75;1;0;12;19;25;7;3;0;0;76;"23";"29";"32";"27.86";"6.5";0;2;19;37;15;3;69;1;6;0;0;29;47;24;52;76;0;9;63;2;2;0;0;63;11;2;"38";"39";"40";"27.86";"2.1";18;4;51;2;0;0;76;27;49;74;2;0;8;16;9;11;20;0;1;6;5;0;76;0;0;0;0;40;36;69;1;6;0;0;10;65;1;"2825";"3155";"3452.5";"3065.59";"628.93";6;59;5;1;74;"9.26";"1.28";66;0;68;2015;"MUNICIPIO";30;0;0;0;0;0;0;0;0;0;0;0;0;0;0;0;0;0;0;0;0;68;2015;"MUNICIPIO";"2.879";"0";45,0771055753262;4,48095593726662;0;0;0;0
"69";"430367";70;2015;"MUNICIPIO";3392;3247;1674;1573;676;1615;956;314;782;NA;69;2015;"MUNICIPIO";0;0,706;0;0;69;2015;"MUNICIPIO";27;0;24;0;0;3;6;11;6;1;0;0;27;"27";"31";"34.5";"30.78";"4.78";0;3;8;10;6;0;24;0;3;0;0;24;3;7;20;27;0;4;22;0;0;0;0;22;4;0;"37.25";"38";"39";"30.78";"1.76";2;0;19;0;0;0;27;7;20;27;0;0;0;6;4;1;11;0;0;2;2;0;27;0;0;0;0;15;12;24;0;3;0;0;5;22;0;"2660";"3060";"3260";"2942.22";"452.85";2;22;0;0;26;"9.5";"0.58";27;0;69;2015;"MUNICIPIO";21;0;0;0;0;0;0;0;0;0;0;0;0;0;0;0;0;0;0;0;0;69;2015;"MUNICIPIO";"688";"900";34,5268542199488;6,19103773584906;0;0;0;0
"70";"430370";71;2015;"MUNICIPIO";6070;6117;3056;3061;970;2896;2251;487;1399;NA;70;2015;"MUNICIPIO";0;0,738;0;0;70;2015;"MUNICIPIO";59;0;58;0;0;13;18;10;13;1;0;0;59;"24";"28";"34";"28.71";"6.09";0;2;7;38;7;5;51;0;8;0;0;48;11;26;33;59;0;5;53;0;0;1;0;53;6;0;"38";"39";"39";"28.71";"2.37";21;4;27;4;1;48;11;9;50;53;5;1;6;12;4;4;20;2;2;2;6;1;59;0;0;0;0;24;35;51;0;8;0;0;7;47;5;"2735";"3120";"3545";"3137.03";"655.13";2;47;8;4;55;"9.08";"1.15";58;1;70;2015;"MUNICIPIO";55;0;1;0;0;0;0;1;0;0;0;0;0;0;0;0;0;0;0;0;0;70;2015;"MUNICIPIO";"2.559";"2.21";42,1729807005004;9,06095551894563;16,9491525423729;71,4796283059328;0;16,9491525423729
"71";"430380";72;2015;"MUNICIPIO";5649;5506;2650;2856;954;2721;1831;489;1370;997;71;2015;"MUNICIPIO";0;0,76;0;0;71;2015;"MUNICIPIO";64;0;64;3;0;17;19;14;6;0;0;0;64;"21.75";"27";"30.25";"26.17";"6.06";0;3;13;33;12;3;49;1;14;0;0;52;12;27;37;64;0;9;53;2;0;0;0;53;9;2;"37";"39";"40";"26.17";"1.86";12;3;44;5;0;4;60;25;39;62;1;1;9;12;10;13;7;0;1;3;8;1;64;0;0;0;0;31;33;49;1;14;0;0;12;50;2;"2695";"3030";"3333.75";"3032.05";"531";9;46;6;0;64;"9.28";"0.58";64;0;71;2015;"MUNICIPIO";41;0;0;0;0;0;0;0;0;0;0;0;0;0;0;0;0;0;0;0;0;71;2015;"MUNICIPIO";"4.494";"5.649";46,7153284671533;7,25792175606302;0;0;0;0
"72";"430390";73;2015;"MUNICIPIO";64171;60074;29471;30603;12551;34774;12749;6198;17454;6951;72;2015;"MUNICIPIO";0;0,745;0;0;72;2015;"MUNICIPIO";913;0;911;15;0;184;271;217;109;27;0;0;913;"23";"28";"32";"27.65";"6.37";2;21;268;435;112;75;869;15;28;0;1;414;498;403;510;913;0;78;821;6;3;5;0;821;86;6;"38";"39";"40";"27.65";"2";98;69;717;24;2;518;395;341;572;867;45;1;58;294;60;167;202;12;24;30;65;1;911;1;0;1;0;492;421;869;15;28;0;1;58;804;51;"2930";"3240";"3550";"3228.92";"536.65";42;737;103;16;897;"9.43";"0.76";892;11;72;2015;"MUNICIPIO";371;0;7;0;0;0;0;11;0;0;0;0;0;0;0;0;0;0;0;0;0;72;2015;"MUNICIPIO";"50.676";"97";52,3089263206142;5,78142774773652;12,0481927710843;63,0228027959207;0;12,0481927710843
"73";"430400";74;2015;"MUNICIPIO";5276;5459;2685;2774;1205;2716;1538;582;1393;NA;73;2015;"MUNICIPIO";0;0,703;0;0;73;2015;"MUNICIPIO";67;0;66;2;0;27;12;11;2;2;0;0;67;"20";"22";"28.5";"24.27";"6.34";1;2;23;33;2;6;46;0;17;0;4;53;14;28;39;67;0;7;54;1;4;1;0;54;12;1;"37";"38";"39";"24.27";"2.64";12;3;49;2;0;0;67;19;48;65;1;1;1;20;7;10;16;0;1;0;11;1;67;0;0;0;0;41;26;46;0;17;0;4;10;55;2;"2732.5";"3060";"3387.5";"3030.6";"613.77";7;52;8;1;66;"9.42";"0.63";67;0;73;2015;"MUNICIPIO";45;0;0;0;0;0;0;0;0;0;0;0;0;0;0;0;0;0;0;0;0;73;2015;"MUNICIPIO";"4.398";"0";48,0976310122039;8,52918877937832;0;0;0;0
"74";"430410";75;2015;"MUNICIPIO";3535;3494;1754;1740;669;1716;1109;327;843;NA;74;2015;"MUNICIPIO";0;0,708;0;0;74;2015;"MUNICIPIO";50;0;50;0;0;6;15;14;7;2;0;0;50;"25";"29";"33";"28.56";"6.14";0;4;12;19;13;2;49;0;1;0;0;40;10;22;28;50;0;11;39;0;0;0;0;39;11;0;"37";"38";"39";"28.56";"2.02";4;2;39;4;0;0;50;7;43;35;14;1;9;2;4;1;11;7;7;1;7;1;50;0;0;0;0;24;26;49;0;1;0;0;7;43;0;"2709.75";"2967";"3296.25";"2957.94";"445.06";1;46;1;0;50;"9.84";"0.37";48;2;74;2015;"MUNICIPIO";23;0;1;0;0;0;0;1;0;0;0;0;0;0;0;0;0;0;0;0;0;74;2015;"MUNICIPIO";"2.231";"0";59,3119810201661;6,50636492220651;20;118,623962040332;0;20
"75";"430420";76;2015;"MUNICIPIO";31476;30171;14752;15419;6225;15477;8469;3119;7671;4629;75;2015;"MUNICIPIO";0;0,674;0;0;75;2015;"MUNICIPIO";348;0;344;7;0;95;83;72;36;1;0;0;348;"21";"25.5";"31";"25.96";"6.24";1;27;169;125;20;6;296;19;32;1;0;269;77;169;179;348;0;42;281;20;2;3;0;281;47;20;"37";"39";"40";"25.96";"2.36";59;18;252;15;1;275;73;155;193;330;17;1;51;86;24;54;70;5;10;10;37;1;348;0;0;0;0;159;189;296;19;32;1;0;31;303;14;"2880";"3212";"3540";"3164.68";"593.76";29;263;42;11;335;"9.12";"0.9";346;1;75;2015;"MUNICIPIO";334;0;3;0;0;0;0;5;0;0;0;0;0;0;0;0;0;0;0;0;0;75;2015;"MUNICIPIO";"16.184";"0";45,3656628861948;10,6112593722201;14,367816091954;65,180550123843;0;14,367816091954
"76";"430430";77;2015;"MUNICIPIO";6608;6535;3318;3217;1093;3266;2176;530;1550;NA;76;2015;"MUNICIPIO";0;0,728;0;0;76;2015;"MUNICIPIO";79;0;79;0;0;16;22;23;10;5;0;0;79;"25";"29";"33";"29";"5.94";0;1;20;42;14;2;75;0;4;0;0;48;31;35;44;79;0;5;68;5;1;0;0;68;6;5;"38";"39";"40";"29";"2.1";25;8;42;4;0;55;24;24;55;75;4;0;12;18;17;4;17;2;2;3;4;0;79;0;0;0;0;38;41;75;0;4;0;0;5;70;4;"2997.5";"3200";"3615";"3257.15";"532.31";5;59;9;3;76;"9.54";"1.02";77;2;76;2015;"MUNICIPIO";54;1;2;0;0;0;0;1;1;0;0;0;0;1;1;0;1;0;0;0;0;76;2015;"MUNICIPIO";"2.437";"0";50,9677419354839;8,17191283292978;12,6582278481013;64,5161290322581;30,6184935701163;12,6582278481013
"77";"430435";78;2015;"MUNICIPIO";9315;8771;4481;4290;2252;4844;1675;1097;2401;792;77;2015;"MUNICIPIO";0;0,698;0;0;77;2015;"MUNICIPIO";131;0;129;3;0;34;27;34;13;3;0;0;131;"21";"28";"31.5";"26.78";"6.83";0;5;46;61;13;6;107;7;17;0;0;46;85;59;72;131;0;5;120;1;3;0;0;120;8;1;"38";"39";"40";"26.78";"1.92";21;9;88;9;1;0;131;46;85;124;5;2;26;29;13;19;28;1;4;2;5;2;130;1;0;0;0;69;62;107;7;17;0;0;6;116;9;"3067.5";"3270";"3557.5";"3258.89";"556.42";5;110;12;1;129;"9.66";"1.04";131;0;77;2015;"MUNICIPIO";46;0;2;0;0;0;0;2;0;0;0;0;0;0;0;0;0;0;0;0;0;77;2015;"MUNICIPIO";"0";"0";54,5605997501041;4,93827160493827;15,2671755725191;83,298625572678;0;15,2671755725191
"78";"430440";79;2015;"MUNICIPIO";42411;39229;19120;20109;9504;21684;8041;4622;11067;4420;78;2015;"MUNICIPIO";0;0,748;0;0;78;2015;"MUNICIPIO";664;0;661;22;0;176;152;124;73;20;0;0;664;"21";"26";"31";"26.3";"6.79";3;17;207;319;71;47;550;32;80;0;2;456;208;297;367;664;0;40;615;2;4;3;0;615;47;2;"38";"38";"39";"26.3";"1.71";165;19;463;10;5;512;152;158;506;636;28;0;60;204;41;98;185;10;16;13;37;0;662;0;0;2;0;318;346;550;32;80;0;2;64;583;17;"2835";"3142.5";"3425";"3111.82";"500.87";50;563;38;14;648;"9.04";"0.68";661;3;78;2015;"MUNICIPIO";266;0;2;0;0;0;0;5;0;0;0;0;0;0;0;0;0;0;0;0;0;78;2015;"MUNICIPIO";"42.411";"5.907";59,9981928255173;6,27195774681097;7,53012048192771;45,1793620674076;0;7,53012048192771
"79";"430450";80;2015;"MUNICIPIO";55801;53259;26856;26403;11023;26938;15298;5453;13097;7853;79;2015;"MUNICIPIO";0;0,65;0;0;79;2015;"MUNICIPIO";553;0;521;9;0;129;137;120;79;10;2;0;553;"22";"27";"32";"27.23";"6.57";1;61;231;191;49;19;491;29;19;1;0;345;203;252;301;553;0;52;463;22;4;2;0;463;58;22;"38";"39";"40";"27.23";"1.99";35;22;439;18;6;480;73;244;309;506;36;4;91;103;82;75;88;22;14;7;51;4;551;1;0;1;0;279;274;491;29;19;1;0;43;465;44;"2968.75";"3272.5";"3626.25";"3266.47";"551.99";42;415;78;4;545;"9.49";"0.84";541;1;79;2015;"MUNICIPIO";447;0;0;0;1;0;0;2;0;0;0;0;0;0;0;0;0;0;0;0;0;79;2015;"MUNICIPIO";"21.212";"17.44";42,2234099412079;8,01060912886866;3,61663652802893;15,2706726731313;0;3,61663652802893
"80";"430460";81;2015;"MUNICIPIO";341343;323827;155936;167891;72467;176707;74653;35647;90267;41977;80;2015;"MUNICIPIO";0;0,75;0;0;80;2015;"MUNICIPIO";5475;0;5332;100;0;1274;1325;1251;685;163;7;0;5475;"22";"27";"32";"27.22";"6.63";1;142;1582;2503;788;435;4594;370;511;0;0;1914;3531;2350;3125;5475;0;462;4925;6;53;28;0;4925;543;6;"38";"39";"40";"27.22";"2";1047;230;2899;280;63;3459;2016;2791;2684;5185;248;17;350;1656;476;1144;1063;105;107;141;394;17;5465;2;0;8;0;2857;2617;4594;370;511;0;0;472;4637;366;"2935";"3268";"3580";"3224.45";"584.19";278;4417;630;157;5297;"9.05";"0.86";5407;34;80;2015;"MUNICIPIO";2648;1;33;0;3;0;0;71;1;4;0;5;0;6;6;1;0;2;0;0;0;80;2015;"MUNICIPIO";"341.343";"88.457";60,6533949283791;7,75759280254758;12,9680365296804;78,655544108035;3,39545122717266;12,9680365296804
"81";"430461";82;2015;"MUNICIPIO";1828;1807;959;848;278;903;626;141;399;NA;81;2015;"MUNICIPIO";0;0,713;0;0;81;2015;"MUNICIPIO";16;0;16;0;0;2;4;4;2;2;0;0;16;"25.25";"29.5";"34.25";"29.94";"7.48";0;3;9;2;1;1;16;0;0;0;0;14;2;6;10;16;0;1;15;0;0;0;0;15;1;0;"37.75";"39";"39";"29.94";"1.32";1;0;14;1;0;0;16;7;9;13;3;0;3;2;2;4;1;0;3;0;1;0;16;0;0;0;0;13;3;16;0;0;0;0;0;15;1;"3047.5";"3222.5";"3566.25";"3297.5";"406.68";0;15;1;0;16;"9.81";"0.4";16;0;81;2015;"MUNICIPIO";12;0;0;0;0;0;0;0;0;0;0;0;0;0;0;0;0;0;0;0;0;81;2015;"MUNICIPIO";"205";"0";40,1002506265664;6,56455142231947;0;0;0;0
"82";"430462";83;2015;"MUNICIPIO";1770;1754;943;811;359;867;528;182;379;NA;82;2015;"MUNICIPIO";0;0,637;0;0;82;2015;"MUNICIPIO";16;0;12;0;0;6;5;2;2;0;1;0;16;"23";"26";"32";"28.06";"7.02";0;2;2;10;0;1;16;0;0;0;0;6;10;5;11;16;0;0;10;3;0;0;0;10;0;3;"38";"38";"40";"28.06";"2.36";4;1;7;0;0;0;16;3;13;12;0;0;2;2;3;0;5;0;0;0;0;0;16;0;0;0;0;9;7;16;0;0;0;0;1;15;0;"2722.5";"2947.5";"3058.75";"2900.94";"303.99";2;9;0;0;16;"9.81";"0.4";15;1;82;2015;"MUNICIPIO";15;0;0;0;0;0;0;0;0;0;0;0;0;0;0;0;0;0;0;0;0;82;2015;"MUNICIPIO";"1.598";"1.1";42,2163588390501;8,47457627118644;0;0;0;0
"83";"430463";84;2015;"MUNICIPIO";47148;42040;20616;21424;10368;22653;9019;5048;11535;4841;83;2015;"MUNICIPIO";0;0,743;0;0;83;2015;"MUNICIPIO";927;0;919;28;0;235;236;175;91;22;1;0;927;"21";"26";"31";"26.14";"6.62";5;23;327;408;101;63;863;41;22;1;0;232;692;390;537;927;0;58;848;13;8;0;0;848;66;13;"38";"39";"40";"26.14";"1.82";83;56;684;78;14;752;175;392;535;888;39;0;138;204;125;144;211;16;17;19;53;0;927;0;0;0;0;480;447;863;41;22;1;0;69;800;58;"2985";"3305";"3600";"3270.76";"557.35";55;729;121;14;912;"9.66";"0.72";914;7;83;2015;"MUNICIPIO";322;0;2;0;0;0;0;0;0;0;0;0;0;0;0;0;0;0;0;0;0;83;2015;"MUNICIPIO";"47.066";"24.144";80,3641092327698;6,82955798761347;0;0;0;0
"84";"430465";85;2015;"MUNICIPIO";3387;3104;1628;1476;705;1626;773;363;766;NA;84;2015;"MUNICIPIO";0;0,672;0;0;84;2015;"MUNICIPIO";37;0;37;0;0;8;7;5;5;0;0;0;37;"18";"23";"31";"24.65";"6.98";0;0;18;12;3;4;33;1;3;0;0;8;29;15;22;37;0;4;32;1;0;0;0;32;4;1;"38";"39";"39";"24.65";"1.82";7;1;26;3;0;0;37;11;26;36;1;0;5;8;7;8;5;0;1;0;3;0;37;0;0;0;0;20;17;33;1;3;0;0;1;35;1;"2940";"3270";"3415";"3209.73";"395.14";0;35;2;1;36;"9.59";"0.64";37;0;84;2015;"MUNICIPIO";15;0;0;0;0;0;0;0;0;0;0;0;0;0;0;0;0;0;0;0;0;84;2015;"MUNICIPIO";"0";"0";48,3028720626632;4,42869796279894;0;0;0;0
"85";"430466";86;2015;"MUNICIPIO";25382;24298;11962;12336;5999;12643;5656;2994;6422;2920;85;2015;"MUNICIPIO";0;0,637;0;0;85;2015;"MUNICIPIO";357;0;269;11;0;105;78;60;37;7;0;0;357;"21";"25";"31";"25.76";"6.64";1;19;167;138;19;9;283;25;17;0;0;105;249;163;194;357;0;43;286;7;0;2;0;286;45;7;"38";"39";"40";"25.76";"2.26";69;23;166;24;2;0;357;162;195;344;12;0;88;46;57;34;61;4;6;6;36;0;357;0;0;0;0;179;178;283;25;17;0;0;33;300;24;"2905";"3235";"3555";"3213.36";"578.14";22;263;45;14;343;"9.36";"1.01";336;1;85;2015;"MUNICIPIO";185;0;2;0;1;0;0;8;0;0;0;0;0;0;0;0;0;0;0;0;0;85;2015;"MUNICIPIO";"23.017";"0";55,5901588290252;7,28862973760933;22,4089635854342;124,571784490813;0;22,4089635854342
"86";"430467";87;2015;"MUNICIPIO";4275;3890;1935;1955;890;2133;867;443;1078;NA;86;2015;"MUNICIPIO";0;0,661;0;0;86;2015;"MUNICIPIO";55;0;53;1;0;19;13;10;6;2;0;0;55;"22";"25";"32";"27.07";"6.83";1;3;12;24;9;6;48;5;1;1;0;24;31;24;31;55;0;1;53;0;0;0;0;53;1;0;"38";"39";"39.75";"27.07";"1.37";8;0;45;1;0;0;55;24;31;50;5;0;6;16;4;7;15;2;3;0;1;0;55;0;0;0;0;32;23;48;5;1;1;0;1;52;2;"3092.5";"3290";"3475";"3286.75";"378.91";1;47;6;0;55;"9.6";"0.56";55;0;86;2015;"MUNICIPIO";24;0;0;0;0;0;0;0;0;0;0;0;0;0;0;0;0;0;0;0;0;86;2015;"MUNICIPIO";"2.561";"0";51,0204081632653;5,6140350877193;0;0;0;0
"87";"430468";88;2015;"MUNICIPIO";11289;11612;5848;5764;2848;6209;2555;1390;3075;NA;87;2015;"MUNICIPIO";0;0,746;0;0;87;2015;"MUNICIPIO";148;0;147;6;0;35;33;31;8;7;0;0;148;"20";"25.5";"31";"25.78";"6.85";0;13;57;66;4;8;125;6;17;0;0;58;90;68;80;148;0;14;132;1;1;0;0;132;15;1;"38";"39";"40";"25.78";"1.84";42;12;90;3;0;0;148;51;97;138;10;0;25;34;16;23;27;4;6;4;9;0;148;0;0;0;0;76;72;125;6;17;0;0;16;119;13;"2860";"3342.5";"3685";"3257.26";"630.84";11;109;23;0;147;"9.67";"0.54";147;1;87;2015;"MUNICIPIO";64;0;0;0;0;0;0;0;0;0;0;0;0;0;0;0;0;0;0;0;0;87;2015;"MUNICIPIO";"2.749";"350";48,130081300813;5,66923553902028;0;0;0;0
"88";"430469";89;2015;"MUNICIPIO";2756;2636;1353;1283;531;1293;812;260;601;NA;88;2015;"MUNICIPIO";0;0,766;0;0;88;2015;"MUNICIPIO";35;0;35;1;0;5;10;13;4;1;0;0;35;"26";"30";"33";"28.83";"5.98";0;0;10;17;4;4;32;0;3;0;0;30;5;13;22;35;0;3;32;0;0;0;0;32;3;0;"38";"38";"39";"28.83";"1.58";4;1;29;1;0;0;35;12;23;31;3;0;5;5;4;6;9;2;0;2;1;0;35;0;0;0;0;21;14;32;0;3;0;0;3;29;3;"2787.5";"3265";"3547.5";"3193.71";"560.92";2;28;3;1;34;"9.51";"0.78";35;0;88;2015;"MUNICIPIO";20;0;0;0;0;0;0;0;0;0;0;0;0;0;0;0;0;0;0;0;0;88;2015;"MUNICIPIO";"3.203";"0";58,2362728785358;7,25689404934688;0;0;0;0
"89";"430470";90;2015;"MUNICIPIO";62039;59317;28280;31037;12409;31412;15496;6079;16180;8778;89;2015;"MUNICIPIO";0;0,652;0;0;89;2015;"MUNICIPIO";921;0;919;16;0;212;213;197;127;25;1;0;921;"21";"27";"33";"27.09";"6.87";0;14;219;462;165;61;855;13;51;1;1;748;172;421;500;921;0;103;783;20;9;6;0;783;118;20;"37";"38";"39";"27.09";"2.23";199;53;620;41;5;818;103;315;606;827;92;2;99;233;105;89;202;38;46;28;79;2;919;0;0;2;0;461;460;855;13;51;1;1;111;786;24;"2805";"3110";"3400";"3069.28";"547.29";70;761;62;24;894;"9.56";"0.86";912;9;89;2015;"MUNICIPIO";557;0;10;0;3;0;0;18;0;0;0;0;0;0;0;0;0;0;0;0;0;89;2015;"MUNICIPIO";"7.863";"0";56,9221260815822;8,97822337561856;19,5439739413681;111,248454882571;0;19,5439739413681
"90";"430471";91;2015;"MUNICIPIO";7863;7312;3798;3514;1445;3402;2465;740;1617;1157;90;2015;"MUNICIPIO";0;0,766;0;0;90;2015;"MUNICIPIO";47;0;44;2;0;5;10;14;9;1;0;0;47;"23.5";"30";"34";"28.43";"6.73";1;7;17;16;5;1;42;0;2;2;0;25;22;19;28;47;0;3;42;1;1;0;0;42;4;1;"38";"39";"40";"28.43";"2.14";5;2;36;3;0;1;46;19;28;42;3;1;7;10;5;7;9;1;2;2;2;1;46;1;0;0;0;24;23;42;0;2;2;0;6;39;2;"2915";"3180";"3597.5";"3192.09";"581.2";2;35;7;0;46;"9.52";"0.59";44;2;90;2015;"MUNICIPIO";34;0;0;0;0;0;0;0;0;0;0;0;0;0;0;0;0;0;0;0;0;90;2015;"MUNICIPIO";"62.039";"0";29,0661719233148;4,3240493450337;0;0;0;0
"91";"430480";92;2015;"MUNICIPIO";27565;25192;12662;12530;4317;14704;6171;2023;7273;3234;91;2015;"MUNICIPIO";0;0,796;0;0;91;2015;"MUNICIPIO";356;0;355;2;0;59;84;103;68;19;0;0;356;"25";"30";"34";"29.69";"6.43";0;9;65;194;64;24;340;3;13;0;0;306;50;164;192;356;0;42;306;6;0;2;0;306;44;6;"38";"38";"39";"29.69";"2.05";46;18;279;10;2;120;236;87;269;339;14;3;17;119;16;45;100;3;9;11;33;3;356;0;0;0;0;178;178;340;3;13;0;0;39;307;10;"2843.75";"3130";"3436.25";"3103.25";"529.38";22;299;23;7;349;"9.31";"0.74";351;4;91;2015;"MUNICIPIO";151;0;1;0;0;0;0;1;0;0;0;0;0;0;0;0;0;0;0;0;0;91;2015;"MUNICIPIO";"22.398";"27.279";48,9481644438334;5,47796118265917;2,80898876404494;13,7494843943352;0;2,80898876404494
"92";"430485";93;2015;"MUNICIPIO";1574;1607;834;773;277;823;507;133;376;NA;92;2015;"MUNICIPIO";0;0,739;0;0;92;2015;"MUNICIPIO";10;0;10;1;0;0;2;4;0;2;0;0;10;"28.25";"32.5";"33.75";"30.5";"8.36";0;2;2;4;1;1;10;0;0;0;0;8;2;3;7;10;0;1;9;0;0;0;0;9;1;0;"38";"39";"39";"30.5";"1.43";3;3;4;0;0;0;10;5;5;10;0;0;1;2;2;1;3;0;0;0;1;0;10;0;0;0;0;7;3;10;0;0;0;0;1;8;1;"3215";"3422.5";"3535";"3354.5";"457.9";1;8;1;0;10;"9.5";"0.53";10;0;92;2015;"MUNICIPIO";7;0;0;0;0;0;0;0;0;0;0;0;0;0;0;0;0;0;0;0;0;92;2015;"MUNICIPIO";"0";"0";26,5957446808511;4,44726810673443;0;0;0;0
"93";"430490";94;2015;"MUNICIPIO";9038;8651;4243;4408;1426;4461;2764;753;2175;NA;93;2015;"MUNICIPIO";0;0,785;0;0;93;2015;"MUNICIPIO";77;0;74;0;0;10;19;25;11;2;1;0;77;"25";"30";"34";"28.99";"6.41";0;4;13;36;22;2;65;4;7;0;0;71;6;39;38;77;0;10;64;2;1;0;0;64;11;2;"38";"39";"40";"28.99";"2.04";8;2;66;1;0;50;27;24;53;73;3;0;15;15;12;5;17;1;0;2;9;0;77;0;0;0;0;42;35;65;4;7;0;0;9;67;1;"2840";"3315";"3525";"3184.55";"490.62";4;64;7;0;74;"9";"1.15";76;0;93;2015;"MUNICIPIO";67;0;0;0;1;0;0;1;0;0;0;0;0;0;0;0;0;0;0;0;0;93;2015;"MUNICIPIO";"5.516";"0";35,4022988505747;7,4131445009958;12,987012987013;45,9770114942529;0;12,987012987013
"94";"430495";95;2015;"MUNICIPIO";3163;3007;1517;1490;662;1447;898;312;712;NA;94;2015;"MUNICIPIO";0;0,703;0;0;94;2015;"MUNICIPIO";26;0;22;0;0;9;10;1;1;1;0;0;26;"23";"24.5";"28";"25.58";"5.52";0;3;5;12;2;2;23;1;0;0;1;16;8;13;13;26;0;2;18;2;1;0;0;18;3;2;"37";"38";"39";"25.58";"2.91";5;0;16;4;0;0;26;6;20;21;0;0;3;4;1;1;6;0;0;0;3;0;26;0;0;0;0;15;11;23;1;0;0;1;5;20;1;"2801.25";"3220";"3738.75";"3095.88";"770.53";3;15;4;0;26;"9.69";"0.55";25;0;94;2015;"MUNICIPIO";24;0;0;0;0;0;0;0;0;0;0;0;0;0;0;0;0;0;0;0;0;94;2015;"MUNICIPIO";"1.716";"0";36,5168539325843;7,58773316471704;0;0;0;0
"95";"430500";96;2015;"MUNICIPIO";9402;9323;4590;4733;1665;4538;3120;798;2295;1640;95;2015;"MUNICIPIO";0;0,739;0;0;95;2015;"MUNICIPIO";83;0;83;3;0;15;21;18;15;2;0;0;83;"22.5";"28";"33";"27.86";"6.82";0;1;26;36;13;7;75;1;7;0;0;65;18;30;53;83;0;6;77;0;0;0;0;77;6;0;"38";"39";"39";"27.86";"1.47";10;3;66;3;0;1;82;34;49;82;1;0;5;20;8;17;26;0;1;0;6;0;82;1;0;0;0;46;37;75;1;7;0;0;8;74;1;"2945";"3240";"3472.5";"3179.27";"433.13";6;73;4;1;82;"9.39";"0.68";83;0;95;2015;"MUNICIPIO";90;0;0;0;0;0;0;0;0;0;0;0;0;0;0;0;0;0;0;0;0;95;2015;"MUNICIPIO";"6.321";"520";36,1655773420479;9,57243139757498;0;0;0;0
"96";"430510";97;2015;"MUNICIPIO";474853;435564;213612;221952;87527;251729;96308;43178;125681;53093;96;2015;"MUNICIPIO";0;0,782;0;0;96;2015;"MUNICIPIO";6498;0;6449;81;0;1391;1514;1625;966;222;12;0;6498;"23";"28";"33";"27.98";"6.63";14;138;1704;2676;1290;676;5593;187;703;2;4;3142;3320;2886;3612;6496;2;808;5517;63;62;40;2;5517;912;63;"37";"38";"39";"27.98";"2.18";1053;190;4972;160;33;6432;66;2070;4428;6110;355;19;358;1989;246;1185;1506;149;146;193;688;19;6477;1;1;19;0;3357;3139;5593;187;703;2;4;746;5540;212;"2830";"3150";"3445";"3102.26";"565.11";434;5327;510;150;6333;"9.24";"0.83";6397;27;96;2015;"MUNICIPIO";2691;1;42;2;2;0;0;56;1;4;0;0;0;1;1;0;0;0;0;0;0;96;2015;"MUNICIPIO";"467.73";"432.496";51,7023257294261;5,66701695050889;8,61803631886734;44,5572520906104;0,397252601011405;8,61803631886734
"97";"430511";98;2015;"MUNICIPIO";3026;2965;1541;1424;486;1495;984;240;679;505;97;2015;"MUNICIPIO";0;0,701;0;0;97;2015;"MUNICIPIO";20;0;20;0;0;5;4;6;2;0;0;0;20;"22.75";"28";"32";"27.3";"6.32";0;2;7;6;2;3;19;0;1;0;0;16;3;10;10;20;0;3;17;0;0;0;0;17;3;0;"38";"38";"39.25";"27.3";"1.94";0;0;17;2;1;0;20;9;11;19;1;0;2;6;6;0;2;1;0;0;3;0;20;0;0;0;0;15;5;19;0;1;0;0;2;18;0;"2698.75";"3282.5";"3485";"3153.75";"496.04";3;14;3;2;18;"9.1";"0.91";20;0;97;2015;"MUNICIPIO";20;0;0;0;0;0;0;0;0;0;0;0;0;0;0;0;0;0;0;0;0;97;2015;"MUNICIPIO";"2.5";"0";29,4550810014728;6,60938532716457;0;0;0;0
"98";"430512";99;2015;"MUNICIPIO";6481;6402;3213;3189;1285;3048;2069;633;1508;NA;98;2015;"MUNICIPIO";0;0,649;0;0;98;2015;"MUNICIPIO";53;0;43;2;0;15;11;10;4;3;0;0;53;"20";"25";"31";"26.26";"7.31";0;1;27;22;1;2;43;3;1;0;0;19;34;24;29;53;0;2;43;3;1;0;0;43;3;3;"38";"39";"40";"26.26";"1.88";9;0;32;2;0;0;53;25;28;51;2;0;13;7;10;3;12;1;1;0;3;0;53;0;0;0;0;28;25;43;3;1;0;0;3;47;3;"2950";"3360";"3745";"3324.91";"488.71";1;38;10;2;50;"9.52";"0.75";49;0;98;2015;"MUNICIPIO";61;0;0;0;0;0;0;0;0;0;0;0;0;0;0;0;0;0;0;0;0;98;2015;"MUNICIPIO";"3.659";"0";35,1458885941645;9,41212775806203;0;0;0;0
"99";"430513";100;2015;"MUNICIPIO";4668;4454;2225;2229;807;2228;1419;420;1066;743;99;2015;"MUNICIPIO";0;0,661;0;0;99;2015;"MUNICIPIO";38;0;37;1;0;1;9;11;8;0;0;0;38;"23.75";"29.5";"33.75";"28.18";"6.85";0;1;19;11;5;2;33;2;3;0;0;14;24;16;22;38;0;1;33;1;3;0;0;33;4;1;"38";"39";"40";"28.18";"2.77";5;5;23;4;0;0;38;19;19;38;0;0;8;8;6;1;11;0;0;2;2;0;38;0;0;0;0;23;15;33;2;3;0;0;3;35;0;"3010";"3277.5";"3437.5";"3176.55";"610.29";0;34;2;0;38;"9.53";"0.6";37;1;99;2015;"MUNICIPIO";46;0;0;0;0;0;0;1;0;0;0;0;0;0;0;0;0;0;0;0;0;99;2015;"MUNICIPIO";"3.8";"0";35,6472795497186;9,85432733504713;26,3157894736842;93,8086303939963;0;26,3157894736842
"100";"430515";101;2015;"MUNICIPIO";2450;2417;1209;1208;522;1152;743;252;583;NA;100;2015;"MUNICIPIO";0;0,674;0;0;100;2015;"MUNICIPIO";28;0;26;0;0;10;7;5;2;1;0;0;28;"21.75";"27";"30";"26.25";"6.02";0;3;12;9;2;2;27;0;0;0;0;15;13;16;12;28;0;4;24;0;0;0;0;24;4;0;"38";"38.5";"39";"26.25";"1.69";2;1;23;1;0;0;28;0;28;27;1;0;4;9;0;5;5;1;0;0;4;0;28;0;0;0;0;16;12;27;0;0;0;0;4;24;0;"2835";"3147.5";"3360";"3065";"383.2";2;25;1;0;28;"9.36";"0.49";28;0;100;2015;"MUNICIPIO";19;0;0;0;0;0;0;0;0;0;0;0;0;0;0;0;0;0;0;0;0;100;2015;"MUNICIPIO";"0";"0";48,0274442538593;7,75510204081633;0;0;0;0
"101";"430517";102;2015;"MUNICIPIO";11263;10268;5355;4913;2603;5517;2148;1281;2653;NA;101;2015;"MUNICIPIO";0;0,66;0;0;101;2015;"MUNICIPIO";104;0;104;5;0;26;26;18;11;4;1;0;104;"21";"26";"31";"26.58";"7.1";1;12;51;29;8;3;84;6;14;0;0;42;62;36;68;104;0;8;93;1;2;0;0;93;10;1;"38";"39";"39.25";"26.58";"1.99";18;7;75;2;0;0;104;53;51;95;8;1;10;23;16;18;19;1;7;1;8;1;103;1;0;0;0;58;46;84;6;14;0;0;12;88;4;"2893.75";"3192.5";"3530";"3160.74";"567.3";6;87;10;2;102;"9.39";"0.69";103;1;101;2015;"MUNICIPIO";64;0;1;0;0;0;0;1;0;0;0;0;0;0;0;0;0;0;0;0;0;101;2015;"MUNICIPIO";"1.807";"0";39,2009046362608;5,68232264938294;9,61538461538462;37,6931775348662;0;9,61538461538462
"102";"430520";103;2015;"MUNICIPIO";13976;13289;6617;6672;2515;6989;3785;1193;3415;2064;102;2015;"MUNICIPIO";0;0,764;0;0;102;2015;"MUNICIPIO";140;0;132;1;0;26;40;27;23;6;0;0;140;"22";"28";"33";"28.1";"6.77";0;4;30;67;31;8;109;0;31;0;0;106;34;56;84;140;0;16;119;3;0;0;0;119;16;3;"37";"38";"39";"28.1";"1.7";12;3;112;5;1;98;42;26;114;130;9;0;2;46;5;26;37;2;5;4;11;0;139;0;0;1;0;68;72;109;0;31;0;0;14;122;4;"2955";"3165";"3426.25";"3142.5";"493.34";13;108;12;0;140;"9.7";"0.49";139;1;102;2015;"MUNICIPIO";90;0;0;0;0;0;0;0;0;0;0;0;0;0;0;0;0;0;0;0;0;102;2015;"MUNICIPIO";"11.672";"0";40,99560761347;6,43961076130509;0;0;0;0
"103";"430530";104;2015;"MUNICIPIO";9613;9377;4593;4784;1541;4897;2939;762;2445;NA;103;2015;"MUNICIPIO";0;0,757;0;0;103;2015;"MUNICIPIO";73;0;70;0;0;18;16;25;9;2;0;0;73;"24";"29";"33";"28.48";"5.67";0;0;13;44;15;1;69;3;1;0;0;63;10;38;35;73;0;6;65;2;0;0;0;65;6;2;"37";"38";"39";"28.48";"1.41";6;3;55;2;0;0;73;8;65;64;7;0;9;19;3;6;22;4;3;0;5;0;73;0;0;0;0;46;27;69;3;1;0;0;7;65;1;"2775";"2995";"3215";"2992.53";"399.17";6;66;1;1;72;"9.03";"0.69";73;0;103;2015;"MUNICIPIO";69;0;0;0;0;0;0;0;0;0;0;0;0;0;0;0;0;0;0;0;0;103;2015;"MUNICIPIO";"5.379";"0";29,8568507157464;7,17778008946219;0;0;0;0
"104";"430535";105;2015;"MUNICIPIO";38281;35320;19533;15787;6988;20750;7582;3429;8358;NA;104;2015;"MUNICIPIO";0;0,747;0;0;104;2015;"MUNICIPIO";392;0;388;5;0;88;100;83;50;12;0;0;392;"22";"27";"33";"27.18";"6.62";0;13;103;197;48;31;353;10;28;0;1;151;240;174;218;392;0;41;338;10;1;1;0;338;43;10;"38";"39";"40";"27.18";"1.92";63;14;275;21;5;4;388;125;267;384;8;0;33;122;35;67;83;1;6;7;37;0;389;2;0;1;0;208;184;353;10;28;0;1;37;327;28;"2945";"3240";"3551.25";"3219.93";"561.62";16;318;50;3;388;"9.61";"0.58";391;1;104;2015;"MUNICIPIO";234;0;0;0;0;0;0;1;0;0;0;0;0;0;0;0;0;0;0;0;0;104;2015;"MUNICIPIO";"38.281";"0";46,9011725293132;6,11269298085212;2,55102040816327;11,9645848289064;0;2,55102040816327
"105";"430537";106;2015;"MUNICIPIO";3505;3471;1728;1743;943;1640;888;471;821;NA;105;2015;"MUNICIPIO";0;0,62;0;0;105;2015;"MUNICIPIO";29;0;29;2;0;6;8;7;1;0;0;0;29;"20";"26";"31";"25.21";"6.56";0;6;14;9;0;0;10;0;0;19;0;15;14;14;15;29;0;2;25;1;1;0;0;25;3;1;"38";"39";"40";"25.21";"2.22";6;2;20;1;0;0;29;14;15;18;8;0;4;3;2;2;5;5;3;0;2;0;29;0;0;0;0;14;15;10;0;0;19;0;3;22;4;"3060";"3355";"3715";"3329.83";"510.82";1;22;6;0;29;"9.79";"0.49";29;0;105;2015;"MUNICIPIO";25;0;0;0;0;0;0;1;0;0;0;0;0;0;0;0;0;0;0;0;0;105;2015;"MUNICIPIO";"1.55";"0";35,3227771010962;7,13266761768902;34,4827586206897;121,802679658952;0;34,4827586206897
"106";"430540";107;2015;"MUNICIPIO";4061;4044;1975;2069;864;2030;1150;457;1014;598;106;2015;"MUNICIPIO";0;0,732;0;0;106;2015;"MUNICIPIO";56;0;56;3;0;14;15;13;4;3;0;0;56;"21.75";"26";"32";"26.73";"6.96";0;1;16;28;7;4;42;1;13;0;0;41;15;20;36;56;0;4;51;0;1;0;0;51;5;0;"38";"39";"39";"26.73";"1.79";11;2;41;0;0;45;11;23;33;51;5;0;12;4;9;8;14;3;2;0;4;0;56;0;0;0;0;26;30;42;1;13;0;0;7;48;1;"2740";"3115";"3446.25";"3066.3";"557.28";8;44;4;2;54;"8.86";"0.94";56;0;106;2015;"MUNICIPIO";28;0;1;0;0;0;0;1;0;0;0;0;0;0;0;0;0;0;0;0;0;106;2015;"MUNICIPIO";"2.94";"0";55,2268244575937;6,89485348436346;17,8571428571429;98,6193293885602;0;17,8571428571429
"107";"430543";108;2015;"MUNICIPIO";6368;5917;2921;2996;1505;3059;1353;732;1577;687;107;2015;"MUNICIPIO";0;0,706;0;0;107;2015;"MUNICIPIO";44;0;44;1;0;15;8;5;9;2;0;0;44;"22.5";"25";"34.25";"27.09";"7.17";0;0;12;24;6;2;40;1;3;0;0;14;29;17;27;44;0;2;41;1;0;0;0;41;2;1;"38";"39";"40";"27.09";"1.39";6;4;31;2;0;0;44;24;20;43;1;0;3;13;9;10;6;1;0;0;2;0;44;0;0;0;0;19;25;40;1;3;0;0;3;37;4;"3012.5";"3337.5";"3535";"3294.32";"581.67";4;34;6;0;44;"9.77";"0.52";44;0;107;2015;"MUNICIPIO";17;0;1;0;0;0;0;1;0;0;0;0;0;0;0;0;0;0;0;0;0;107;2015;"MUNICIPIO";"6.351";"0";27,9010779961953;2,66959798994975;22,7272727272727;63,4115409004439;0;22,7272727272727
"108";"430544";109;2015;"MUNICIPIO";5264;4944;2603;2341;1207;2704;1033;564;1274;NA;108;2015;"MUNICIPIO";0;0,616;0;0;108;2015;"MUNICIPIO";54;0;54;0;0;13;16;13;6;1;0;0;54;"24";"27.5";"31.75";"27.81";"5.6";0;14;17;17;5;1;50;1;3;0;0;31;23;15;39;54;0;3;50;0;0;1;0;50;4;0;"38";"39";"40";"27.81";"2.37";6;12;30;6;0;2;52;27;27;52;2;0;2;10;10;13;13;0;2;0;4;0;52;0;1;1;0;23;31;50;1;3;0;0;6;46;2;"2876.25";"3237.5";"3566.25";"3170.63";"589.47";3;45;6;1;53;"9.44";"0.66";54;0;108;2015;"MUNICIPIO";33;0;0;0;0;0;0;0;0;0;0;0;0;0;0;0;0;0;0;0;0;108;2015;"MUNICIPIO";"363";"0";42,3861852433281;6,26899696048632;0;0;0;0
"109";"430545";110;2015;"MUNICIPIO";14301;12668;6245;6423;2893;5584;4191;1384;2848;2191;109;2015;"MUNICIPIO";0;0,729;0;0;109;2015;"MUNICIPIO";185;0;179;6;0;44;31;37;23;3;0;0;185;"19";"25";"31";"25.79";"7.08";0;8;80;75;6;16;145;25;15;0;0;40;145;66;119;185;0;18;162;4;1;0;0;162;19;4;"38";"39";"40";"25.79";"1.93";56;11;97;12;2;0;185;103;82;173;11;1;16;43;32;44;24;1;6;4;14;1;185;0;0;0;0;103;82;145;25;15;0;0;21;158;6;"2830";"3120";"3455";"3094.45";"586.12";19;144;16;3;182;"9.36";"0.69";184;0;109;2015;"MUNICIPIO";130;0;1;0;0;0;0;0;0;0;0;0;0;0;0;0;0;0;0;0;0;109;2015;"MUNICIPIO";"14.073";"762";64,9578651685393;9,09027340745402;0;0;0;0
"110";"430550";111;2015;"MUNICIPIO";5005;4922;2512;2410;917;2444;1561;457;1161;792;110;2015;"MUNICIPIO";0;0,719;0;0;110;2015;"MUNICIPIO";34;0;34;1;0;2;11;8;3;2;0;0;34;"21.25";"28";"30";"27.21";"7.13";0;1;17;11;5;0;34;0;0;0;0;28;6;15;19;34;0;6;24;3;1;0;0;24;7;3;"38";"39";"40";"27.21";"2.4";7;2;16;8;1;0;34;18;16;31;2;0;4;6;6;4;4;2;0;2;5;0;34;0;0;0;0;23;11;34;0;0;0;0;5;29;0;"2750";"3102.5";"3371.25";"3010.29";"585.19";3;29;0;3;31;"8.76";"1.28";34;0;110;2015;"MUNICIPIO";44;0;1;0;1;0;0;2;0;0;0;0;0;0;0;0;0;0;0;0;0;110;2015;"MUNICIPIO";"2.616";"0";29,2850990525409;8,79120879120879;58,8235294117647;172,265288544358;0;58,8235294117647
"111";"430558";112;2015;"MUNICIPIO";2498;2420;1208;1212;324;1129;967;156;552;NA;111;2015;"MUNICIPIO";0;0,765;0;0;111;2015;"MUNICIPIO";23;0;23;0;0;8;3;6;2;0;0;0;23;"21.5";"24";"31";"25.65";"6.24";0;2;4;12;2;3;22;0;1;0;0;20;3;16;7;23;0;2;21;0;0;0;0;21;2;0;"38";"39";"40";"25.65";"1.31";1;1;21;0;0;0;23;7;16;20;3;0;3;10;0;1;4;2;1;0;2;0;23;0;0;0;0;10;13;22;0;1;0;0;1;21;1;"2927.5";"3170";"3530";"3217.83";"487.67";1;20;2;0;23;"9.39";"0.5";23;0;111;2015;"MUNICIPIO";31;0;0;0;0;0;0;0;0;0;0;0;0;0;0;0;0;0;0;0;0;111;2015;"MUNICIPIO";"0";"0";41,6666666666667;12,4099279423539;0;0;0;0
"112";"430560";113;2015;"MUNICIPIO";3522;3550;1727;1823;558;1763;1229;264;878;NA;112;2015;"MUNICIPIO";0;0,758;0;0;112;2015;"MUNICIPIO";25;0;25;0;0;5;6;6;5;2;0;0;25;"25";"30";"35";"29.76";"6.04";1;3;9;6;6;0;23;1;1;0;0;21;4;3;22;25;0;2;22;0;0;1;0;22;3;0;"37";"39";"39";"29.76";"2.94";6;1;17;1;0;0;25;8;17;25;0;0;2;1;4;2;11;0;0;2;3;0;25;0;0;0;0;17;8;23;1;1;0;0;5;20;0;"2875";"3000";"3500";"2974.28";"598.06";1;20;2;1;24;"9.52";"0.71";25;0;112;2015;"MUNICIPIO";26;0;1;0;0;0;0;1;0;0;0;0;0;0;0;0;0;0;0;0;0;112;2015;"MUNICIPIO";"1.891";"0";28,4738041002278;7,38216922203294;40;113,895216400911;0;40
"113";"430570";114;2015;"MUNICIPIO";6815;6552;3219;3333;1422;3335;1795;723;1663;NA;113;2015;"MUNICIPIO";0;0,747;0;0;113;2015;"MUNICIPIO";23;0;22;0;0;1;7;9;4;2;0;0;23;"28";"31";"34";"31.17";"4.7";0;0;2;4;13;4;21;0;2;0;0;17;6;15;8;23;0;0;22;0;1;0;0;22;1;0;"38";"39";"39";"31.17";"2.01";4;1;17;0;0;0;23;2;21;21;2;0;2;11;1;1;5;1;1;0;1;0;23;0;0;0;0;12;11;21;0;2;0;0;2;20;1;"2955";"3260";"3492.5";"3143.7";"659.64";2;20;1;0;23;"9.04";"0.37";23;0;113;2015;"MUNICIPIO";32;0;0;0;0;0;0;0;0;0;0;0;0;0;0;0;0;0;0;0;0;113;2015;"MUNICIPIO";"4.685";"0";13,8304269392664;4,69552457813646;0;0;0;0
"114";"430580";115;2015;"MUNICIPIO";10094;9752;4776;4976;1967;5036;2749;1007;2523;1446;114;2015;"MUNICIPIO";0;0,754;0;0;114;2015;"MUNICIPIO";124;0;122;2;0;24;29;27;20;1;0;0;124;"22";"27";"32";"26.97";"6.65";0;4;35;51;25;9;113;2;1;7;0;93;29;54;70;124;0;11;109;1;3;0;0;109;14;1;"38";"38";"39";"26.97";"1.85";15;7;85;5;2;88;36;31;93;117;7;0;7;40;8;14;36;4;3;0;12;0;124;0;0;0;0;64;60;113;2;1;7;0;11;113;0;"2818.75";"3052.5";"3281.25";"3023.98";"438.85";10;109;5;3;121;"9.38";"0.86";118;3;114;2015;"MUNICIPIO";65;0;0;0;0;0;0;1;0;0;0;0;0;0;0;0;0;0;0;0;0;114;2015;"MUNICIPIO";"7.861";"0";49,1478398731669;6,43946899148009;8,06451612903226;39,6353547364249;0;8,06451612903226
"115";"430583";116;2015;"MUNICIPIO";1562;1528;791;737;210;616;702;102;276;NA;115;2015;"MUNICIPIO";0;0,692;0;0;115;2015;"MUNICIPIO";3;0;3;0;0;1;1;0;0;1;0;0;3;"24";"28";"34";"29.33";"10.07";0;0;1;1;0;1;2;1;0;0;0;3;0;0;3;3;0;0;3;0;0;0;0;3;0;0;"38.5";"39";"39.5";"29.33";"1";1;0;2;0;0;0;3;1;2;2;0;0;0;0;0;0;2;0;0;0;0;0;3;0;0;0;0;1;2;2;1;0;0;0;0;3;0;"3287.5";"3420";"3472.5";"3366.67";"190.68";0;3;0;0;3;"10";"0";3;0;115;2015;"MUNICIPIO";14;0;0;0;0;0;0;0;0;0;0;0;0;0;0;0;0;0;0;0;0;115;2015;"MUNICIPIO";"1.562";"0";10,8695652173913;8,9628681177977;0;0;0;0
"116";"430585";117;2015;"MUNICIPIO";2476;2457;1255;1202;459;1147;851;228;551;NA;116;2015;"MUNICIPIO";0;0,746;0;0;116;2015;"MUNICIPIO";23;0;23;1;0;1;6;3;8;2;0;0;23;"25";"32";"36";"30.09";"7.71";0;1;7;11;3;1;23;0;0;0;0;21;2;8;15;23;0;3;19;1;0;0;0;19;3;1;"38";"39";"40";"30.09";"1.95";3;1;17;2;0;0;23;12;11;19;3;1;3;2;6;2;3;2;1;0;3;1;23;0;0;0;0;12;11;23;0;0;0;0;3;19;1;"2812.5";"2975";"3195";"3045.65";"517.45";4;17;2;1;22;"9.3";"0.93";22;1;116;2015;"MUNICIPIO";29;0;0;0;0;0;0;0;0;0;0;0;0;0;0;0;0;0;0;0;0;116;2015;"MUNICIPIO";"2.287";"0";41,7422867513612;11,7124394184168;0;0;0;0
"117";"430587";118;2015;"MUNICIPIO";2553;2459;1219;1240;395;1187;877;201;576;463;117;2015;"MUNICIPIO";0;0,744;0;0;117;2015;"MUNICIPIO";27;0;27;0;0;8;5;4;7;1;0;0;27;"24";"27";"36";"29.07";"6.88";0;1;12;10;3;1;25;0;2;0;0;25;2;9;18;27;0;7;20;0;0;0;0;20;7;0;"36.5";"39";"39.5";"29.07";"1.91";2;2;23;0;0;0;27;10;17;26;1;0;1;6;3;6;4;0;0;3;4;0;27;0;0;0;0;9;18;25;0;2;0;0;6;20;1;"2770";"3035";"3447.5";"3057.19";"575.57";1;21;2;1;26;"9.3";"1.07";26;1;117;2015;"MUNICIPIO";26;0;1;0;0;0;0;1;0;0;0;0;0;0;0;0;0;0;0;0;0;117;2015;"MUNICIPIO";"1.5";"0";46,875;10,1840971406189;37,037037037037;173,611111111111;0;37,037037037037
"118";"430590";119;2015;"MUNICIPIO";7827;7748;3802;3946;1783;3874;2091;868;1987;1091;118;2015;"MUNICIPIO";0;0,665;0;0;118;2015;"MUNICIPIO";89;0;89;1;0;19;19;15;15;3;1;0;89;"21";"27";"33";"27.39";"7.66";0;5;31;32;16;5;67;1;19;1;1;70;19;32;57;89;0;14;73;1;1;0;0;73;15;1;"37";"38";"39";"27.39";"1.9";23;4;54;7;1;0;89;28;61;87;2;0;8;16;10;7;30;0;1;5;12;0;88;1;0;0;0;56;33;67;1;19;1;1;15;73;1;"2790";"3045";"3320";"3006.6";"540.05";6;73;5;1;88;"9.36";"0.64";89;0;118;2015;"MUNICIPIO";52;0;0;0;0;0;0;0;0;1;0;0;0;0;0;0;0;0;0;0;0;118;2015;"MUNICIPIO";"5.232";"0";44,7911424257675;6,64366934968698;0;0;0;0
"119";"430593";120;2015;"MUNICIPIO";1740;1725;894;831;264;734;727;136;331;NA;119;2015;"MUNICIPIO";0;0,727;0;0;119;2015;"MUNICIPIO";8;0;8;0;0;0;2;2;2;2;0;0;8;"30";"33.5";"38.5";"33.88";"5.99";0;1;3;3;0;1;8;0;0;0;0;5;2;1;7;8;0;1;7;0;0;0;0;7;1;0;"38";"39";"40";"33.88";"1.49";1;1;6;0;0;0;8;1;7;7;1;0;0;0;0;3;3;1;0;0;1;0;8;0;0;0;0;5;3;8;0;0;0;0;1;7;0;"3011.5";"3325";"3410";"3150.75";"497.51";1;7;0;0;8;"9.5";"0.53";8;0;119;2015;"MUNICIPIO";12;0;0;0;0;0;0;0;0;0;0;0;0;0;0;0;0;0;0;0;0;119;2015;"MUNICIPIO";"446";"176";24,1691842900302;6,89655172413793;0;0;0;0
"120";"430595";121;2015;"MUNICIPIO";4009;3917;2033;1884;553;1931;1433;265;867;752;120;2015;"MUNICIPIO";0;0,741;0;0;120;2015;"MUNICIPIO";35;0;34;0;0;7;10;9;5;0;1;0;35;"24";"29";"32.5";"28.51";"6.25";0;2;14;13;5;1;29;0;6;0;0;28;7;17;18;35;0;5;30;0;0;0;0;30;5;0;"37";"38";"39";"28.51";"1.82";5;0;29;1;0;0;35;14;21;32;2;1;5;9;4;2;8;2;0;1;3;1;35;0;0;0;0;17;18;29;0;6;0;0;3;32;0;"2917.5";"3250";"3440";"3138";"473.09";3;25;5;1;33;"9.15";"0.61";35;0;120;2015;"MUNICIPIO";39;0;0;0;0;0;0;0;0;0;0;0;0;0;0;0;0;0;0;0;0;120;2015;"MUNICIPIO";"1.96";"0";40,3690888119954;9,72811174856573;0;0;0;0
"121";"430597";122;2015;"MUNICIPIO";2885;2826;1388;1438;624;1516;686;331;769;NA;121;2015;"MUNICIPIO";0;0,706;0;0;121;2015;"MUNICIPIO";55;0;55;2;0;14;17;7;8;0;0;0;55;"21";"25";"30";"25.89";"6.38";0;1;18;27;6;3;44;1;10;0;0;38;17;25;30;55;0;5;50;0;0;0;0;50;5;0;"38";"39";"40";"25.89";"1.45";5;3;38;9;0;0;55;16;39;50;5;0;2;23;3;10;8;0;4;4;1;0;55;0;0;0;0;28;27;44;1;10;0;0;4;48;3;"2870";"3175";"3637.5";"3224.73";"510.6";3;41;7;0;55;"9.36";"0.56";55;0;121;2015;"MUNICIPIO";16;0;0;0;0;0;0;0;0;0;0;0;0;0;0;0;0;0;0;0;0;121;2015;"MUNICIPIO";"2.885";"0";71,5214564369311;5,54592720970537;0;0;0;0
"122";"430600";123;2015;"MUNICIPIO";14273;14084;6913;7171;2669;6799;4616;1321;3353;2497;122;2015;"MUNICIPIO";0;0,712;0;0;122;2015;"MUNICIPIO";125;0;124;1;0;16;29;40;26;2;2;0;125;"25";"31";"34";"29.56";"6.67";0;5;39;60;15;6;123;0;1;0;1;84;41;42;83;125;0;15;103;5;0;1;1;103;17;5;"38";"39";"39";"29.56";"2.66";20;2;97;5;0;61;64;29;96;118;4;3;7;25;11;18;39;1;3;5;13;3;125;0;0;0;0;65;60;123;0;1;0;1;11;107;7;"3000";"3280";"3500";"3200.27";"577.75";5;100;12;3;122;"9.32";"0.86";124;1;122;2015;"MUNICIPIO";130;0;3;0;0;0;0;3;0;0;0;0;0;0;0;0;0;0;0;0;0;122;2015;"MUNICIPIO";"7.939";"0";37,2800477184611;9,10810621453093;24;89,4721145243066;0;24
"123";"430605";124;2015;"MUNICIPIO";7750;7280;3686;3594;1691;3693;1896;838;1812;944;123;2015;"MUNICIPIO";0;0,644;0;0;123;2015;"MUNICIPIO";113;0;112;4;0;34;21;23;10;2;0;0;113;"20";"24";"31";"25.5";"6.6";1;12;58;32;4;6;89;18;5;0;0;38;74;58;55;113;0;5;108;0;0;0;0;108;5;0;"38";"39";"40";"25.5";"1.38";26;3;77;6;0;0;113;51;62;111;2;0;47;6;20;4;26;0;1;4;5;0;113;0;0;0;0;56;57;89;18;5;0;0;6;95;12;"2980";"3215";"3580";"3278.85";"484.48";9;82;18;5;108;"9.5";"0.98";111;2;123;2015;"MUNICIPIO";68;0;0;0;1;0;0;2;0;0;0;0;0;0;0;0;0;0;0;0;0;123;2015;"MUNICIPIO";"5.164";"0";62,3620309050773;8,7741935483871;17,6991150442478;110,37527593819;0;17,6991150442478
"124";"430607";125;2015;"MUNICIPIO";2917;2826;1441;1385;619;1403;804;299;688;398;124;2015;"MUNICIPIO";0;0,66;0;0;124;2015;"MUNICIPIO";30;0;29;0;0;7;3;7;6;1;0;0;30;"21";"28.5";"34";"27.4";"8.13";0;2;14;10;4;0;28;0;2;0;0;16;14;11;19;30;0;10;20;0;0;0;0;20;10;0;"35.25";"38";"38";"27.4";"2.21";0;2;26;2;0;0;30;5;25;26;4;0;2;4;2;2;10;1;1;2;6;0;30;0;0;0;0;15;15;28;0;2;0;0;6;24;0;"2591.25";"3015";"3281.25";"2870.33";"603.13";4;21;3;0;30;"9.57";"0.57";29;0;124;2015;"MUNICIPIO";24;0;0;0;0;0;0;0;1;0;0;0;0;1;1;1;0;0;0;0;0;124;2015;"MUNICIPIO";"0";"0";43,6046511627907;8,2276311278711;0;0;71,2758374910905;0
"125";"430610";126;2015;"MUNICIPIO";63776;62821;29743;33078;13660;32676;16485;6718;16955;9405;125;2015;"MUNICIPIO";0;0,75;0;0;125;2015;"MUNICIPIO";909;0;898;15;0;259;193;191;83;14;1;0;909;"21";"25";"31";"25.92";"6.47";0;30;295;407;125;52;786;28;95;0;0;270;636;388;521;909;0;80;817;3;6;2;1;817;89;3;"38";"39";"39";"25.92";"1.91";249;55;560;33;2;887;22;233;676;867;41;1;139;198;137;66;247;16;23;8;74;1;908;0;0;1;0;450;459;786;28;95;0;0;96;786;27;"2865";"3160";"3480";"3127.09";"523.51";66;774;60;19;890;"9.43";"1.01";900;7;125;2015;"MUNICIPIO";531;0;6;0;0;0;0;9;0;1;0;0;0;0;0;0;0;0;0;0;0;125;2015;"MUNICIPIO";"63.776";"10.327";53,6125036862283;8,32601605619669;9,9009900990099;53,0816868180478;0;9,9009900990099
"126";"430613";127;2015;"MUNICIPIO";2096;2141;1101;1040;367;1080;694;182;512;NA;126;2015;"MUNICIPIO";0;0,719;0;0;126;2015;"MUNICIPIO";21;0;21;0;0;8;4;6;2;1;0;0;21;"23";"29";"31";"27.95";"5.64";0;2;4;13;2;0;18;0;3;0;0;17;4;7;14;21;0;2;17;1;0;1;0;17;3;1;"38";"39";"39";"27.95";"3.63";0;1;18;2;0;0;21;10;11;21;0;0;2;4;4;4;4;0;0;0;3;0;21;0;0;0;0;9;12;18;0;3;0;0;3;18;0;"2815";"3020";"3370";"2955";"707.17";0;19;1;1;20;"8.95";"1.12";19;2;126;2015;"MUNICIPIO";19;0;1;0;0;0;0;0;0;0;0;0;0;0;0;0;0;0;0;0;0;126;2015;"MUNICIPIO";"479";"120";41,015625;9,06488549618321;0;0;0;0
"127";"430620";128;2015;"MUNICIPIO";12169;12320;6157;6163;2340;6416;3564;1135;3169;NA;127;2015;"MUNICIPIO";0;0,723;0;0;127;2015;"MUNICIPIO";116;0;113;1;0;30;26;32;12;4;0;0;116;"22.75";"27";"32";"27.54";"6.43";0;3;43;56;9;5;107;8;0;1;0;71;43;53;63;116;0;16;98;1;1;0;0;98;17;1;"37";"38";"39";"27.54";"1.93";19;5;85;3;0;74;42;29;87;113;3;0;7;38;3;18;30;1;2;3;14;0;116;0;0;0;0;73;43;107;8;0;1;0;14;96;6;"2840";"3150";"3500";"3121.51";"586.33";10;91;12;2;114;"9.72";"0.68";113;2;127;2015;"MUNICIPIO";109;0;1;0;0;0;0;3;0;0;0;0;0;0;0;0;0;0;0;0;0;127;2015;"MUNICIPIO";"6.695";"0";36,6046071315873;8,95718629303969;25,8620689655172;94,6670874092774;0;25,8620689655172
"128";"430630";129;2015;"MUNICIPIO";4840;4683;2410;2273;878;2448;1357;401;1184;NA;128;2015;"MUNICIPIO";0;0,762;0;0;128;2015;"MUNICIPIO";31;0;30;0;0;7;6;12;3;1;0;0;31;"23";"30";"33";"28.9";"6.19";0;1;6;16;8;0;29;1;1;0;0;28;2;16;15;31;0;2;29;0;0;0;0;29;2;0;"38";"39";"39";"28.9";"1.21";1;2;26;1;1;21;10;9;22;26;4;1;5;9;2;4;4;1;1;2;2;1;31;0;0;0;0;19;12;29;1;1;0;0;4;25;2;"2772.5";"3230";"3465";"3191.61";"508.95";4;22;3;2;29;"8.87";"0.85";31;0;128;2015;"MUNICIPIO";32;0;0;0;0;0;0;0;0;0;0;0;0;0;0;0;0;0;0;0;0;128;2015;"MUNICIPIO";"2.218";"0";26,1824324324324;6,61157024793388;0;0;0;0
"129";"430632";130;2015;"MUNICIPIO";3148;3190;1604;1586;715;1543;932;348;749;NA;129;2015;"MUNICIPIO";0;0,707;0;0;129;2015;"MUNICIPIO";39;0;39;0;0;10;16;7;2;0;0;0;39;"23";"26";"29";"26.51";"5.14";0;4;11;21;2;1;38;0;1;0;0;33;6;15;24;39;0;2;37;0;0;0;0;37;2;0;"38";"39";"40";"26.51";"1.46";7;1;30;1;0;0;39;20;19;38;1;0;11;3;12;2;9;0;1;0;1;0;39;0;0;0;0;21;18;38;0;1;0;0;3;35;1;"3022.5";"3180";"3462.5";"3208.44";"438.28";3;33;3;0;39;"9.59";"0.5";38;1;129;2015;"MUNICIPIO";18;0;0;0;0;0;0;0;0;0;0;0;0;0;0;0;0;0;0;0;0;129;2015;"MUNICIPIO";"1.212";"0";52,0694259012016;5,71791613722999;0;0;0;0
"130";"430635";131;2015;"MUNICIPIO";2795;2866;1469;1397;595;1277;994;276;624;NA;130;2015;"MUNICIPIO";0;0,654;0;0;130;2015;"MUNICIPIO";20;0;19;0;0;4;4;4;5;0;0;0;20;"22.75";"29";"34.25";"28.35";"7.13";0;1;5;11;2;1;19;0;1;0;0;15;5;7;13;20;0;1;19;0;0;0;0;19;1;0;"38";"39";"40";"28.35";"1.37";3;1;13;3;0;0;20;8;12;18;2;0;2;4;5;3;3;1;1;0;1;0;20;0;0;0;0;10;10;19;0;1;0;0;1;17;2;"3150";"3310";"3595";"3393";"453.57";1;16;3;0;20;"9.9";"0.31";18;1;130;2015;"MUNICIPIO";26;0;1;0;0;0;0;1;0;0;0;0;0;0;0;0;0;0;0;0;0;130;2015;"MUNICIPIO";"0";"0";32,0512820512821;9,30232558139535;50;160,25641025641;0;50
"131";"430637";132;2015;"MUNICIPIO";3136;3064;1579;1485;639;1412;1013;318;688;NA;131;2015;"MUNICIPIO";0;0,648;0;0;131;2015;"MUNICIPIO";28;0;28;0;0;12;3;8;2;1;0;0;28;"20";"24.5";"31";"26.18";"6.2";1;2;11;11;3;0;22;2;4;0;0;10;18;9;19;28;0;1;27;0;0;0;0;27;1;0;"37";"38.5";"39.25";"26.18";"1.48";7;3;16;2;0;0;28;14;14;27;1;0;2;7;6;5;6;0;1;0;1;0;28;0;0;0;0;13;15;22;2;4;0;0;5;23;0;"2697.5";"3212.5";"3466.25";"3077.32";"548.6";4;22;2;0;28;"9.75";"0.52";27;1;131;2015;"MUNICIPIO";32;0;0;0;0;0;0;0;0;0;0;0;0;0;0;0;0;0;0;0;0;131;2015;"MUNICIPIO";"1.959";"0";40,6976744186047;10,2040816326531;0;0;0;0
"132";"430640";133;2015;"MUNICIPIO";30175;27572;13653;13919;5368;16960;5244;2655;8447;2817;132;2015;"MUNICIPIO";0;0,743;0;0;132;2015;"MUNICIPIO";403;0;386;5;0;75;90;115;65;10;2;0;403;"23";"29";"33";"28.34";"6.57";0;5;130;192;51;25;388;3;12;0;0;278;116;205;198;403;0;41;343;9;7;3;0;343;51;9;"38";"39";"40";"28.34";"2.39";58;48;274;18;0;239;164;133;270;369;28;2;32;129;25;52;87;11;12;14;35;2;403;0;0;0;0;189;214;388;3;12;0;0;36;354;13;"2970";"3260";"3530";"3181.59";"582.05";18;332;37;9;393;"9.46";"0.86";395;3;132;2015;"MUNICIPIO";142;0;4;0;0;0;0;5;0;0;0;0;0;0;0;0;0;0;0;0;0;132;2015;"MUNICIPIO";"28.543";"3.06";47,7092458861134;4,70588235294118;12,4069478908189;59,1926127619273;0;12,4069478908189
"133";"430642";134;2015;"MUNICIPIO";2174;2157;1080;1077;505;1077;575;256;539;NA;133;2015;"MUNICIPIO";0;0,67;0;0;133;2015;"MUNICIPIO";22;0;22;0;0;6;6;6;0;1;0;0;22;"22";"26";"30.75";"26.45";"5.88";0;0;12;5;4;1;20;1;1;0;0;14;8;10;12;22;0;2;20;0;0;0;0;20;2;0;"37";"38";"39";"26.45";"1.35";1;0;21;0;0;0;22;5;17;19;1;2;3;5;1;5;3;0;1;0;2;2;22;0;0;0;0;7;15;20;1;1;0;0;1;21;0;"2902.5";"3030";"3197.5";"3028.41";"265.46";0;22;0;0;22;"9.41";"0.67";22;0;133;2015;"MUNICIPIO";11;0;0;0;0;0;0;0;0;0;0;0;0;0;0;0;0;0;0;0;0;133;2015;"MUNICIPIO";"0";"0";40,8163265306122;5,05979760809568;0;0;0;0
"134";"430645";135;2015;"MUNICIPIO";3417;3278;1653;1625;482;1670;1126;246;780;NA;134;2015;"MUNICIPIO";0;0,757;0;0;134;2015;"MUNICIPIO";25;0;25;0;0;6;6;6;3;1;0;0;25;"23";"28";"33";"28.08";"6.62";0;0;5;12;6;2;23;0;2;0;0;18;7;14;11;25;0;4;18;0;0;3;0;18;7;0;"36";"38";"39";"28.08";"5.22";2;2;20;1;0;13;12;5;20;25;0;0;2;8;2;1;5;0;0;2;5;0;25;0;0;0;0;10;15;23;0;2;0;0;5;19;1;"2720";"2915";"3350";"2758";"975.96";2;19;2;2;23;"8.56";"2.06";23;0;134;2015;"MUNICIPIO";34;0;2;0;0;0;0;3;0;0;0;0;0;0;0;0;0;0;0;0;0;134;2015;"MUNICIPIO";"0";"0";32,0512820512821;9,9502487562189;120;384,615384615385;0;120
"135";"430650";136;2015;"MUNICIPIO";15165;14380;7398;6982;3376;7653;3351;1671;3662;1649;135;2015;"MUNICIPIO";0;0,587;0;0;135;2015;"MUNICIPIO";172;0;170;4;0;50;40;31;15;8;0;0;172;"20.75";"25.5";"31";"26.32";"7.01";1;23;83;49;12;4;138;21;13;0;0;80;91;74;98;172;0;12;156;2;1;1;0;156;14;2;"38";"39";"40";"26.32";"1.96";31;27;90;22;1;3;169;102;70;164;8;0;27;42;20;31;33;2;4;2;11;0;170;1;1;0;0;97;75;138;21;13;0;0;12;144;16;"2978.75";"3315";"3690";"3285.24";"606.98";11;134;25;3;168;"9.35";"1.07";169;2;135;2015;"MUNICIPIO";113;0;2;0;0;0;0;0;1;0;0;0;0;1;1;0;0;0;0;0;0;135;2015;"MUNICIPIO";"3.18";"0";46,9688694702348;7,45136828222882;0;0;13,0667712008363;0
"136";"430655";137;2015;"MUNICIPIO";2619;2550;1341;1209;407;1304;839;195;615;NA;136;2015;"MUNICIPIO";0;0,708;0;0;136;2015;"MUNICIPIO";25;0;25;0;0;5;7;8;2;0;0;0;25;"23";"29";"32";"27.64";"5.62";0;0;11;12;0;2;25;0;0;0;0;18;7;14;11;25;0;2;21;2;0;0;0;21;2;2;"38";"39";"40";"27.64";"1.65";1;2;22;0;0;0;25;9;16;24;1;0;3;8;3;5;3;1;0;0;2;0;25;0;0;0;0;7;18;25;0;0;0;0;1;23;1;"3040";"3350";"3755";"3298.6";"510.88";2;19;4;2;23;"9.16";"0.99";25;0;136;2015;"MUNICIPIO";23;0;0;0;0;0;0;0;0;0;0;0;0;0;0;0;0;0;0;0;0;136;2015;"MUNICIPIO";"35.092";"5.051";40,650406504065;8,7819778541428;0;0;0;0
"137";"430660";138;2015;"MUNICIPIO";39886;38898;19107;19791;8443;19735;10720;4143;9900;5748;137;2015;"MUNICIPIO";0;0,691;0;0;137;2015;"MUNICIPIO";436;0;431;9;0;116;100;84;30;13;0;0;436;"20";"25";"30";"25.49";"6.51";0;13;198;172;34;19;367;40;27;0;0;146;290;192;244;436;0;42;380;10;3;0;1;380;46;10;"38";"38";"39";"25.49";"1.95";104;17;295;13;2;399;37;76;360;406;24;6;88;75;48;43;109;10;12;4;41;6;436;0;0;0;0;217;219;367;40;27;0;0;36;381;19;"2898.75";"3195";"3485";"3168.81";"506.26";30;363;37;6;430;"9.35";"0.85";430;5;137;2015;"MUNICIPIO";363;0;5;0;0;0;0;7;0;0;0;1;0;1;1;0;0;0;1;0;0;137;2015;"MUNICIPIO";"0";"0";44,040404040404;9,10093767236624;16,0550458715596;70,7070707070707;5,06713959969597;16,0550458715596
"138";"430670";139;2015;"MUNICIPIO";3374;3401;1678;1723;633;1739;1029;314;858;NA;138;2015;"MUNICIPIO";0;0,697;0;0;138;2015;"MUNICIPIO";32;0;32;2;0;11;4;5;3;1;0;0;32;"19.75";"23";"30";"24.84";"7.12";0;2;15;10;5;0;25;2;5;0;0;15;16;16;16;32;0;3;27;2;0;0;0;27;3;2;"38";"39";"40";"24.84";"1.67";8;0;23;0;0;0;32;12;20;29;2;0;4;6;1;4;10;1;1;1;3;0;32;0;0;0;0;15;17;25;2;5;0;0;2;29;1;"2863.75";"3217.5";"3472.5";"3230.78";"461.11";2;27;2;0;32;"9.59";"0.56";30;1;138;2015;"MUNICIPIO";34;0;0;0;0;0;0;1;0;0;0;0;0;0;0;0;0;0;0;0;0;138;2015;"MUNICIPIO";"2.124";"0";37,2960372960373;10,077059869591;31,25;116,550116550117;0;31,25
"139";"430673";140;2015;"MUNICIPIO";5200;5313;2646;2667;876;2517;1920;436;1235;996;139;2015;"MUNICIPIO";0;0,706;0;0;139;2015;"MUNICIPIO";42;0;42;0;0;2;17;13;4;1;0;0;42;"27.25";"29";"32";"28.86";"5.49";0;1;12;21;8;0;40;0;1;0;1;20;22;16;26;42;0;5;37;0;0;0;0;37;5;0;"38";"39";"40";"28.86";"1.75";4;4;31;3;0;0;42;16;26;41;1;0;2;12;4;11;7;1;0;0;5;0;42;0;0;0;0;28;14;40;0;1;0;1;2;36;4;"3101.25";"3355";"3545";"3305.69";"553.48";1;36;5;1;41;"9.52";"0.89";40;2;139;2015;"MUNICIPIO";41;0;2;0;0;0;0;1;0;0;0;0;0;0;0;0;0;0;0;0;0;139;2015;"MUNICIPIO";"2.225";"0";34,0080971659919;7,88461538461538;23,8095238095238;80,9716599190283;0;23,8095238095238
"140";"430675";141;2015;"MUNICIPIO";2076;2030;1035;995;334;959;737;159;472;NA;140;2015;"MUNICIPIO";0;0,724;0;0;140;2015;"MUNICIPIO";23;0;23;0;0;2;5;6;5;0;0;0;23;"21";"29";"33";"27.78";"6.89";0;1;7;11;3;1;20;2;1;0;0;7;15;10;13;23;0;2;21;0;0;0;0;21;2;0;"37.5";"38";"39";"27.78";"1.25";0;0;22;1;0;0;23;7;16;9;11;0;2;1;2;1;2;6;5;0;1;0;23;0;0;0;0;16;7;20;2;1;0;0;1;22;0;"3152.5";"3275";"3450";"3273.74";"379.41";1;21;1;0;23;"9.52";"0.59";23;0;140;2015;"MUNICIPIO";19;0;0;0;0;0;0;0;0;0;0;0;0;0;0;0;0;0;0;0;0;140;2015;"MUNICIPIO";"690";"150";48,728813559322;9,15221579961464;0;0;0;0
"141";"430676";142;2015;"MUNICIPIO";37794;34343;16999;17344;8754;18676;6913;4302;9467;NA;141;2015;"MUNICIPIO";0;0,717;0;0;141;2015;"MUNICIPIO";558;0;552;9;0;148;123;106;71;15;1;0;558;"21";"26";"32";"26.63";"6.78";2;15;195;255;45;43;424;55;74;4;0;233;323;204;354;558;0;56;493;2;3;4;0;493;63;2;"38";"39";"40";"26.63";"2.16";157;36;291;45;12;3;555;314;244;528;28;0;60;107;121;77;104;11;13;15;48;0;555;0;2;1;0;288;270;425;55;74;4;0;59;455;44;"2936.25";"3282.5";"3599";"3213.99";"646.18";33;435;73;13;542;"9.13";"0.68";536;9;141;2015;"MUNICIPIO";192;0;6;0;1;0;0;12;0;0;0;0;0;0;0;0;0;0;0;0;0;141;2015;"MUNICIPIO";"27.039";"0";58,9415865638534;5,08017145578663;21,505376344086;126,756100137319;0;21,505376344086
"142";"430680";143;2015;"MUNICIPIO";21883;20510;9932;10578;3632;11002;5876;1783;5555;3240;142;2015;"MUNICIPIO";0;0,767;0;0;142;2015;"MUNICIPIO";267;0;263;1;0;48;61;88;37;12;2;0;267;"24.5";"30";"34";"29.18";"6.43";0;10;77;120;37;23;218;27;22;0;0;147;116;126;141;267;0;29;229;6;1;2;0;229;32;6;"38";"39";"40";"29.18";"2.28";26;9;210;12;3;248;19;106;161;157;74;0;24;32;29;25;15;37;37;10;22;0;265;0;1;1;0;148;119;218;27;22;0;0;26;229;12;"2927.5";"3235";"3572.5";"3196.9";"554.76";14;210;31;2;263;"9.62";"0.91";257;8;142;2015;"MUNICIPIO";153;0;2;0;0;0;0;5;0;0;0;0;0;0;0;0;0;0;0;0;0;142;2015;"MUNICIPIO";"19.53";"0";48,0648064806481;6,99172873920395;18,7265917602996;90,00900090009;0;18,7265917602996
"143";"430690";144;2015;"MUNICIPIO";25726;24534;12322;12212;5548;12179;6807;2696;6066;3450;143;2015;"MUNICIPIO";0;0,657;0;0;143;2015;"MUNICIPIO";271;0;270;7;0;59;65;51;24;16;0;0;271;"20";"26";"31.5";"26.46";"7.16";1;23;110;108;18;11;232;37;2;0;0;65;206;112;159;271;0;42;222;4;3;0;0;222;45;4;"37";"38";"39";"26.46";"2.08";65;9;185;4;5;217;54;122;149;251;20;0;23;63;31;57;33;4;14;7;39;0;269;1;0;1;0;131;140;232;37;2;0;0;25;238;8;"2850";"3120";"3405";"3111.06";"512.98";14;221;27;8;262;"9.67";"0.98";269;2;143;2015;"MUNICIPIO";242;0;1;0;0;0;0;3;0;0;0;0;0;0;0;0;0;0;0;0;0;143;2015;"MUNICIPIO";"17.948";"534";44,6752390372568;9,40682577936718;11,070110701107;49,4559841740851;0;11,070110701107
"144";"430692";145;2015;"MUNICIPIO";1397;1527;742;785;395;747;385;196;376;NA;144;2015;"MUNICIPIO";0;0,717;0;0;144;2015;"MUNICIPIO";17;0;17;2;0;2;3;7;2;0;0;0;17;"24";"31";"32";"28.12";"6.92";1;6;6;3;1;0;4;0;0;13;0;14;3;6;11;17;0;7;10;0;0;0;0;10;7;0;"35";"38";"38";"28.12";"1.73";2;2;11;1;0;0;17;6;11;12;5;0;1;1;0;5;0;1;2;3;4;0;17;0;0;0;0;5;12;4;0;0;13;0;3;13;1;"2695";"3100";"3330";"3041.47";"520.94";2;10;2;0;17;"9.18";"0.64";17;0;144;2015;"MUNICIPIO";11;0;0;0;0;0;0;0;0;0;0;0;0;0;0;0;0;0;0;0;0;144;2015;"MUNICIPIO";"1.396";"0";45,2127659574468;7,8740157480315;0;0;0;0
"145";"430693";146;2015;"MUNICIPIO";9037;8938;4415;4523;1781;4318;2839;911;2166;1446;145;2015;"MUNICIPIO";0;0,68;0;0;145;2015;"MUNICIPIO";120;0;120;3;0;25;27;25;19;5;0;0;120;"22";"28";"32.25";"27.46";"7.12";1;10;38;46;19;6;114;0;6;0;0;67;53;48;72;120;0;11;107;0;1;1;0;107;13;0;"38";"39";"40";"27.46";"2.16";18;16;74;10;2;0;120;38;82;112;8;0;5;34;5;26;29;4;4;3;10;0;120;0;0;0;0;61;59;114;0;6;0;0;13;100;7;"2843.75";"3185";"3423.75";"3159.57";"553.69";10;97;10;4;116;"9.72";"0.71";120;0;145;2015;"MUNICIPIO";82;0;0;0;0;0;0;0;0;0;0;0;0;0;0;0;0;0;0;0;0;145;2015;"MUNICIPIO";"5.424";"0";55,4016620498615;9,07380767953967;0;0;0;0
"146";"430695";147;2015;"MUNICIPIO";3069;3080;1556;1524;648;1455;977;306;719;NA;146;2015;"MUNICIPIO";0;0,703;0;0;146;2015;"MUNICIPIO";35;0;33;2;0;8;9;6;4;1;0;0;35;"20.5";"26";"31";"26.11";"7.09";0;3;14;12;5;1;26;3;6;0;0;23;12;14;21;35;0;6;25;0;1;1;0;25;8;0;"37";"38";"39";"26.11";"2.87";3;3;26;2;0;1;34;12;23;24;4;0;4;6;5;1;2;2;1;2;3;0;33;2;0;0;0;19;16;26;3;6;0;0;11;24;0;"2412.5";"2790";"3147.5";"2659.37";"697.35";7;24;0;3;31;"9.12";"1.17";35;0;146;2015;"MUNICIPIO";23;0;1;0;0;0;0;1;0;0;0;0;0;0;0;0;0;0;0;0;0;146;2015;"MUNICIPIO";"2.296";"0";48,6787204450626;7,49429781687846;28,5714285714286;139,082058414465;0;28,5714285714286
"147";"430697";148;2015;"MUNICIPIO";3064;2970;1490;1480;667;1520;783;323;748;409;147;2015;"MUNICIPIO";0;0,712;0;0;147;2015;"MUNICIPIO";44;0;42;3;0;17;7;6;3;1;0;0;44;"20";"22.5";"28.25";"24.34";"6.35";0;1;25;12;5;0;26;2;5;11;0;27;17;21;23;44;0;6;35;1;2;0;0;35;8;1;"37";"38";"39";"24.34";"2.46";9;3;24;4;0;0;44;13;31;39;0;0;5;9;0;8;9;0;0;0;8;0;44;0;0;0;0;22;22;26;2;5;11;0;6;36;2;"2848.75";"3170";"3561.25";"3134.89";"657.24";3;34;7;1;43;"9.77";"0.6";44;0;147;2015;"MUNICIPIO";28;1;0;0;0;0;0;0;0;0;0;1;0;1;1;0;1;0;0;0;0;147;2015;"MUNICIPIO";"2.324";"0";58,8235294117647;9,13838120104439;0;0;65,7894736842105;0
"148";"430700";149;2015;"MUNICIPIO";102345;96087;46224;49863;18604;54576;22907;9206;27938;12719;148;2015;"MUNICIPIO";0;0,776;0;0;148;2015;"MUNICIPIO";1452;0;1424;31;0;279;346;384;216;54;4;0;1452;"23";"29";"33";"28.24";"6.71";3;33;318;644;349;102;1265;13;167;2;0;1073;377;668;784;1452;0;124;1266;26;15;7;0;1266;146;26;"38";"39";"40";"28.24";"2.03";168;130;1027;112;4;1432;20;535;917;1379;64;6;153;407;172;156;342;34;27;26;113;6;1448;0;0;4;0;735;717;1265;13;167;2;0;149;1254;49;"2815";"3145";"3445";"3113.04";"550.41";127;1163;114;27;1424;"9.2";"0.72";1419;22;148;2015;"MUNICIPIO";637;0;9;0;0;0;0;13;0;0;0;1;0;1;1;0;0;0;0;1;0;148;2015;"MUNICIPIO";"102.345";"0";51,9722242107524;6,22404611852069;8,95316804407713;46,531605698332;1,83230724127822;8,95316804407713
"149";"430705";150;2015;"MUNICIPIO";3207;3088;1562;1526;632;1531;925;305;750;NA;149;2015;"MUNICIPIO";0;0,716;0;0;149;2015;"MUNICIPIO";45;0;45;0;0;10;11;11;4;2;0;0;45;"22";"27";"32";"27.36";"6.86";0;1;14;24;6;0;42;0;3;0;0;40;5;19;26;45;0;3;42;0;0;0;0;42;3;0;"38";"38";"39";"27.36";"1.49";3;3;37;2;0;0;45;21;24;39;6;0;1;13;2;10;10;4;2;0;3;0;45;0;0;0;0;19;26;42;0;3;0;0;4;41;0;"2955";"3190";"3355";"3098.56";"408.91";2;42;1;3;42;"9.24";"0.88";45;0;149;2015;"MUNICIPIO";15;0;0;0;0;0;0;0;0;0;0;0;0;0;0;0;0;0;0;0;0;149;2015;"MUNICIPIO";"0";"0";60;4,67726847521048;0;0;0;0
"150";"430710";151;2015;"MUNICIPIO";6975;6753;3483;3270;1571;3169;2013;725;1547;998;150;2015;"MUNICIPIO";0;0,681;0;0;150;2015;"MUNICIPIO";57;0;42;0;0;15;17;10;7;1;0;0;57;"22";"27";"31";"26.88";"6.36";0;2;21;25;6;2;45;1;2;0;0;18;37;16;41;57;0;8;46;0;1;1;0;46;10;0;"38";"39";"40";"26.88";"2.93";14;3;27;2;0;0;57;17;40;54;3;0;6;5;5;9;20;1;2;0;8;0;57;0;0;0;0;24;33;45;1;2;0;0;7;48;2;"2890";"3250";"3690";"3154.3";"679.65";3;47;6;2;55;"9.61";"0.84";53;0;150;2015;"MUNICIPIO";58;0;1;0;0;0;0;1;0;0;0;0;0;0;0;0;0;0;0;0;0;150;2015;"MUNICIPIO";"2.973";"0";36,8455074337427;8,31541218637993;17,5438596491228;64,6412411118293;0;17,5438596491228
"151";"430720";152;2015;"MUNICIPIO";5207;5163;2622;2541;1040;2563;1560;485;1253;NA;151;2015;"MUNICIPIO";0;0,685;0;0;151;2015;"MUNICIPIO";45;0;44;0;0;11;12;7;9;0;0;0;45;"21";"26";"32";"26.89";"6.18";0;2;18;15;7;3;37;0;7;1;0;39;6;21;24;45;0;3;40;1;1;0;0;40;4;1;"38";"39";"40";"26.89";"2.28";8;1;33;2;0;1;44;26;19;41;2;0;5;10;6;8;8;2;0;0;4;0;43;0;0;2;0;24;21;37;0;7;1;0;3;40;2;"2810";"3200";"3520";"3199.44";"551.9";4;36;5;2;42;"9.14";"0.7";45;0;151;2015;"MUNICIPIO";48;0;0;0;0;0;0;0;0;0;0;0;0;0;0;0;0;0;0;0;0;151;2015;"MUNICIPIO";"3.042";"0";35,9138068635275;9,21835990013443;0;0;0;0
"152";"430730";153;2015;"MUNICIPIO";7773;7878;3920;3958;1829;3818;2231;880;1913;1165;152;2015;"MUNICIPIO";0;0,68;0;0;152;2015;"MUNICIPIO";87;0;85;5;0;19;20;22;8;1;0;0;87;"21";"26";"31";"26.13";"6.7";0;6;38;27;10;6;71;4;12;0;0;44;42;43;44;87;0;11;74;2;0;0;0;74;11;2;"37";"38";"39";"26.13";"1.62";7;2;72;1;0;0;87;21;66;81;6;0;11;23;9;8;20;5;1;0;10;0;87;0;0;0;0;34;53;71;4;12;0;0;7;76;4;"2800";"3115";"3400";"3137.93";"500.97";5;71;11;0;87;"9.62";"0.6";84;1;152;2015;"MUNICIPIO";65;0;0;0;0;0;0;0;0;0;0;0;0;0;0;0;0;0;0;0;0;152;2015;"MUNICIPIO";"2.148";"0";45,4783063251438;8,36227968609289;0;0;0;0
"153";"430740";154;2015;"MUNICIPIO";3301;3168;1572;1596;675;1559;934;329;786;481;153;2015;"MUNICIPIO";0;0,661;0;0;153;2015;"MUNICIPIO";27;0;19;0;0;3;8;8;5;0;1;0;27;"26";"30";"34";"29.74";"6.45";0;2;13;10;2;0;25;0;2;0;0;16;11;4;23;27;0;1;21;2;0;0;0;21;1;2;"38";"39";"39.25";"29.74";"1.63";5;2;17;0;0;1;26;16;11;24;1;0;1;2;2;8;7;0;1;0;1;0;26;1;0;0;0;18;9;25;0;2;0;0;1;24;2;"3150";"3375";"3735";"3421.3";"467.53";1;18;4;2;21;"9";"1.28";27;0;153;2015;"MUNICIPIO";21;0;1;0;0;0;0;0;0;0;0;0;0;0;0;0;0;0;0;0;0;153;2015;"MUNICIPIO";"3.245";"0";34,3511450381679;6,36170857315965;0;0;0;0
"154";"430745";155;2015;"MUNICIPIO";3245;3272;1650;1622;595;1457;1220;297;702;NA;154;2015;"MUNICIPIO";0;0,765;0;0;154;2015;"MUNICIPIO";41;0;41;2;0;3;8;11;5;3;0;0;41;"19";"28";"33";"27.51";"8.07";0;4;16;12;7;2;38;0;3;0;0;32;9;18;23;41;0;3;36;2;0;0;0;36;3;2;"38";"39";"40";"27.51";"2.01";6;2;31;2;0;0;41;13;28;41;0;0;7;9;5;2;15;0;0;0;3;0;41;0;0;0;0;20;21;38;0;3;0;0;1;39;1;"3095";"3470";"3660";"3359.15";"424.23";2;31;6;0;41;"9.17";"0.54";41;0;154;2015;"MUNICIPIO";23;0;0;0;0;0;0;1;0;0;0;0;0;0;0;0;0;0;0;0;0;154;2015;"MUNICIPIO";"11.288";"1.593";58,4045584045584;7,08782742681048;24,390243902439;142,450142450142;0;24,390243902439
"155";"430750";156;2015;"MUNICIPIO";15809;15240;7532;7708;3028;7919;4293;1455;3960;NA;155;2015;"MUNICIPIO";0;0,753;0;0;155;2015;"MUNICIPIO";192;0;192;2;0;40;55;40;27;7;1;0;192;"22";"27.5";"33";"27.85";"6.74";0;9;64;69;39;11;187;1;3;0;1;107;85;87;105;192;0;23;157;8;3;1;0;157;27;8;"37";"38";"39";"27.85";"2.44";8;4;172;6;0;141;51;11;181;56;135;1;6;7;6;5;14;65;65;8;15;1;192;0;0;0;0;96;96;187;1;3;0;1;30;161;1;"2647.5";"2998.5";"3267.5";"2931.07";"566.99";26;150;8;2;190;"9.64";"0.73";190;2;155;2015;"MUNICIPIO";138;0;2;0;1;0;0;4;0;0;0;0;0;0;0;0;0;0;0;0;0;155;2015;"MUNICIPIO";"5.522";"0";48,4848484848485;8,72920488329433;20,8333333333333;101,010101010101;0;20,8333333333333
"156";"430755";157;2015;"MUNICIPIO";6169;6011;2951;3060;1127;3178;1706;544;1587;NA;156;2015;"MUNICIPIO";0;0,757;0;0;156;2015;"MUNICIPIO";75;0;74;2;0;12;26;21;7;3;0;0;75;"25";"29";"32.5";"28.32";"6.14";0;4;13;40;15;3;55;7;13;0;0;50;25;33;42;75;0;7;65;1;2;0;0;65;9;1;"37";"39";"39.5";"28.32";"2.26";7;7;57;3;0;35;40;20;55;70;0;1;5;22;8;13;14;0;0;1;7;1;75;0;0;0;0;43;32;55;7;13;0;0;8;67;0;"2755";"3105";"3410";"3050.16";"533.53";6;64;3;1;73;"9.6";"1.34";75;0;156;2015;"MUNICIPIO";45;0;1;0;0;0;0;1;0;0;0;0;0;0;0;0;0;0;0;0;0;156;2015;"MUNICIPIO";"36.506";"1.37";47,2589792060491;7,29453720213973;13,3333333333333;63,0119722747322;0;13,3333333333333
"157";"430760";158;2015;"MUNICIPIO";46444;42574;21035;21539;9085;24867;8622;4435;12430;4674;157;2015;"MUNICIPIO";0;0,754;0;0;157;2015;"MUNICIPIO";625;0;622;5;0;125;174;166;78;14;0;0;625;"23";"28";"32";"27.78";"6.18";0;8;156;310;79;72;596;13;16;0;0;466;159;292;333;625;0;57;555;8;5;0;0;555;62;8;"38";"39";"40";"27.78";"1.88";98;58;451;13;2;385;240;191;434;605;20;0;88;163;60;89;140;10;9;14;52;0;623;0;0;2;0;321;304;596;13;16;0;0;46;533;46;"2935";"3300";"3610";"3262.73";"545.2";29;503;76;8;616;"9.35";"0.69";620;3;157;2015;"MUNICIPIO";243;0;2;0;0;0;0;4;0;0;0;0;0;0;0;0;0;0;0;0;0;157;2015;"MUNICIPIO";"83.984";"4.042";50,2815768302494;5,23210748428215;6,4;32,1802091713596;0;6,4
"158";"430770";159;2015;"MUNICIPIO";83984;80755;38973;41782;17014;43787;19954;8214;22393;11175;158;2015;"MUNICIPIO";0;0,767;0;0;158;2015;"MUNICIPIO";1233;0;1230;14;0;329;283;263;169;26;1;0;1233;"22";"27";"32";"27.07";"6.51";1;30;334;596;162;110;1037;83;112;1;0;447;784;532;701;1233;0;145;1041;27;13;5;1;1041;164;27;"37";"39";"40";"27.07";"2.24";274;94;741;69;10;673;560;511;722;1169;63;1;72;372;92;227;249;22;28;33;137;1;1233;0;0;0;0;632;601;1037;83;112;1;0;122;1040;71;"2890";"3230";"3575";"3195.97";"584.15";66;988;137;27;1206;"9.17";"0.74";1225;6;158;2015;"MUNICIPIO";532;0;6;0;1;0;0;9;0;0;0;0;0;0;0;0;0;0;0;0;0;158;2015;"MUNICIPIO";"26.816";"0";55,0618496851695;6,33453991236426;7,2992700729927;40,191131157058;0;7,2992700729927
"159";"430780";160;2015;"MUNICIPIO";32748;30619;15119;15500;5851;16681;8087;2838;8255;4407;159;2015;"MUNICIPIO";0;0,679;0;0;159;2015;"MUNICIPIO";474;0;471;3;0;108;116;144;49;20;0;0;474;"23";"29";"33";"28.29";"6.24";1;13;144;209;73;33;409;23;40;1;0;412;60;214;260;474;0;62;394;5;9;4;0;394;75;5;"37";"38";"39";"28.29";"2.42";41;28;381;18;5;443;31;125;349;447;23;3;72;90;46;40;133;11;10;11;57;3;473;0;0;1;0;235;239;410;23;40;1;0;59;397;18;"2861.25";"3215";"3473.75";"3117.5";"621.57";22;397;41;16;457;"9.2";"0.96";468;6;159;2015;"MUNICIPIO";251;0;3;1;1;0;0;8;0;0;0;0;0;0;0;0;0;0;0;0;0;159;2015;"MUNICIPIO";"3.42";"0";57,419745608722;7,66459020398192;16,8776371308017;96,9109630526953;0;16,8776371308017
"160";"430781";161;2015;"MUNICIPIO";3743;3628;1846;1782;766;1917;945;408;908;466;160;2015;"MUNICIPIO";0;0,712;0;0;160;2015;"MUNICIPIO";54;0;53;1;0;9;12;12;7;4;0;0;54;"20.25";"28";"34";"27.91";"7.53";0;3;18;21;11;1;47;1;4;2;0;28;26;17;37;54;0;7;44;3;0;0;0;44;7;3;"38";"38";"39";"27.91";"1.55";8;2;39;3;1;0;54;7;47;53;1;0;2;13;3;8;21;0;1;0;6;0;54;0;0;0;0;29;25;47;1;4;2;0;4;48;2;"2860";"3137.5";"3387.5";"3162.22";"476.05";2;48;3;0;54;"9.89";"0.32";54;0;160;2015;"MUNICIPIO";23;0;0;0;0;0;0;0;0;0;0;0;0;0;0;0;0;0;0;0;0;160;2015;"MUNICIPIO";"0";"0";59,4713656387665;6,1448036334491;0;0;0;0
"161";"430783";162;2015;"MUNICIPIO";2744;2798;1415;1383;533;1300;965;246;651;486;161;2015;"MUNICIPIO";0;0,763;0;0;161;2015;"MUNICIPIO";26;0;26;0;0;5;7;8;4;0;0;0;26;"24.5";"28.5";"32.75";"28.46";"5.59";0;0;8;16;2;0;25;0;1;0;0;13;13;8;18;26;0;4;22;0;0;0;0;22;4;0;"37";"38.5";"39";"28.46";"1.64";2;3;20;1;0;0;26;10;16;25;1;0;1;7;3;6;5;0;0;2;2;0;26;0;0;0;0;20;6;25;0;1;0;0;2;22;2;"2740";"3455";"3723.75";"3237.5";"608.66";2;19;3;0;26;"9.62";"0.57";26;0;161;2015;"MUNICIPIO";19;0;0;0;0;0;0;1;0;0;0;0;0;0;0;0;0;0;0;0;0;161;2015;"MUNICIPIO";"1.459";"0";39,9385560675883;6,92419825072886;38,4615384615385;153,609831029186;0;38,4615384615385
"162";"430786";163;2015;"MUNICIPIO";2708;2579;1300;1279;413;1252;914;209;595;NA;162;2015;"MUNICIPIO";0;0,777;0;0;162;2015;"MUNICIPIO";14;0;14;0;0;3;6;1;1;1;0;0;14;"23.25";"26.5";"29";"27.07";"6.65";0;0;2;9;2;1;14;0;0;0;0;10;4;7;7;14;0;0;13;0;0;1;0;13;1;0;"39";"39.5";"40";"27.07";"4.29";1;0;13;0;0;0;14;7;7;14;0;0;0;6;1;2;4;0;0;0;1;0;14;0;0;0;0;9;5;14;0;0;0;0;1;13;0;"3145";"3560";"3687.5";"3308.93";"784.96";0;13;1;1;12;"8.43";"2.79";13;0;162;2015;"MUNICIPIO";17;0;2;0;0;0;0;2;0;0;0;0;0;0;0;0;0;0;0;0;0;162;2015;"MUNICIPIO";"63.799";"0";23,5294117647059;6,27769571639586;142,857142857143;336,134453781513;0;142,857142857143
"163";"430790";164;2015;"MUNICIPIO";68562;63635;31303;32332;12311;37201;14123;6149;18557;7626;163;2015;"MUNICIPIO";0;0,72;0;0;163;2015;"MUNICIPIO";916;0;915;10;0;178;228;233;143;27;0;0;916;"23";"28";"33";"28.11";"6.48";0;16;232;420;163;85;791;19;102;4;0;582;333;414;502;916;0;102;790;10;10;3;0;790;115;10;"37";"38";"39";"28.11";"1.91";64;70;709;64;6;768;148;177;739;883;32;1;31;307;27;142;261;13;17;20;96;1;915;0;0;1;0;465;451;791;19;102;4;0;93;803;20;"2853.75";"3130";"3420";"3101.15";"517.59";59;764;69;14;902;"9.45";"0.73";908;7;163;2015;"MUNICIPIO";391;1;1;0;0;0;0;4;1;0;0;1;0;2;2;0;0;1;0;0;0;163;2015;"MUNICIPIO";"5.017";"4.298";49,361426954788;5,7028674776115;4,36681222707424;21,5552082772;5,37619956452783;4,36681222707424
"164";"430800";165;2015;"MUNICIPIO";6869;6672;3274;3398;1251;3395;2026;605;1724;1069;164;2015;"MUNICIPIO";0;0,666;0;0;164;2015;"MUNICIPIO";68;0;67;3;0;14;9;15;15;2;0;0;68;"20.75";"28.5";"34.25";"27.82";"7.56";0;4;29;18;14;3;54;4;10;0;0;39;29;29;39;68;0;5;61;2;0;0;0;61;5;2;"38";"39";"40";"27.82";"1.68";13;3;46;5;0;2;66;26;42;66;1;1;11;15;5;9;22;1;0;0;4;1;68;0;0;0;0;37;31;54;4;10;0;0;4;61;3;"2937.5";"3175";"3526.25";"3220.59";"451.5";3;57;7;1;67;"9.59";"0.67";66;2;164;2015;"MUNICIPIO";53;0;0;0;0;0;0;0;0;0;0;0;0;0;0;0;0;0;0;0;0;164;2015;"MUNICIPIO";"1.573";"0";39,4431554524362;7,71582471975542;0;0;0;0
"165";"430805";166;2015;"MUNICIPIO";2553;2567;1283;1284;565;1235;767;287;612;NA;165;2015;"MUNICIPIO";0;0,698;0;0;165;2015;"MUNICIPIO";38;0;38;2;0;10;9;10;2;0;0;0;38;"22";"26";"30.75";"25.82";"6.31";0;5;10;20;2;1;24;0;0;14;0;24;11;15;23;38;0;2;35;0;1;0;0;35;3;0;"38";"38";"39";"25.82";"1.69";11;6;19;1;0;0;38;10;28;32;1;0;6;6;5;3;10;0;1;0;2;0;38;0;0;0;0;19;19;24;0;0;14;0;4;33;1;"2761.25";"3020";"3291.25";"3000";"465.46";3;33;2;0;38;"9.47";"0.65";38;0;165;2015;"MUNICIPIO";17;0;0;0;0;0;0;0;0;0;0;0;0;0;0;0;0;0;0;0;0;165;2015;"MUNICIPIO";"0";"0";62,0915032679739;6,65883274578927;0;0;0;0
"166";"430807";167;2015;"MUNICIPIO";4099;3697;1856;1841;835;1913;949;438;930;NA;166;2015;"MUNICIPIO";0;0,75;0;0;166;2015;"MUNICIPIO";66;0;66;0;0;16;15;22;5;1;0;0;66;"22.25";"28.5";"31";"27.26";"5.94";0;3;21;33;4;5;52;5;9;0;0;55;11;22;44;66;0;8;56;2;0;0;0;56;8;2;"38";"39";"40";"27.26";"2.04";8;0;58;0;0;0;66;24;42;63;3;0;12;8;8;4;22;1;1;4;6;0;66;0;0;0;0;30;36;52;5;9;0;0;7;57;2;"2901.25";"3240";"3527.5";"3159.7";"554.29";3;53;5;3;63;"9.15";"1";64;2;166;2015;"MUNICIPIO";31;0;0;0;0;0;0;0;0;0;0;0;0;0;0;0;0;0;0;0;0;166;2015;"MUNICIPIO";"11.947";"0";70,9677419354839;7,56282020004879;0;0;0;0
"167";"430810";168;2015;"MUNICIPIO";13140;12359;6161;6198;2106;7008;3245;1045;3410;NA;167;2015;"MUNICIPIO";0;0,754;0;0;167;2015;"MUNICIPIO";155;0;155;0;0;29;38;40;28;9;0;0;155;"24";"29";"34";"29.27";"6.42";0;4;59;48;26;17;142;3;10;0;0;83;70;73;82;155;0;18;129;6;2;0;0;129;20;6;"38";"39";"39.5";"29.27";"2.23";23;15;112;4;0;69;86;23;132;143;11;1;10;48;9;13;45;4;6;4;15;1;155;0;0;0;0;75;80;142;3;10;0;0;13;134;8;"2920";"3300";"3600";"3239.49";"569.58";4;116;27;3;151;"9.47";"1.03";152;2;167;2015;"MUNICIPIO";88;0;0;0;0;0;0;2;0;0;0;0;0;0;0;0;0;0;0;0;0;167;2015;"MUNICIPIO";"27.634";"0";45,4545454545455;6,69710806697108;12,9032258064516;58,6510263929619;0;12,9032258064516
"168";"430820";169;2015;"MUNICIPIO";29196;27126;13552;13574;5016;15314;6796;2453;7573;NA;168;2015;"MUNICIPIO";0;0,663;0;0;168;2015;"MUNICIPIO";379;0;375;3;0;59;98;104;68;13;0;0;379;"24";"29";"34";"28.95";"6.44";0;5;96;179;66;33;338;18;19;0;0;213;164;192;187;379;0;44;326;2;6;1;0;326;51;2;"37";"38";"39";"28.95";"1.96";40;19;313;5;0;247;132;60;319;363;16;0;9;138;2;59;101;12;3;7;48;0;379;0;0;0;0;195;184;338;18;19;0;0;38;328;13;"2800";"3140";"3440";"3089.31";"560.45";28;315;29;4;375;"9.47";"0.69";375;2;168;2015;"MUNICIPIO";158;0;1;0;0;0;0;2;0;0;0;0;0;0;0;0;0;0;0;0;0;168;2015;"MUNICIPIO";"1.988";"0";50,0462168229235;5,41170023290862;5,27704485488127;26,4096130991681;0;5,27704485488127
"169";"430825";170;2015;"MUNICIPIO";1988;2018;1081;937;329;949;740;148;416;NA;169;2015;"MUNICIPIO";0;0,661;0;0;169;2015;"MUNICIPIO";11;0;11;1;0;3;4;2;0;0;0;0;11;"20.5";"28";"29";"25";"6.1";0;0;6;3;2;0;10;0;1;0;0;8;3;7;4;11;0;0;11;0;0;0;0;11;0;0;"38.5";"40";"40";"25";"1.43";2;3;5;1;0;0;11;2;9;8;0;0;2;3;1;0;2;0;0;0;0;0;11;0;0;0;0;4;7;10;0;1;0;0;0;11;0;"3080";"3330";"3480";"3291.36";"332.33";0;10;1;0;11;"9.73";"0.47";11;0;169;2015;"MUNICIPIO";18;0;0;0;0;0;0;0;0;0;0;0;0;0;0;0;0;0;0;0;0;169;2015;"MUNICIPIO";"5.072";"0";26,4423076923077;9,05432595573441;0;0;0;0
"170";"430830";171;2015;"MUNICIPIO";10888;10719;5461;5258;2641;5386;2692;1308;2621;1329;170;2015;"MUNICIPIO";0;0,682;0;0;170;2015;"MUNICIPIO";119;0;117;8;0;28;17;27;11;6;0;0;119;"19.5";"25";"32";"25.97";"7.63";3;14;47;41;10;3;115;1;2;0;0;59;60;55;64;119;0;10;104;4;0;0;1;104;11;4;"38";"39";"40";"25.97";"2.47";23;6;76;9;0;2;117;56;63;105;13;0;13;30;25;15;14;9;3;2;7;0;118;1;0;0;0;72;47;116;1;2;0;0;6;107;6;"2870";"3150";"3465";"3192.1";"535.74";6;99;10;4;114;"9.61";"0.94";116;2;170;2015;"MUNICIPIO";74;0;2;0;0;0;0;1;0;0;0;0;0;0;0;0;0;0;0;0;0;170;2015;"MUNICIPIO";"3.353";"0";45,4025181228539;6,7964731814842;8,40336134453782;38,1533765738268;0;8,40336134453782
"171";"430840";172;2015;"MUNICIPIO";7096;7014;3570;3444;1317;3306;2391;617;1628;1199;171;2015;"MUNICIPIO";0;0,683;0;0;171;2015;"MUNICIPIO";67;0;67;2;0;10;11;17;8;3;2;0;67;"20.5";"28";"33.5";"27.6";"8.11";0;4;23;26;14;0;43;16;7;0;1;29;38;25;42;67;0;10;57;0;0;0;0;57;10;0;"38";"38";"39";"27.6";"1.54";16;5;42;3;1;0;67;28;39;64;3;0;5;12;13;9;16;1;1;3;7;0;67;0;0;0;0;32;35;43;16;7;0;1;9;58;0;"2824.5";"3100";"3477.5";"3125.22";"516.65";3;53;8;1;66;"9.69";"0.61";67;0;171;2015;"MUNICIPIO";67;0;0;0;0;0;0;0;0;0;0;0;0;0;0;0;0;0;0;0;0;171;2015;"MUNICIPIO";"0";"0";41,1547911547912;9,44193912063134;0;0;0;0
"172";"430843";173;2015;"MUNICIPIO";2528;2479;1265;1214;339;1122;1018;174;531;NA;172;2015;"MUNICIPIO";0;0,756;0;0;172;2015;"MUNICIPIO";18;0;18;0;0;3;6;4;5;0;0;0;18;"27";"29.5";"34.25";"29.94";"4.78";0;2;7;7;2;0;18;0;0;0;0;16;2;7;11;18;0;1;17;0;0;0;0;17;1;0;"38";"39";"39";"29.94";"1.33";3;2;13;0;0;0;18;4;14;16;2;0;2;4;1;4;4;1;1;0;1;0;18;0;0;0;0;5;13;18;0;0;0;0;1;17;0;"3111.25";"3280";"3445";"3173.61";"340.95";1;17;0;0;18;"9.67";"0.49";18;0;172;2015;"MUNICIPIO";35;0;0;0;0;0;0;0;0;0;0;0;0;0;0;0;0;0;0;0;0;172;2015;"MUNICIPIO";"2.904";"0";33,8983050847458;13,8449367088608;0;0;0;0
"173";"430845";174;2015;"MUNICIPIO";4619;4575;2241;2334;923;2460;1192;464;1248;622;173;2015;"MUNICIPIO";0;0,76;0;0;173;2015;"MUNICIPIO";49;0;49;1;0;12;15;11;6;1;0;0;49;"24";"27";"31";"27.47";"5.93";0;2;13;15;16;3;45;0;4;0;0;19;30;24;25;49;0;3;46;0;0;0;0;46;3;0;"38";"38";"39";"27.47";"1.21";14;3;30;0;1;1;48;8;41;47;2;0;7;14;5;5;13;1;1;0;3;0;49;0;0;0;0;28;21;45;0;4;0;0;4;44;1;"2900";"3200";"3440";"3175.84";"421.2";4;42;3;1;48;"9.41";"0.79";49;0;173;2015;"MUNICIPIO";18;0;0;0;0;0;0;0;0;0;0;0;0;0;0;0;0;0;0;0;0;173;2015;"MUNICIPIO";"28.336";"0";39,2628205128205;3,89694739121022;0;0;0;0
"174";"430850";175;2015;"MUNICIPIO";30558;28843;14128;14715;5790;15845;7208;2829;8044;3842;174;2015;"MUNICIPIO";0;0,786;0;0;174;2015;"MUNICIPIO";430;0;427;13;0;83;88;120;57;16;0;0;430;"22";"28";"33";"27.7";"6.9";1;21;117;147;111;33;394;3;32;0;0;307;122;202;228;430;0;55;353;17;4;1;0;353;60;17;"37";"38";"39";"27.7";"2.08";55;39;313;20;1;348;82;60;370;402;25;0;30;130;30;41;117;12;8;19;42;0;430;0;0;0;0;218;212;394;3;32;0;0;43;374;13;"2830";"3105";"3378.75";"3086.21";"509.72";30;342;33;6;424;"9.15";"0.62";420;6;174;2015;"MUNICIPIO";185;0;2;0;0;0;0;2;0;0;0;0;0;0;0;0;0;0;0;0;0;174;2015;"MUNICIPIO";"32.172";"4.702";53,4559920437593;6,05406112965508;4,65116279069767;24,8632521133764;0;4,65116279069767
"175";"430860";176;2015;"MUNICIPIO";33131;30689;15221;15468;5134;17403;8152;2498;8594;4376;175;2015;"MUNICIPIO";0;0,671;0;0;175;2015;"MUNICIPIO";414;0;404;7;0;87;94;107;62;13;0;0;414;"23";"28";"33";"27.92";"6.51";0;7;103;196;83;23;356;12;43;0;0;330;82;214;200;414;0;41;362;6;3;1;0;362;45;6;"38";"39";"39";"27.92";"1.93";68;29;291;16;7;319;95;120;294;379;32;1;74;103;40;36;87;14;13;14;31;1;414;0;0;0;0;225;189;356;12;43;0;0;39;365;10;"2857";"3157.5";"3420";"3117.7";"504.67";30;344;25;6;407;"9.46";"0.73";413;1;175;2015;"MUNICIPIO";177;0;3;0;0;0;0;4;0;1;0;0;0;0;0;0;0;0;0;0;0;175;2015;"MUNICIPIO";"0";"0";48,1731440539912;5,34242854124536;9,66183574879227;46,5441005352572;0;9,66183574879227
"176";"430865";177;2015;"MUNICIPIO";3219;3234;1682;1552;698;1647;889;327;821;404;176;2015;"MUNICIPIO";0;0,738;0;0;176;2015;"MUNICIPIO";24;0;24;1;0;8;5;3;3;1;1;0;24;"21.75";"28";"31.25";"27.54";"7.79";0;3;9;9;3;0;23;0;1;0;0;10;14;11;13;24;0;0;24;0;0;0;0;24;0;0;"38";"39";"40";"27.54";"1.14";9;1;11;3;0;0;24;8;16;23;1;0;1;10;5;2;5;0;1;0;0;0;23;1;0;0;0;13;11;23;0;1;0;0;0;24;0;"2992.5";"3222.5";"3462.5";"3240.21";"288.84";1;21;2;0;24;"9.96";"0.2";24;0;176;2015;"MUNICIPIO";12;0;0;0;0;0;0;1;0;0;0;0;0;0;0;0;0;0;0;0;0;176;2015;"MUNICIPIO";"4.165";"0";29,2326431181486;3,72786579683131;41,6666666666667;121,802679658952;0;41,6666666666667
"177";"430870";178;2015;"MUNICIPIO";5918;5862;2832;3030;999;2914;1949;523;1483;NA;177;2015;"MUNICIPIO";0;0,686;0;0;177;2015;"MUNICIPIO";56;0;54;1;0;12;16;16;5;2;0;0;56;"23.75";"28";"33";"28.02";"6.17";1;3;14;27;7;4;50;1;5;0;0;43;13;29;27;56;0;3;44;7;0;0;0;44;3;7;"38";"39";"40";"28.02";"1.66";6;9;39;1;0;1;55;19;37;51;4;1;4;17;6;3;12;2;2;4;3;1;56;0;0;0;0;29;27;50;1;5;0;0;5;50;1;"2862.5";"3040";"3396.25";"3098.12";"488.43";5;41;4;0;56;"9.39";"0.53";55;1;177;2015;"MUNICIPIO";50;0;0;0;0;0;0;0;0;0;0;0;0;0;0;0;0;0;0;0;0;177;2015;"MUNICIPIO";"5.51";"0";37,7612946729602;8,44880027036161;0;0;0;0
"178";"430880";179;2015;"MUNICIPIO";8673;8447;4233;4214;1806;3989;2652;885;1987;1342;178;2015;"MUNICIPIO";0;0,733;0;0;178;2015;"MUNICIPIO";97;0;97;2;0;23;21;19;14;2;0;0;97;"21";"26";"32";"26.65";"7.09";0;7;36;40;7;7;86;1;10;0;0;24;73;36;61;97;0;8;88;1;0;0;0;88;8;1;"38";"39";"40";"26.65";"1.61";20;10;57;3;3;0;97;38;59;94;3;0;6;29;12;22;18;0;3;0;7;0;97;0;0;0;0;47;50;86;1;10;0;0;9;83;5;"2985";"3275";"3555";"3254.66";"481.33";5;80;12;1;96;"9.59";"0.61";97;0;178;2015;"MUNICIPIO";67;0;0;0;0;0;0;1;0;0;0;0;0;0;0;0;0;0;0;0;0;178;2015;"MUNICIPIO";"1.677";"0";48,8173125314545;7,72512394788424;10,3092783505155;50,3271263210871;0;10,3092783505155
"179";"430885";180;2015;"MUNICIPIO";1711;1677;889;788;306;860;511;125;407;NA;179;2015;"MUNICIPIO";0;0,746;0;0;179;2015;"MUNICIPIO";22;0;22;0;0;5;7;4;3;0;0;0;22;"23.25";"27";"31.75";"27.36";"6.11";1;2;3;12;4;0;15;0;1;6;0;22;0;9;13;22;0;5;16;1;0;0;0;16;5;1;"37";"39";"39";"27.36";"2.22";2;2;16;2;0;0;22;7;15;19;3;0;2;5;2;2;5;2;1;0;3;0;22;0;0;0;0;15;7;15;0;1;6;0;2;20;0;"2756.25";"3130";"3356.25";"3045.45";"489.04";3;17;2;0;22;"9.23";"0.69";21;1;179;2015;"MUNICIPIO";15;0;0;0;0;0;0;0;0;0;0;0;0;0;0;0;0;0;0;0;0;179;2015;"MUNICIPIO";"15.124";"0";54,0540540540541;8,76680303915839;0;0;0;0
"180";"430890";181;2015;"MUNICIPIO";16647;16154;7849;8305;2920;8552;4682;1393;4373;2539;180;2015;"MUNICIPIO";0;0,721;0;0;180;2015;"MUNICIPIO";190;0;185;2;0;38;50;52;20;7;0;0;190;"23.25";"28";"32.75";"27.79";"6.4";2;8;51;79;41;9;166;1;22;1;0;149;41;84;106;190;0;19;163;4;0;0;0;163;19;4;"38";"39";"39";"27.79";"1.54";34;5;140;4;0;115;75;45;145;161;7;0;22;37;16;24;39;5;1;2;18;0;190;0;0;0;0;93;97;166;1;22;1;0;17;168;5;"2831.25";"3205";"3456.25";"3159.08";"452.53";16;151;16;4;186;"9.69";"0.87";190;0;180;2015;"MUNICIPIO";135;0;0;0;0;0;0;0;0;0;0;0;0;0;0;0;0;0;0;0;0;180;2015;"MUNICIPIO";"13.854";"0";43,4484335696318;8,10956929176428;0;0;0;0
"181";"430900";182;2015;"MUNICIPIO";17198;17075;8338;8737;3469;8459;5147;1661;4335;2741;181;2015;"MUNICIPIO";0;0,714;0;0;181;2015;"MUNICIPIO";221;0;219;5;0;50;57;48;26;4;0;0;221;"22";"27";"31";"26.79";"6.5";1;3;70;95;37;15;170;3;48;0;0;152;68;95;126;221;0;14;205;0;1;0;0;205;15;0;"38";"39";"39";"26.79";"1.29";50;22;137;10;0;147;74;19;202;203;18;0;12;70;10;18;78;5;13;4;10;0;221;0;0;0;0;120;101;170;3;48;0;0;18;199;4;"2825";"3080";"3330";"3074.48";"429.11";17;189;10;6;215;"9.39";"0.8";218;3;181;2015;"MUNICIPIO";134;0;3;0;0;0;0;4;0;0;0;0;0;0;0;0;0;0;0;0;0;181;2015;"MUNICIPIO";"3.706";"23";50,9803921568627;7,79160367484591;18,0995475113122;92,2722029988466;0;18,0995475113122
"182";"430905";183;2015;"MUNICIPIO";7518;6891;3536;3355;1418;3491;1982;674;1711;NA;182;2015;"MUNICIPIO";0;0,764;0;0;182;2015;"MUNICIPIO";88;0;88;1;0;26;25;19;6;2;0;0;88;"22";"26";"30.25";"26.27";"6.01";0;3;27;49;4;5;75;5;6;2;0;43;45;34;54;88;0;8;78;1;1;0;0;78;9;1;"38";"39";"40";"26.27";"1.84";23;7;53;3;2;0;88;42;46;83;5;0;10;20;12;16;15;1;4;4;6;0;88;0;0;0;0;37;51;75;5;6;2;0;4;77;7;"2960";"3248.5";"3522.5";"3236.01";"506.28";4;70;9;1;87;"9.42";"0.74";88;0;182;2015;"MUNICIPIO";59;0;0;0;0;0;0;0;0;0;0;0;0;0;0;0;0;0;0;0;0;182;2015;"MUNICIPIO";"34.605";"9.196";51,4319111630625;7,84783187017824;0;0;0;0
"183";"430910";184;2015;"MUNICIPIO";34605;32273;15673;16600;6608;18144;7521;3297;9184;NA;183;2015;"MUNICIPIO";0;0,685;0;0;183;2015;"MUNICIPIO";591;0;590;7;0;132;144;151;79;16;2;0;591;"23";"28";"32";"27.73";"6.42";0;11;157;252;112;59;527;20;44;0;0;493;98;300;291;591;0;51;522;9;5;4;0;522;60;9;"38";"39";"39";"27.73";"2.01";75;20;479;13;2;526;65;121;470;568;23;0;78;175;44;63;146;10;9;20;46;0;590;1;0;0;0;302;289;527;20;44;0;0;49;521;21;"2895";"3185";"3485";"3155.92";"560.29";34;488;47;7;584;"9.02";"0.58";586;4;183;2015;"MUNICIPIO";230;0;5;0;0;0;0;7;0;0;0;0;0;0;0;0;0;0;0;0;0;183;2015;"MUNICIPIO";"0";"0";64,3510452961673;6,64643837595723;11,844331641286;76,219512195122;0;11,844331641286
"184";"430912";185;2015;"MUNICIPIO";2270;2269;1151;1118;534;1076;659;258;533;NA;184;2015;"MUNICIPIO";0;0,634;0;0;184;2015;"MUNICIPIO";26;0;26;1;0;6;10;2;1;0;0;0;26;"19.25";"24";"28.75";"23.96";"5.6";0;0;8;14;3;1;15;0;1;10;0;17;6;11;15;26;0;2;22;2;0;0;0;22;2;2;"38";"38.5";"39";"23.96";"1.53";6;1;15;2;0;0;26;8;18;22;0;0;8;2;5;0;6;0;0;0;1;0;26;0;0;0;0;14;12;15;0;1;10;0;2;24;0;"2786.25";"3142.5";"3433.75";"3151.15";"412.69";1;22;2;0;26;"9.62";"0.57";26;0;184;2015;"MUNICIPIO";12;0;0;0;0;0;0;0;0;0;0;0;0;0;0;0;0;0;0;0;0;184;2015;"MUNICIPIO";"0";"0";48,780487804878;5,2863436123348;0;0;0;0
"185";"430915";186;2015;"MUNICIPIO";4212;3970;2044;1926;1083;2108;779;534;1006;NA;185;2015;"MUNICIPIO";0;0,736;0;0;185;2015;"MUNICIPIO";45;0;45;1;0;11;7;13;9;1;0;0;45;"23";"30";"34";"28.82";"6.83";1;9;15;17;3;0;35;0;9;0;1;31;14;18;27;45;0;5;40;0;0;0;0;40;5;0;"37";"39";"40";"28.82";"1.85";16;5;16;4;0;0;45;13;32;41;3;1;6;9;7;7;7;0;3;0;5;1;45;0;0;0;0;17;28;35;0;9;0;1;3;41;1;"3000";"3300";"3470";"3249.64";"407.63";2;38;5;1;44;"9.13";"0.63";45;0;185;2015;"MUNICIPIO";16;0;0;0;0;0;0;0;0;0;0;0;0;0;0;0;0;0;0;0;0;185;2015;"MUNICIPIO";"223.819";"69.575";44,7316103379722;3,79867046533713;0;0;0;0
"186";"430920";187;2015;"MUNICIPIO";272257;255660;124880;130780;58843;139512;57305;28924;70654;31202;186;2015;"MUNICIPIO";0;0,758;0;0;186;2015;"MUNICIPIO";3734;0;3713;63;0;868;954;836;454;108;8;0;3734;"22";"27";"32";"27.24";"6.57";4;82;1075;1907;394;266;3184;316;228;3;1;1608;2121;1516;2218;3734;0;319;3339;37;25;13;0;3339;357;37;"38";"39";"40";"27.24";"1.91";800;207;2398;185;34;1654;2080;1886;1848;3554;168;11;416;891;547;598;746;65;81;105;273;11;3719;4;0;11;0;1865;1869;3184;316;228;3;1;326;3227;181;"2880";"3205";"3530";"3178.51";"544.3";245;3022;346;85;3640;"9.42";"0.82";3695;37;186;2015;"MUNICIPIO";1707;1;19;0;0;0;0;26;1;0;0;2;0;3;3;1;0;1;0;0;0;186;2015;"MUNICIPIO";"740";"0";52,8490955926062;6,26981124452264;6,96304231387252;36,7990488861211;2,15035265783589;6,96304231387252
"187";"430925";188;2015;"MUNICIPIO";1612;1598;806;792;236;734;628;119;367;NA;187;2015;"MUNICIPIO";0;0,73;0;0;187;2015;"MUNICIPIO";17;0;17;0;0;1;3;7;1;1;0;0;17;"20";"30";"31";"27.47";"7.28";0;0;3;9;3;2;11;2;4;0;0;9;8;9;8;17;0;4;12;1;0;0;0;12;4;1;"37";"38";"39";"27.47";"1.85";2;0;15;0;0;0;17;5;12;16;1;0;3;5;1;1;3;0;0;2;2;0;17;0;0;0;0;10;7;11;2;4;0;0;3;14;0;"2930";"3115";"3325";"3066.18";"474.79";0;13;1;0;17;"9.82";"0.39";17;0;187;2015;"MUNICIPIO";12;0;0;0;0;0;0;0;0;0;0;0;0;0;0;0;0;0;0;0;0;187;2015;"MUNICIPIO";"99.029";"3.905";46,3215258855586;7,44416873449132;0;0;0;0
"188";"430930";189;2015;"MUNICIPIO";99029;95204;46153;49051;21418;51568;22218;10366;26457;12228;188;2015;"MUNICIPIO";0;0,765;0;0;188;2015;"MUNICIPIO";1411;0;1397;34;0;346;331;303;164;34;3;0;1411;"21";"26";"32";"26.71";"6.71";0;37;381;769;121;102;1126;141;141;1;2;619;791;587;824;1411;0;114;1271;4;18;4;0;1271;136;4;"38";"39";"40";"26.71";"1.97";316;71;884;81;19;256;1155;681;730;1340;66;0;184;326;224;186;295;21;34;28;108;0;1389;5;13;4;0;723;687;1126;141;141;1;2;118;1209;84;"2920";"3242";"3555";"3203.28";"574.12";86;1133;163;35;1360;"9.16";"0.89";1394;16;188;2015;"MUNICIPIO";737;0;4;0;0;0;0;11;0;1;0;1;0;1;1;0;0;0;0;0;0;188;2015;"MUNICIPIO";"23.195";"0";53,3318214461201;7,44226438719971;7,79588944011339;41,5768983633821;1,93918709277071;7,79588944011339
"189";"430940";190;2015;"MUNICIPIO";24509;22814;11124;11690;4240;12675;5899;2052;6417;3221;189;2015;"MUNICIPIO";0;0,737;0;0;189;2015;"MUNICIPIO";294;0;292;7;0;56;80;79;45;12;0;0;294;"24";"29";"33";"28.56";"6.44";0;2;65;152;55;20;262;6;26;0;0;258;29;132;162;294;0;45;241;3;1;4;0;241;50;3;"37";"38";"39";"28.56";"2.3";52;3;230;8;0;238;56;53;241;268;23;3;45;65;15;24;74;6;12;13;37;3;294;0;0;0;0;162;132;262;6;26;0;0;34;254;6;"2846.25";"3100";"3440";"3080.07";"530.59";14;246;19;7;287;"9.25";"0.76";293;0;189;2015;"MUNICIPIO";155;0;1;0;2;0;0;3;0;0;0;0;0;0;0;0;0;0;0;0;0;189;2015;"MUNICIPIO";"5.528";"0";45,8158017765311;6,32420743400384;10,2040816326531;46,7508181393174;0;10,2040816326531
"190";"430950";191;2015;"MUNICIPIO";8150;8115;3951;4164;1505;3991;2619;759;1973;1432;190;2015;"MUNICIPIO";0;0,749;0;0;190;2015;"MUNICIPIO";74;0;69;3;0;15;17;23;9;4;0;0;74;"24";"29";"32";"28.39";"6.56";0;4;16;40;11;3;72;0;2;0;0;57;17;35;39;74;0;7;60;6;1;0;0;60;8;6;"38";"39";"40";"28.39";"2.24";7;4;58;0;0;56;18;27;47;64;10;0;3;24;8;9;14;4;6;0;6;0;74;0;0;0;0;44;30;72;0;2;0;0;3;66;5;"3051.25";"3347.5";"3598.75";"3336.69";"463.45";3;57;12;0;74;"9.96";"0.2";74;0;190;2015;"MUNICIPIO";71;0;0;0;0;0;0;0;0;0;0;0;0;0;0;0;0;0;0;0;0;190;2015;"MUNICIPIO";"4.57";"0";37,5063355296503;8,71165644171779;0;0;0;0
"191";"430955";192;2015;"MUNICIPIO";4595;4254;2151;2103;802;2320;1132;388;1137;NA;191;2015;"MUNICIPIO";0;0,687;0;0;191;2015;"MUNICIPIO";43;0;42;1;0;8;10;13;4;3;0;0;43;"24";"29";"33";"28.33";"6.9";0;1;12;22;6;2;39;2;2;0;0;19;24;20;23;43;0;1;41;0;1;0;0;41;2;0;"38";"39";"39";"28.33";"1.59";10;2;29;2;0;0;43;7;36;41;2;0;7;12;2;9;10;0;2;0;1;0;43;0;0;0;0;28;15;39;2;2;0;0;2;39;2;"3097.5";"3300";"3567.5";"3306.74";"533.9";2;36;5;1;42;"9.44";"0.7";41;2;191;2015;"MUNICIPIO";30;0;0;0;0;0;0;0;0;0;0;0;0;0;0;0;0;0;0;0;0;191;2015;"MUNICIPIO";"4.787";"2.865";37,8188214599824;6,52883569096844;0;0;0;0
"192";"430957";193;2015;"MUNICIPIO";3063;2954;1543;1411;712;1568;674;346;736;NA;192;2015;"MUNICIPIO";0;0,616;0;0;192;2015;"MUNICIPIO";31;0;30;1;0;11;2;7;3;3;0;0;31;"21";"24";"33.5";"27.19";"7.83";0;4;17;7;2;1;29;0;2;0;0;11;20;10;21;31;0;3;27;1;0;0;0;27;3;1;"38.5";"39";"40";"27.19";"1.7";1;0;28;1;0;0;31;20;11;30;1;0;5;3;10;3;6;1;0;0;3;0;31;0;0;0;0;16;15;29;0;2;0;0;1;27;3;"3157.5";"3485";"3660";"3442.74";"608.68";1;24;6;0;31;"9.84";"0.37";29;1;192;2015;"MUNICIPIO";16;0;0;0;0;0;0;0;0;0;0;0;0;0;0;0;0;0;0;0;0;192;2015;"MUNICIPIO";"0";"0";42,1195652173913;5,22363695723147;0;0;0;0
"193";"430960";194;2015;"MUNICIPIO";19232;18348;8946;9402;3406;9894;5048;1679;4985;2738;193;2015;"MUNICIPIO";0;0,783;0;0;193;2015;"MUNICIPIO";255;0;254;6;0;45;61;67;46;6;0;0;255;"24";"29";"33";"28.42";"6.56";0;4;41;107;77;26;247;0;8;0;0;140;114;123;132;255;0;25;225;4;1;0;0;225;26;4;"38";"39";"39";"28.42";"1.73";40;19;171;23;1;132;123;54;201;239;14;2;15;95;9;32;63;2;6;13;18;2;255;0;0;0;0;135;120;247;0;8;0;0;21;221;13;"2862.5";"3185";"3537.5";"3190.11";"510.32";15;199;24;3;252;"9.46";"0.65";254;1;193;2015;"MUNICIPIO";140;0;0;0;0;0;0;1;0;0;0;0;0;0;0;0;0;0;0;0;0;193;2015;"MUNICIPIO";"16.002";"0";51,1534603811434;7,27953410981697;3,92156862745098;20,0601805416249;0;3,92156862745098
"194";"430965";195;2015;"MUNICIPIO";6478;6043;3124;2919;1615;3092;1336;817;1490;NA;194;2015;"MUNICIPIO";0;0,643;0;0;194;2015;"MUNICIPIO";83;0;83;2;0;32;18;10;6;2;0;0;83;"20";"23";"28";"24.55";"6.18";0;4;33;39;4;3;64;5;14;0;0;25;58;34;49;83;0;6;74;2;1;0;0;74;7;2;"38";"40";"40";"24.55";"1.85";15;6;55;3;1;0;83;32;51;83;0;0;15;16;18;11;16;0;0;0;7;0;83;0;0;0;0;49;34;64;5;14;0;0;5;69;9;"3072.5";"3460";"3770";"3413.98";"600.7";7;62;14;5;78;"9.55";"1.1";83;0;194;2015;"MUNICIPIO";34;0;0;0;0;0;0;0;0;0;0;0;0;0;0;0;0;0;0;0;0;194;2015;"MUNICIPIO";"6.434";"3.097";55,7046979865772;5,24853349799321;0;0;0;0
"195";"430970";196;2015;"MUNICIPIO";5008;4919;2387;2532;862;2421;1636;421;1231;NA;195;2015;"MUNICIPIO";0;0,738;0;0;195;2015;"MUNICIPIO";49;0;49;0;0;13;11;17;5;0;1;0;49;"23";"28";"32";"28.06";"5.9";0;1;8;25;12;3;45;0;4;0;0;32;17;25;24;49;0;11;36;0;2;0;0;36;13;0;"36";"38";"39";"28.06";"2.21";8;6;32;3;0;0;49;15;34;46;3;0;5;7;3;1;15;3;0;7;8;0;49;0;0;0;0;24;25;45;0;4;0;0;8;39;2;"2790";"3195";"3430";"3097.96";"578.41";1;36;5;0;49;"9.2";"0.61";49;0;195;2015;"MUNICIPIO";39;0;0;0;0;0;0;0;0;0;0;0;0;0;0;0;0;0;0;0;0;195;2015;"MUNICIPIO";"3.362";"0";39,8050365556458;7,78753993610224;0;0;0;0
"196";"430975";197;2015;"MUNICIPIO";4518;4371;2230;2141;997;2270;1104;498;1075;NA;196;2015;"MUNICIPIO";0;0,652;0;0;196;2015;"MUNICIPIO";40;0;40;0;0;10;11;5;6;1;0;0;40;"22";"25";"30";"26.12";"6.58";1;4;22;7;4;2;38;1;1;0;0;21;19;17;23;40;0;2;37;1;0;0;0;37;2;1;"38";"39";"39.25";"26.12";"1.48";8;1;30;1;0;0;40;18;22;35;2;3;9;3;8;8;5;2;0;0;2;3;40;0;0;0;0;22;18;38;1;1;0;0;3;35;2;"2950";"3297.5";"3500";"3216.75";"523.62";5;30;4;0;40;"9.9";"0.3";40;0;196;2015;"MUNICIPIO";26;0;0;0;0;0;0;0;0;0;0;0;0;0;0;0;0;0;0;0;0;196;2015;"MUNICIPIO";"4.371";"0";37,2093023255814;5,75475874280655;0;0;0;0
"197";"430980";198;2015;"MUNICIPIO";4848;4710;2290;2420;785;2323;1602;420;1152;NA;197;2015;"MUNICIPIO";0;0,739;0;0;197;2015;"MUNICIPIO";49;0;47;1;0;8;12;20;3;1;0;0;49;"24";"29";"32";"28.12";"5.89";0;1;9;30;7;2;46;0;1;0;0;46;2;21;28;49;0;4;42;3;0;0;0;42;4;3;"38";"39";"39";"28.12";"1.67";4;2;42;1;0;0;49;15;34;36;5;2;5;5;2;4;15;3;2;2;3;2;49;0;0;0;0;29;20;46;0;1;0;0;1;45;3;"2945";"3200";"3470";"3225";"419.25";4;39;4;0;49;"9.76";"0.48";49;0;197;2015;"MUNICIPIO";50;0;0;0;0;0;0;0;0;0;0;0;0;0;0;0;0;0;0;0;0;197;2015;"MUNICIPIO";"3.208";"0";42,5347222222222;10,3135313531353;0;0;0;0
"198";"430990";199;2015;"MUNICIPIO";7441;7171;3588;3583;1488;3661;2022;713;1800;1070;198;2015;"MUNICIPIO";0;0,724;0;0;198;2015;"MUNICIPIO";75;0;74;1;0;12;20;27;5;2;0;0;75;"22.5";"28";"32";"27.61";"5.95";0;4;22;23;21;4;61;1;4;8;1;57;18;39;36;75;0;15;56;1;1;2;0;56;18;1;"37";"38";"39";"27.61";"2.8";18;4;42;4;0;0;75;11;64;57;0;0;5;17;5;3;12;0;0;2;13;0;75;0;0;0;0;44;31;61;1;4;8;1;15;59;1;"2630";"3050";"3402.5";"2955.08";"624.1";8;58;7;5;70;"9.29";"1.46";74;1;198;2015;"MUNICIPIO";53;0;2;0;0;0;0;2;0;0;0;0;0;0;0;0;0;0;0;0;0;198;2015;"MUNICIPIO";"4.216";"0";41,6666666666667;7,12269856202123;26,6666666666667;111,111111111111;0;26,6666666666667
"199";"430995";200;2015;"MUNICIPIO";4162;4061;2063;1998;898;1982;1181;444;980;574;199;2015;"MUNICIPIO";0;0,638;0;0;199;2015;"MUNICIPIO";41;0;41;2;0;6;9;11;3;0;0;0;41;"19";"26";"32";"25.68";"6.79";0;1;14;15;8;3;40;1;0;0;0;25;16;21;20;41;0;9;32;0;0;0;0;32;9;0;"38";"39";"39";"25.68";"1.86";7;2;32;0;0;0;41;13;28;37;4;0;2;10;4;6;7;2;2;4;4;0;41;0;0;0;0;21;20;40;1;0;0;0;2;38;1;"2860";"3120";"3440";"3117.56";"451.6";1;32;4;0;41;"9.54";"0.6";38;1;199;2015;"MUNICIPIO";33;0;0;0;0;0;0;0;0;0;0;0;0;0;0;0;0;0;0;0;0;199;2015;"MUNICIPIO";"4.162";"0";41,8367346938776;7,92888034598751;0;0;0;0
"200";"431000";201;2015;"MUNICIPIO";20242;19310;9472;9838;3534;10259;5517;1721;5137;NA;200;2015;"MUNICIPIO";0;0,765;0;0;200;2015;"MUNICIPIO";258;0;258;4;0;63;61;72;26;4;1;0;258;"22";"28";"32";"27.2";"6.29";0;5;67;127;45;14;243;0;15;0;0;217;41;123;135;258;0;15;236;3;4;0;0;236;19;3;"38";"39";"39";"27.2";"1.74";24;16;213;4;0;201;57;56;202;238;18;2;30;76;29;23;66;7;9;2;14;2;258;0;0;0;0;124;134;243;0;15;0;0;29;216;13;"2850";"3150";"3465";"3139.55";"579.4";24;206;24;6;252;"9.53";"0.72";256;1;200;2015;"MUNICIPIO";139;0;1;0;0;0;0;2;0;1;0;0;0;0;0;0;0;0;0;0;0;200;2015;"MUNICIPIO";"16.719";"0";50,2238660696905;6,86691038434937;7,75193798449612;38,933229511388;0;7,75193798449612
"201";"431010";202;2015;"MUNICIPIO";34341;31660;15461;16199;7042;18427;6191;3564;9322;NA;201;2015;"MUNICIPIO";0;0,721;0;0;201;2015;"MUNICIPIO";472;0;470;3;0;113;113;98;63;16;1;0;472;"21";"27";"32.25";"27.28";"6.78";0;16;185;196;36;39;440;12;20;0;0;158;314;175;297;472;0;49;406;12;3;1;1;406;54;12;"38";"39";"40";"27.28";"2.14";64;26;350;22;1;194;278;147;325;455;17;0;24;118;33;78;149;7;8;5;50;0;472;0;0;0;0;227;245;440;12;20;0;0;33;412;27;"2988.75";"3300";"3575";"3250.15";"540.99";22;389;51;11;460;"9.47";"1.04";431;3;201;2015;"MUNICIPIO";209;0;3;0;0;0;0;5;0;0;0;0;0;0;0;0;0;0;0;0;0;201;2015;"MUNICIPIO";"26.4";"887";50,6329113924051;6,0860196266853;10,5932203389831;53,6365586783952;0;10,5932203389831
"202";"431020";203;2015;"MUNICIPIO";82833;78915;38112;40803;15527;42333;21055;7594;21589;11620;202;2015;"MUNICIPIO";0;0,781;0;0;202;2015;"MUNICIPIO";1183;0;1179;17;0;252;288;288;174;37;3;0;1183;"23";"28";"33";"27.92";"6.58";2;23;257;551;245;105;1067;17;98;0;0;899;282;553;630;1183;0;108;1059;2;9;5;0;1059;122;2;"38";"39";"39";"27.92";"1.93";119;83;905;67;2;1167;16;450;733;1112;64;6;100;358;87;176;271;37;21;31;95;6;1182;1;0;0;0;621;561;1067;17;98;0;0;117;1010;56;"2830";"3165";"3495";"3148.08";"564.82";90;955;104;21;1160;"9.24";"0.83";1172;11;202;2015;"MUNICIPIO";515;1;12;0;0;0;0;15;1;0;0;0;0;1;1;0;1;0;0;0;0;202;2015;"MUNICIPIO";"80.824";"1.114";54,7964241048682;6,21732884236959;12,6796280642434;69,4798276900273;2,36222332459311;12,6796280642434
"203";"431030";204;2015;"MUNICIPIO";4208;4102;2055;2047;757;2051;1294;349;1037;661;203;2015;"MUNICIPIO";0;0,73;0;0;203;2015;"MUNICIPIO";50;0;50;0;0;17;14;9;6;0;0;0;50;"21.25";"27";"31";"26.8";"5.99";0;4;17;23;3;3;50;0;0;0;0;23;27;23;27;50;0;9;41;0;0;0;0;41;9;0;"37.25";"38";"39";"26.8";"1.63";7;3;38;0;0;41;9;5;45;43;5;0;2;12;0;5;13;3;2;4;7;0;50;0;0;0;0;26;24;50;0;0;0;0;5;45;0;"2835";"3105";"3437.5";"3068.1";"451.7";2;42;2;0;50;"9.44";"0.64";50;0;203;2015;"MUNICIPIO";25;0;0;0;0;0;0;0;0;0;0;0;0;0;0;0;0;0;0;0;0;203;2015;"MUNICIPIO";"2.42";"0";48,2160077145612;5,94106463878327;0;0;0;0
"204";"431033";205;2015;"MUNICIPIO";19993;17670;8663;9007;3926;8484;5260;1867;4373;NA;204;2015;"MUNICIPIO";0;0,764;0;0;204;2015;"MUNICIPIO";301;0;299;7;0;73;83;59;35;4;0;0;301;"21";"26";"32";"26.54";"6.57";0;5;93;153;35;15;279;10;12;0;0;100;201;118;183;301;0;23;271;2;5;0;0;271;28;2;"38";"39";"39";"26.54";"1.9";64;14;194;16;5;0;301;153;148;293;8;0;35;69;35;54;71;3;3;9;22;0;301;0;0;0;0;159;142;279;10;12;0;0;29;256;16;"2865";"3235";"3565";"3187.25";"577.77";28;222;41;5;296;"9.47";"0.66";299;2;204;2015;"MUNICIPIO";188;0;1;0;0;0;0;1;0;0;0;0;0;0;0;0;0;0;0;0;0;204;2015;"MUNICIPIO";"19.993";"66";68,8314658129431;9,40329115190317;3,32225913621262;22,8675966155957;0;3,32225913621262
"205";"431036";206;2015;"MUNICIPIO";3146;3023;1495;1528;443;1411;1169;220;669;NA;205;2015;"MUNICIPIO";0;0,743;0;0;205;2015;"MUNICIPIO";25;0;25;0;0;2;10;7;6;0;0;0;25;"26";"30";"34";"30.16";"5.24";0;0;4;16;4;1;25;0;0;0;0;20;5;10;15;25;0;2;21;0;2;0;0;21;4;0;"37";"38";"39";"30.16";"2.96";3;1;19;2;0;0;25;6;19;24;1;0;5;2;2;4;7;1;0;2;2;0;25;0;0;0;0;12;13;25;0;0;0;0;4;20;1;"2686";"3270";"3655";"3107.64";"796.03";3;16;4;1;24;"9.28";"0.79";24;1;205;2015;"MUNICIPIO";34;0;0;0;0;0;0;0;0;0;0;0;0;0;0;0;0;0;0;0;0;205;2015;"MUNICIPIO";"2.829";"0";37,3692077727952;10,8073744437381;0;0;0;0
"206";"431040";207;2015;"MUNICIPIO";6653;6618;3293;3325;1332;3122;2164;632;1542;NA;206;2015;"MUNICIPIO";0;0,693;0;0;206;2015;"MUNICIPIO";68;0;68;1;0;16;12;18;8;1;1;0;68;"21.75";"28";"31.25";"27.22";"7.2";0;4;28;27;6;3;65;1;2;0;0;21;47;31;37;68;0;13;48;6;1;0;0;48;14;6;"37";"39";"40";"27.22";"2.63";4;3;52;9;0;0;68;9;59;65;3;0;4;20;5;6;16;2;1;0;14;0;68;0;0;0;0;27;41;65;1;2;0;0;6;58;4;"2776.25";"3170";"3502.5";"3151.69";"648.66";10;45;11;0;68;"9.21";"0.48";68;0;206;2015;"MUNICIPIO";59;0;0;0;0;0;0;0;0;0;0;0;0;0;0;0;0;0;0;0;0;206;2015;"MUNICIPIO";"4.216";"0";44,0985732814527;8,86817976852548;0;0;0;0
"207";"431041";208;2015;"MUNICIPIO";2318;2267;1148;1119;504;1125;638;236;560;323;207;2015;"MUNICIPIO";0;0,673;0;0;207;2015;"MUNICIPIO";26;0;26;0;0;7;3;6;4;1;0;0;26;"21.25";"27";"33";"27.31";"7.34";0;1;5;14;5;1;23;1;1;1;0;22;4;9;17;26;0;2;23;1;0;0;0;23;2;1;"37";"38.5";"39";"27.31";"2.19";5;0;20;1;0;0;26;10;16;25;1;0;4;3;5;2;7;1;0;2;2;0;26;0;0;0;0;16;10;23;1;1;1;0;4;21;1;"2801.25";"3320";"3538.75";"3128.96";"661.4";4;17;3;0;26;"9.04";"0.34";26;0;207;2015;"MUNICIPIO";10;0;0;0;0;0;0;1;0;0;0;0;0;0;0;0;0;0;0;0;0;207;2015;"MUNICIPIO";"2.318";"0";46,4285714285714;4,31406384814495;38,4615384615385;178,571428571429;0;38,4615384615385
"208";"431043";209;2015;"MUNICIPIO";6412;6016;3083;2933;1095;2970;1951;536;1399;NA;208;2015;"MUNICIPIO";0;0,728;0;0;208;2015;"MUNICIPIO";69;0;68;0;0;15;19;13;13;3;0;0;69;"22";"27";"33";"28.22";"6.74";1;5;22;31;8;2;58;1;9;0;1;59;10;32;37;69;0;7;54;7;1;0;0;54;8;7;"38";"38";"39";"28.22";"2.29";8;1;56;2;1;0;69;17;52;69;0;0;0;28;11;7;15;0;0;0;8;0;69;0;0;0;0;34;35;58;1;9;0;1;4;60;5;"2985";"3220";"3459";"3232.07";"530.8";2;51;12;3;66;"9.25";"1.31";69;0;208;2015;"MUNICIPIO";42;0;1;0;0;0;0;1;0;0;0;0;0;0;0;0;0;0;0;0;0;208;2015;"MUNICIPIO";"2.743";"0";49,3209435310936;6,55021834061135;14,4927536231884;71,4796283059328;0;14,4927536231884
"209";"431046";210;2015;"MUNICIPIO";1982;1944;972;972;286;992;666;136;491;345;209;2015;"MUNICIPIO";0;0,791;0;0;209;2015;"MUNICIPIO";16;0;16;0;0;4;6;2;4;0;0;0;16;"24.5";"27.5";"33.5";"28.62";"6.14";0;2;3;8;3;0;13;3;0;0;0;15;1;8;8;16;0;2;14;0;0;0;0;14;2;0;"38";"38";"39";"28.62";"1.69";3;2;9;2;0;0;16;2;14;12;0;0;0;5;1;0;5;0;0;0;1;0;16;0;0;0;0;7;9;13;3;0;0;0;3;13;0;"2806.25";"3057.5";"3382.5";"3008.12";"458.57";2;14;0;1;15;"9.69";"0.79";16;0;209;2015;"MUNICIPIO";21;0;0;0;0;0;0;0;0;0;0;0;0;0;0;0;0;0;0;0;0;209;2015;"MUNICIPIO";"0";"0";32,5865580448065;10,5953582240161;0;0;0;0
"210";"431050";211;2015;"MUNICIPIO";8020;8078;4075;4003;1714;3927;2437;834;1915;1254;210;2015;"MUNICIPIO";0;0,691;0;0;210;2015;"MUNICIPIO";104;0;104;3;0;28;27;17;10;2;0;0;104;"21";"25";"31.25";"25.96";"6.63";0;8;39;38;12;7;75;1;9;19;0;50;54;24;80;104;0;10;92;1;1;0;0;92;11;1;"37";"39";"39";"25.96";"1.97";11;3;85;5;0;67;37;36;68;98;5;1;9;11;27;6;40;0;4;2;4;1;104;0;0;0;0;46;58;75;1;9;19;0;12;90;2;"2821.25";"3117.5";"3413.75";"3092.64";"587.23";15;76;11;3;101;"9.75";"0.82";102;2;210;2015;"MUNICIPIO";68;0;1;0;0;0;0;0;0;0;0;0;0;0;0;0;0;0;0;0;0;210;2015;"MUNICIPIO";"5.736";"849";54,3080939947781;8,4788029925187;0;0;0;0
"211";"431053";212;2015;"MUNICIPIO";5329;5010;2543;2467;1079;2580;1351;517;1280;670;211;2015;"MUNICIPIO";0;0,76;0;0;211;2015;"MUNICIPIO";64;0;63;2;0;23;18;8;5;3;0;0;64;"21";"26";"29.25";"26.06";"6.76";0;2;19;31;7;5;55;5;3;0;1;27;37;31;33;64;0;12;47;4;0;0;0;47;12;4;"37";"38";"39";"26.06";"2.27";13;2;45;2;0;1;63;29;35;60;4;0;8;12;7;14;7;2;2;0;11;0;63;0;0;1;0;36;28;55;5;3;0;1;5;59;0;"2943.75";"3150";"3455";"3156.36";"460.81";5;49;7;0;63;"9.65";"0.57";64;0;211;2015;"MUNICIPIO";36;0;0;0;0;0;0;0;0;0;0;0;0;0;0;0;0;0;0;0;0;211;2015;"MUNICIPIO";"4.57";"0";50;6,75548883467818;0;0;0;0
"212";"431055";213;2015;"MUNICIPIO";3551;3441;1778;1663;784;1642;1015;399;795;NA;212;2015;"MUNICIPIO";0;0,657;0;0;212;2015;"MUNICIPIO";31;0;31;0;0;6;11;6;1;0;0;0;31;"21";"25";"29";"25.35";"5.68";0;1;10;17;3;0;24;0;7;0;0;9;22;10;21;31;0;2;28;1;0;0;0;28;2;1;"38.5";"39";"39.5";"25.35";"1.46";8;3;18;1;1;0;31;10;21;31;0;0;3;6;2;7;11;0;0;0;2;0;31;0;0;0;0;17;14;24;0;7;0;0;1;28;2;"3017.5";"3365";"3475";"3319.35";"429.79";1;26;4;0;31;"9.32";"0.7";31;0;212;2015;"MUNICIPIO";24;0;0;0;0;0;0;0;0;0;0;0;0;0;0;0;0;0;0;0;0;212;2015;"MUNICIPIO";"0";"0";38,9937106918239;6,75865953252605;0;0;0;0
"213";"431057";214;2015;"MUNICIPIO";2325;2344;1233;1111;525;1195;624;248;567;NA;213;2015;"MUNICIPIO";0;0,664;0;0;213;2015;"MUNICIPIO";19;0;19;1;0;5;4;5;1;0;0;0;19;"20.5";"28";"30.5";"25.79";"6.61";0;2;10;5;2;0;17;1;1;0;0;11;8;9;10;19;0;3;16;0;0;0;0;16;3;0;"37";"38";"40";"25.79";"2.37";4;0;14;0;0;0;19;4;15;17;2;0;2;5;1;5;1;2;0;0;3;0;19;0;0;0;0;11;8;17;1;1;0;0;1;18;0;"3007.5";"3240";"3400";"3203.95";"426.4";1;17;1;0;19;"9.16";"0.5";19;0;213;2015;"MUNICIPIO";11;0;0;0;0;0;0;0;0;0;0;0;0;0;0;0;0;0;0;0;0;213;2015;"MUNICIPIO";"1.33";"200";33,5097001763668;4,73118279569892;0;0;0;0
"214";"431060";215;2015;"MUNICIPIO";39088;38159;19034;19125;9554;20184;8421;4717;10032;4376;214;2015;"MUNICIPIO";0;0,713;0;0;214;2015;"MUNICIPIO";574;0;562;30;0;154;109;96;38;17;0;0;574;"19";"24";"30";"24.85";"6.94";3;25;204;263;48;31;526;7;41;0;0;110;462;260;314;574;0;66;475;22;6;5;0;475;77;22;"38";"39";"40";"24.85";"2.49";109;41;395;16;1;527;47;127;447;561;12;1;202;22;96;5;158;4;7;14;65;1;574;0;0;0;0;311;263;526;7;41;0;0;47;496;31;"2895";"3240";"3553.75";"3194.92";"573.1";36;446;69;19;552;"9.44";"0.91";572;2;214;2015;"MUNICIPIO";296;0;4;1;0;0;0;10;0;0;0;0;0;0;0;0;0;0;0;0;0;214;2015;"MUNICIPIO";"33.863";"0";57,2169059011164;7,57265656979124;17,4216027874564;99,6810207336523;0;17,4216027874564
"215";"431065";216;2015;"MUNICIPIO";2602;2584;1340;1244;533;1249;802;260;593;NA;215;2015;"MUNICIPIO";0;0,669;0;0;215;2015;"MUNICIPIO";21;0;21;0;0;7;4;4;0;0;0;0;21;"19";"22";"27";"23.71";"5.68";0;0;8;11;1;1;19;2;0;0;0;5;16;10;11;21;0;1;20;0;0;0;0;20;1;0;"38";"39";"40";"23.71";"1.09";2;2;16;1;0;0;21;12;9;21;0;0;5;4;4;2;5;0;0;0;1;0;21;0;0;0;0;12;9;19;2;0;0;0;1;19;1;"3190";"3510";"3620";"3364.38";"530.13";1;17;3;0;21;"9.67";"0.58";21;0;215;2015;"MUNICIPIO";16;0;0;0;0;0;0;0;0;0;0;0;0;0;0;0;0;0;0;0;0;215;2015;"MUNICIPIO";"0";"0";35,4131534569983;6,14911606456572;0;0;0;0
"216";"431070";217;2015;"MUNICIPIO";3995;4171;2178;1993;836;1965;1370;386;940;NA;216;2015;"MUNICIPIO";0;0,681;0;0;216;2015;"MUNICIPIO";29;0;29;0;0;7;7;4;3;0;0;0;29;"19";"23";"29";"25";"6.32";0;1;12;12;4;0;28;0;1;0;0;24;5;14;15;29;0;0;29;0;0;0;0;29;0;0;"39";"40";"40";"25";"0.81";6;0;20;1;2;0;29;14;15;27;2;0;6;6;7;4;4;2;0;0;0;0;29;0;0;0;0;17;12;28;0;1;0;0;0;25;4;"2995";"3235";"3500";"3310.69";"464.52";2;23;4;0;29;"9.24";"0.64";29;0;216;2015;"MUNICIPIO";30;0;0;0;0;0;0;0;0;0;0;0;0;0;0;0;0;0;0;0;0;216;2015;"MUNICIPIO";"2.63";"0";30,8510638297872;7,50938673341677;0;0;0;0
"217";"431075";218;2015;"MUNICIPIO";2133;2156;1097;1059;359;1010;787;177;473;NA;217;2015;"MUNICIPIO";0;0,724;0;0;217;2015;"MUNICIPIO";14;0;14;0;0;3;3;3;2;2;0;0;14;"24.25";"29.5";"34.25";"29.43";"7.3";0;1;7;4;2;0;11;0;3;0;0;10;4;4;10;14;0;3;11;0;0;0;0;11;3;0;"37";"38";"39.75";"29.43";"2.43";3;0;9;0;0;0;14;5;9;13;0;1;0;4;2;1;4;0;0;0;2;1;14;0;0;0;0;4;10;11;0;3;0;0;2;12;0;"2971.25";"3292.5";"3477.5";"3126.79";"622.2";2;10;2;0;14;"9.64";"0.63";14;0;217;2015;"MUNICIPIO";18;0;0;0;0;0;0;0;0;0;0;0;0;0;0;0;0;0;0;0;0;217;2015;"MUNICIPIO";"872";"1.724";29,5983086680761;8,43881856540084;0;0;0;0
"218";"431080";219;2015;"MUNICIPIO";22012;19874;9801;10073;3779;11826;4269;1862;5915;NA;218;2015;"MUNICIPIO";0;0,784;0;0;218;2015;"MUNICIPIO";292;0;291;1;0;54;72;87;41;13;2;0;292;"24";"29";"33";"28.9";"6.3";0;5;65;132;53;37;274;4;13;0;1;166;126;127;165;292;0;28;256;5;1;2;0;256;31;5;"38";"39";"40";"28.9";"1.86";40;27;218;4;2;169;123;77;215;276;15;1;28;81;21;48;64;4;10;11;24;1;292;0;0;0;0;139;153;274;4;13;0;1;20;256;16;"2913.75";"3230";"3546.25";"3212.75";"530.12";12;237;31;5;286;"9.6";"0.68";289;3;218;2015;"MUNICIPIO";143;0;1;0;0;0;0;2;0;0;0;0;0;0;0;0;0;0;0;0;0;218;2015;"MUNICIPIO";"22.012";"0";49,3660185967878;6,49645647828457;6,84931506849315;33,8123415046492;0;6,84931506849315
"219";"431085";220;2015;"MUNICIPIO";4117;4098;2081;2017;949;1945;1204;439;986;NA;219;2015;"MUNICIPIO";0;0,658;0;0;219;2015;"MUNICIPIO";49;0;49;1;0;8;15;12;3;3;0;0;49;"22";"27";"32";"27.22";"7.13";0;5;24;4;16;0;48;0;1;0;0;28;21;24;25;49;0;5;40;0;4;0;0;40;9;0;"37";"38";"40";"27.22";"2.58";0;0;49;0;0;0;49;6;43;41;6;2;2;12;2;3;14;2;4;6;2;2;49;0;0;0;0;23;26;48;0;1;0;0;9;39;1;"2820";"3020";"3300";"2922.65";"620.17";2;40;1;3;46;"9.37";"1.01";48;0;219;2015;"MUNICIPIO";25;0;2;0;0;0;0;2;0;0;0;0;0;0;0;0;0;0;0;0;0;219;2015;"MUNICIPIO";"1.663";"0";49,6957403651116;6,0723828030119;40,8163265306122;202,839756592292;0;40,8163265306122
"220";"431087";221;2015;"MUNICIPIO";2645;2507;1283;1224;554;1271;682;275;620;NA;220;2015;"MUNICIPIO";0;0,662;0;0;220;2015;"MUNICIPIO";24;0;24;0;0;7;3;8;1;0;0;0;24;"20";"24";"31";"24.96";"6";0;3;9;8;4;0;23;0;1;0;0;13;11;12;12;24;0;2;22;0;0;0;0;22;2;0;"38";"38";"39";"24.96";"1.43";1;3;17;2;0;0;24;2;22;13;11;0;3;3;3;0;3;6;5;0;1;0;24;0;0;0;0;15;9;23;0;1;0;0;2;22;0;"2817";"3032.5";"3181.25";"3037.62";"398.95";2;21;1;0;24;"9.92";"0.28";24;0;220;2015;"MUNICIPIO";19;0;0;0;0;0;0;0;0;0;0;0;0;0;0;0;0;0;0;0;0;220;2015;"MUNICIPIO";"2.57";"0";38,7096774193548;7,18336483931947;0;0;0;0
"221";"431090";222;2015;"MUNICIPIO";3713;3633;1781;1852;599;1841;1193;302;932;NA;221;2015;"MUNICIPIO";0;0,726;0;0;221;2015;"MUNICIPIO";24;0;24;0;0;4;6;9;2;1;0;0;24;"25.5";"29.5";"32.25";"28.96";"5.86";0;2;5;10;7;0;19;0;5;0;0;18;6;13;11;24;0;1;22;1;0;0;0;22;1;1;"39";"39";"40";"28.96";"1.13";3;1;20;0;0;0;24;9;15;23;1;0;2;10;4;0;6;1;0;0;1;0;24;0;0;0;0;10;14;19;0;5;0;0;0;23;1;"2871.25";"3317.5";"3453.75";"3252.08";"385.15";2;20;2;0;24;"9.08";"0.78";24;0;221;2015;"MUNICIPIO";25;0;0;0;0;0;0;0;0;0;0;0;0;0;0;0;0;0;0;0;0;221;2015;"MUNICIPIO";"2.526";"0";25,7510729613734;6,7330999192028;0;0;0;0
"222";"431100";223;2015;"MUNICIPIO";28310;27931;13588;14343;5832;13980;8119;2873;7018;4452;222;2015;"MUNICIPIO";0;0,707;0;0;222;2015;"MUNICIPIO";342;0;312;3;0;100;77;59;36;12;0;0;342;"21";"25";"31";"26.22";"6.58";2;15;129;134;38;21;286;20;14;0;0;73;266;144;198;342;0;38;289;4;3;3;0;289;44;4;"38";"39";"40";"26.22";"2.42";62;24;197;31;6;272;70;148;194;319;22;1;55;53;65;25;80;12;7;4;36;1;340;0;0;2;0;188;154;286;20;14;0;0;31;288;23;"2946.25";"3267.5";"3603.75";"3237.27";"596.08";17;276;40;11;329;"9.56";"0.9";332;1;222;2015;"MUNICIPIO";255;0;1;0;0;0;0;1;0;0;0;0;0;0;0;0;0;0;0;0;0;222;2015;"MUNICIPIO";"27.805";"7.639";48,731832430892;9,00741787354292;2,92397660818713;14,2490738102023;0;2,92397660818713
"223";"431110";224;2015;"MUNICIPIO";11590;11473;5738;5735;1876;5730;3867;921;2802;2012;223;2015;"MUNICIPIO";0;0,712;0;0;223;2015;"MUNICIPIO";105;0;105;2;0;21;20;24;19;5;0;0;105;"23";"29";"34";"28.07";"7.02";0;3;32;55;13;2;91;3;10;0;1;58;47;55;50;105;0;6;95;1;2;0;1;95;9;1;"38";"39";"40";"28.07";"2.69";20;5;69;9;1;35;70;37;68;99;4;0;14;34;8;16;19;3;1;0;8;0;104;0;0;1;0;44;61;91;3;10;0;1;9;94;2;"3015";"3270";"3505";"3211.33";"535.17";5;91;8;3;101;"9.33";"1.51";103;1;223;2015;"MUNICIPIO";105;0;2;0;0;0;0;0;0;0;0;0;0;0;0;0;0;0;0;0;0;223;2015;"MUNICIPIO";"6.831";"0";37,4732334047109;9,0595340811044;0;0;0;0
"224";"431112";225;2015;"MUNICIPIO";4138;4177;2142;2035;1100;1922;1155;530;966;NA;224;2015;"MUNICIPIO";0;0,614;0;0;224;2015;"MUNICIPIO";58;0;51;3;0;17;13;8;6;2;0;0;58;"20.25";"24.5";"30";"25.29";"7.06";0;4;28;19;4;2;39;3;16;0;0;24;34;22;36;58;0;6;40;7;3;0;0;40;9;7;"37";"39";"40";"25.29";"2.74";18;3;30;0;0;0;58;26;32;52;3;1;7;7;6;12;9;0;1;6;5;1;56;2;0;0;0;28;30;39;3;16;0;0;7;45;6;"2845";"3170";"3455";"3162.24";"687.78";3;37;7;3;51;"8.82";"1.45";57;0;224;2015;"MUNICIPIO";34;0;1;0;0;0;0;1;0;0;0;0;0;0;0;0;0;0;0;0;0;224;2015;"MUNICIPIO";"2.456";"0";60,0414078674948;8,21652972450459;17,2413793103448;103,51966873706;0;17,2413793103448
"225";"431113";226;2015;"MUNICIPIO";3655;3575;1884;1691;713;1842;1020;359;854;NA;225;2015;"MUNICIPIO";0;0,631;0;0;225;2015;"MUNICIPIO";39;0;37;1;0;8;8;9;2;1;0;0;39;"19";"25";"30";"25.15";"6.46";0;3;17;14;4;1;31;0;8;0;0;22;17;21;18;39;0;7;30;1;1;0;0;30;8;1;"37";"38";"39.5";"25.15";"2.29";3;2;31;2;0;1;38;19;20;37;2;0;5;12;2;6;5;0;1;2;6;0;38;0;0;1;0;20;19;31;0;8;0;0;7;31;1;"2815";"3150";"3615";"3131.54";"619.92";2;29;6;0;38;"9.63";"0.49";39;0;225;2015;"MUNICIPIO";23;0;0;0;0;0;0;0;0;0;0;0;0;0;0;0;0;0;0;0;0;225;2015;"MUNICIPIO";"2.9";"0";45,6674473067916;6,29274965800274;0;0;0;0
"226";"431115";227;2015;"MUNICIPIO";8656;8331;4306;4025;1910;4221;2200;891;2042;NA;226;2015;"MUNICIPIO";0;0,686;0;0;226;2015;"MUNICIPIO";89;0;88;3;0;20;20;20;9;2;0;0;89;"20";"26";"32";"26.17";"6.83";0;4;39;37;6;3;70;3;16;0;0;68;21;33;56;89;0;7;82;0;0;0;0;82;7;0;"38";"39";"40";"26.17";"1.45";6;3;74;5;0;1;88;43;46;83;5;0;8;19;10;22;16;3;2;2;6;0;88;0;1;0;0;51;38;70;3;16;0;0;8;78;3;"2940";"3290";"3600";"3235.27";"510.85";10;70;7;3;86;"9.06";"0.84";88;1;226;2015;"MUNICIPIO";48;0;0;0;0;0;0;1;0;0;0;0;0;0;0;0;0;0;0;0;0;226;2015;"MUNICIPIO";"0";"0";43,5847208619001;5,5452865064695;11,2359550561798;48,9715964740451;0;11,2359550561798
"227";"431120";228;2015;"MUNICIPIO";20052;19579;9626;9953;4470;9895;5214;2142;5013;2798;227;2015;"MUNICIPIO";0;0,716;0;0;227;2015;"MUNICIPIO";248;0;245;6;0;62;58;43;28;4;1;0;248;"20.75";"25";"31.25";"25.95";"6.72";0;13;78;121;25;11;201;11;35;0;1;123;123;120;128;248;0;34;204;5;4;0;0;204;38;5;"37";"39";"39.5";"25.95";"2.05";65;12;161;4;2;141;107;96;152;242;6;0;34;63;26;35;46;3;3;0;37;0;247;0;0;1;0;120;128;201;11;35;0;1;23;217;8;"2858.75";"3205";"3450";"3148.19";"523.82";18;209;19;3;245;"9.81";"0.56";247;0;227;2015;"MUNICIPIO";155;0;0;0;0;0;0;0;0;0;0;0;0;0;0;0;0;0;0;0;0;227;2015;"MUNICIPIO";"16.72";"0";49,4713744264911;7,72990225413924;0;0;0;0
"228";"431123";229;2015;"MUNICIPIO";2825;2662;1403;1259;617;1400;645;307;639;NA;228;2015;"MUNICIPIO";0;0,67;0;0;228;2015;"MUNICIPIO";34;0;33;1;0;5;9;8;5;1;0;0;34;"21";"28";"32.75";"27.47";"7.06";0;2;18;10;3;1;34;0;0;0;0;25;9;13;21;34;0;6;26;0;0;2;0;26;8;0;"37";"38";"39";"27.47";"3.48";5;3;23;1;0;0;34;5;29;29;2;3;5;4;3;5;6;1;0;4;3;3;34;0;0;0;0;17;17;34;0;0;0;0;5;28;1;"2733.75";"3115";"3427.5";"3032.82";"723.27";1;25;4;2;32;"9.59";"0.99";34;0;228;2015;"MUNICIPIO";23;0;1;0;0;0;0;1;0;0;0;0;0;0;0;0;0;0;0;0;0;228;2015;"MUNICIPIO";"964";"0";53,20813771518;8,14159292035398;29,4117647058824;156,494522691706;0;29,4117647058824
"229";"431125";230;2015;"MUNICIPIO";6492;6185;3195;2990;1580;3152;1453;766;1497;727;229;2015;"MUNICIPIO";0;0,789;0;0;229;2015;"MUNICIPIO";47;0;46;1;0;7;15;8;6;1;0;0;47;"20.5";"27";"31.5";"26.49";"6.98";0;6;21;11;8;1;46;1;0;0;0;28;19;21;26;47;0;2;39;6;0;0;0;39;2;6;"38";"39";"40";"26.49";"1.97";8;9;25;2;0;0;47;12;35;43;4;0;9;9;7;3;13;2;2;0;2;0;47;0;0;0;0;26;21;46;1;0;0;0;5;41;1;"2795";"3050";"3350";"3051.17";"464.09";6;36;2;1;46;"9.72";"0.62";45;0;229;2015;"MUNICIPIO";42;0;0;0;0;0;0;0;0;0;0;0;0;0;0;0;0;0;0;0;0;229;2015;"MUNICIPIO";"1.649";"0";31,3961255845023;6,46950092421442;0;0;0;0
"230";"431127";231;2015;"MUNICIPIO";1649;1598;776;822;244;777;577;120;387;NA;230;2015;"MUNICIPIO";0;0,738;0;0;230;2015;"MUNICIPIO";21;0;21;0;0;4;5;7;2;0;0;0;21;"23";"27";"32";"27.14";"5.98";0;0;4;14;2;1;21;0;0;0;0;9;12;7;14;21;0;6;14;1;0;0;0;14;6;1;"36";"38";"39";"27.14";"1.94";3;2;16;0;0;0;21;5;16;20;1;0;1;5;2;0;6;0;1;2;4;0;21;0;0;0;0;12;9;21;0;0;0;0;4;17;0;"2690";"2950";"3075";"2905.71";"424.27";1;17;1;0;21;"9.52";"0.6";21;0;230;2015;"MUNICIPIO";14;0;0;0;0;0;0;0;0;0;0;0;0;0;0;0;0;0;0;0;0;230;2015;"MUNICIPIO";"1.939";"6.48";54,2635658914729;8,48999393571862;0;0;0;0
"231";"431130";232;2015;"MUNICIPIO";28431;27525;13564;13961;5951;14105;7469;2865;7054;4042;231;2015;"MUNICIPIO";0;0,643;0;0;231;2015;"MUNICIPIO";426;0;388;12;0;112;98;82;49;11;2;0;426;"21";"26";"32";"26.66";"6.92";0;23;157;157;57;25;397;3;15;3;6;224;200;176;250;426;0;61;304;21;6;6;0;304;73;21;"37";"38";"39";"26.66";"2.91";116;26;225;14;3;369;57;91;335;296;13;1;34;63;38;26;77;5;5;10;43;1;426;0;0;0;0;208;218;397;3;15;3;6;59;360;7;"2750";"3030";"3333.75";"2999.77";"533.52";50;301;27;11;413;"9.6";"1.1";408;0;231;2015;"MUNICIPIO";212;0;3;0;1;0;0;3;0;0;0;0;0;0;0;0;0;0;0;0;0;231;2015;"MUNICIPIO";"26.521";"0";60,3912673660335;7,45664943195807;7,04225352112676;42,5290615253757;0;7,04225352112676
"232";"431140";233;2015;"MUNICIPIO";78486;71445;34731;36714;13600;41709;16136;6605;21168;8941;232;2015;"MUNICIPIO";0;0,778;0;0;232;2015;"MUNICIPIO";1213;0;1212;13;0;226;300;352;192;39;4;0;1213;"24";"29";"34";"28.86";"6.41";1;31;299;490;281;111;1061;66;81;5;0;838;375;555;658;1213;0;122;1048;17;19;7;0;1048;148;17;"38";"39";"39";"28.86";"2.21";121;61;970;54;2;1021;192;387;826;1141;71;1;47;411;61;215;260;27;39;34;118;1;1211;1;0;1;0;633;580;1061;66;81;5;0;116;1024;73;"2890";"3250";"3575";"3194.56";"599.27";59;979;136;17;1194;"9.63";"0.77";1206;7;232;2015;"MUNICIPIO";482;0;8;0;0;0;0;12;0;1;0;0;0;0;0;0;0;0;0;0;0;232;2015;"MUNICIPIO";"74.528";"825";57,3034769463341;6,14122263843233;9,89282769991756;56,6893424036281;0;9,89282769991756
"233";"431142";234;2015;"MUNICIPIO";2588;2487;1253;1234;654;1198;635;343;583;NA;233;2015;"MUNICIPIO";0;0,613;0;0;233;2015;"MUNICIPIO";29;0;28;1;0;4;5;8;4;0;0;0;29;"19";"28";"32";"26.45";"7.51";0;2;13;10;3;1;28;0;0;0;0;19;10;13;16;29;0;3;26;0;0;0;0;26;3;0;"38";"39";"39";"26.45";"1.46";1;2;24;1;0;0;29;2;27;27;2;0;6;5;1;2;10;1;1;2;1;0;29;0;0;0;0;15;14;28;0;0;0;0;3;26;0;"2780";"3075";"3250";"3044.31";"393.71";4;21;2;0;29;"9.14";"0.52";29;0;233;2015;"MUNICIPIO";21;0;0;0;0;0;0;0;0;0;0;0;0;0;0;0;0;0;0;0;0;233;2015;"MUNICIPIO";"0";"0";49,7427101200686;8,11437403400309;0;0;0;0
"234";"431150";235;2015;"MUNICIPIO";7833;7679;3775;3904;1700;3793;2186;832;1929;1143;234;2015;"MUNICIPIO";0;0,699;0;0;234;2015;"MUNICIPIO";84;0;83;2;0;20;12;21;16;2;0;0;84;"21.75";"28";"34";"27.77";"7.1";0;4;37;31;10;2;60;10;14;0;0;20;64;33;51;84;0;8;75;0;1;0;0;75;9;0;"38";"39";"40";"27.77";"1.84";24;7;49;4;0;9;75;31;53;77;6;1;12;18;13;5;19;1;4;2;9;1;83;1;0;0;0;37;47;60;10;14;0;0;8;74;2;"2880";"3172.5";"3446.25";"3136.52";"510.63";5;75;2;0;83;"9.66";"0.55";83;1;234;2015;"MUNICIPIO";65;0;1;0;0;0;0;1;0;0;0;0;0;0;0;0;0;0;0;0;0;234;2015;"MUNICIPIO";"5.976";"0";43,5458786936236;8,2982254564024;11,9047619047619;51,8403317781234;0;11,9047619047619
"235";"431160";236;2015;"MUNICIPIO";5752;5780;2949;2831;1184;2870;1726;584;1364;NA;235;2015;"MUNICIPIO";0;0,685;0;0;235;2015;"MUNICIPIO";49;0;47;1;0;9;15;8;3;1;1;0;49;"20";"27";"30";"26.04";"6.93";1;4;11;22;7;4;40;0;0;9;0;33;16;26;23;49;0;5;44;0;0;0;0;44;5;0;"37";"38";"39";"26.04";"1.62";4;2;34;4;0;0;49;12;37;41;5;1;4;15;2;5;11;2;3;0;4;1;49;0;0;0;0;32;17;40;0;0;9;0;2;44;3;"2805";"3180";"3400";"3181.84";"462.86";6;38;5;1;48;"9.35";"0.75";46;0;235;2015;"MUNICIPIO";41;0;0;0;0;0;0;0;0;0;0;0;0;0;0;0;0;0;0;0;0;235;2015;"MUNICIPIO";"1.717";"0";35,9237536656892;7,12795549374131;0;0;0;0
"236";"431162";237;2015;"MUNICIPIO";5671;5227;2679;2548;1211;3115;901;580;1495;NA;236;2015;"MUNICIPIO";0;0,712;0;0;236;2015;"MUNICIPIO";83;0;83;5;0;18;19;21;9;2;0;0;83;"21";"27";"31";"26.73";"6.66";0;3;37;36;5;2;76;1;6;0;0;30;53;39;44;83;0;8;75;0;0;0;0;75;8;0;"38";"39";"40";"26.73";"1.8";19;2;61;1;0;0;83;22;61;76;5;2;5;29;10;10;18;3;2;0;4;2;83;0;0;0;0;44;39;76;1;6;0;0;7;71;5;"2990";"3250";"3705";"3305.48";"598.45";3;69;9;0;83;"9.71";"0.51";82;1;236;2015;"MUNICIPIO";32;0;0;0;0;0;0;1;0;0;0;0;0;0;0;0;0;0;0;0;0;236;2015;"MUNICIPIO";"0";"0";55,5183946488294;5,64274378416505;12,0481927710843;66,8896321070234;0;12,0481927710843
"237";"431164";238;2015;"MUNICIPIO";1703;1624;808;816;261;795;568;144;382;NA;237;2015;"MUNICIPIO";0;0,749;0;0;237;2015;"MUNICIPIO";11;0;11;0;0;0;2;2;4;2;0;0;11;"30.5";"35";"37.5";"33.45";"7.42";0;0;7;2;1;1;9;0;2;0;0;6;5;2;9;11;0;0;11;0;0;0;0;11;0;0;"37";"39";"39.5";"33.45";"1.43";3;1;7;0;0;0;11;1;10;11;0;0;1;1;1;2;6;0;0;0;0;0;11;0;0;0;0;6;5;9;0;2;0;0;0;11;0;"3010";"3260";"3452.5";"3248.18";"369.44";0;10;1;0;11;"9.55";"0.52";11;0;237;2015;"MUNICIPIO";9;0;0;0;0;0;0;0;0;0;0;0;0;0;0;0;0;0;0;0;0;237;2015;"MUNICIPIO";"1.703";"0";28,7958115183246;5,28479154433353;0;0;0;0
"238";"431170";239;2015;"MUNICIPIO";5649;5510;2757;2753;1189;2641;1680;571;1319;NA;238;2015;"MUNICIPIO";0;0,684;0;0;238;2015;"MUNICIPIO";74;0;73;2;0;19;16;12;15;2;0;0;74;"22";"27";"33.75";"27.49";"7.24";1;4;24;31;10;3;71;1;1;0;0;53;21;26;48;74;0;7;63;3;1;0;0;63;8;3;"38";"39";"39";"27.49";"1.81";4;3;65;1;0;1;73;26;48;73;0;0;10;15;14;8;19;0;0;2;5;0;72;2;0;0;0;34;40;72;1;1;0;0;12;59;3;"2700";"3017.5";"3311.25";"3007.23";"571.16";13;52;6;2;72;"9.43";"0.88";72;1;238;2015;"MUNICIPIO";43;0;2;0;0;0;0;2;0;0;0;0;0;0;0;0;0;0;0;0;0;238;2015;"MUNICIPIO";"1.519";"0";56,1031084154663;7,61196671977341;27,027027027027;151,630022744503;0;27,027027027027
"239";"431171";240;2015;"MUNICIPIO";4824;4738;2418;2320;1210;2481;1047;617;1227;476;239;2015;"MUNICIPIO";0;0,692;0;0;239;2015;"MUNICIPIO";35;0;35;1;0;10;7;8;1;1;0;0;35;"21";"24";"31";"25";"6.3";0;1;9;23;1;1;28;0;7;0;0;12;23;18;17;35;0;3;32;0;0;0;0;32;3;0;"38";"39";"39";"25";"1.46";2;2;20;6;0;0;35;3;32;33;2;0;4;12;1;7;6;1;1;0;3;0;35;0;0;0;0;15;20;28;0;7;0;0;4;29;2;"2737.5";"3115";"3540";"3126.71";"577.13";4;30;1;0;35;"9.83";"0.45";35;0;239;2015;"MUNICIPIO";16;0;0;0;0;0;0;0;0;0;0;0;0;0;0;0;0;0;0;0;0;239;2015;"MUNICIPIO";"3.676";"0";28,5248573757131;3,3167495854063;0;0;0;0
"240";"431173";241;2015;"MUNICIPIO";3083;3003;1551;1452;674;1562;767;345;734;373;240;2015;"MUNICIPIO";0;0,649;0;0;240;2015;"MUNICIPIO";39;0;38;0;0;12;5;11;4;2;0;0;39;"21.5";"28";"32";"27.31";"6.69";0;3;18;15;1;2;39;0;0;0;0;16;23;13;26;39;0;2;34;3;0;0;0;34;2;3;"38";"39";"40";"27.31";"1.58";3;1;35;0;0;0;39;12;27;39;0;0;3;9;6;9;10;0;0;1;1;0;38;1;0;0;0;23;16;39;0;0;0;0;2;34;3;"3067.5";"3330";"3547.5";"3327.31";"445.81";1;33;4;2;36;"9.24";"1.05";39;0;240;2015;"MUNICIPIO";20;0;0;0;0;0;0;0;0;0;0;0;0;0;0;0;0;0;0;0;0;240;2015;"MUNICIPIO";"2.86";"2.36";53,133514986376;6,48718780408693;0;0;0;0
"241";"431175";242;2015;"MUNICIPIO";7359;7072;3556;3516;1578;3540;1954;774;1789;953;241;2015;"MUNICIPIO";0;0,655;0;0;241;2015;"MUNICIPIO";75;0;75;1;0;13;21;22;5;0;0;0;75;"21";"29";"31.5";"26.59";"6.16";0;4;27;26;13;5;54;4;17;0;0;27;48;37;38;75;0;13;61;0;0;1;0;61;14;0;"37";"38";"39";"26.59";"2.23";24;2;45;4;0;0;75;15;60;69;6;0;5;21;6;11;14;4;2;0;12;0;75;0;0;0;0;36;39;54;4;17;0;0;12;61;2;"2825";"3065";"3277.5";"3016.8";"546.3";5;63;7;5;70;"8.69";"0.88";72;2;241;2015;"MUNICIPIO";46;0;2;0;0;0;0;4;0;0;0;0;0;0;0;0;0;0;0;0;0;241;2015;"MUNICIPIO";"5.522";"0";41,9228619340414;6,25084930017665;53,3333333333333;223,588596981554;0;53,3333333333333
"242";"431177";243;2015;"MUNICIPIO";7040;6905;3523;3382;1511;3361;2033;755;1644;NA;242;2015;"MUNICIPIO";0;0,682;0;0;242;2015;"MUNICIPIO";72;0;70;4;0;18;16;15;9;1;0;0;72;"21";"25.5";"31.25";"26.33";"6.76";1;8;28;25;7;3;69;1;1;1;0;20;51;32;40;72;0;8;60;0;2;1;0;60;11;0;"38";"39";"39";"26.33";"2.66";9;6;54;1;0;0;72;29;43;70;1;0;8;14;10;11;14;0;1;2;10;0;72;0;0;0;0;38;34;69;1;1;1;0;8;59;5;"2765";"3167.5";"3442.5";"3090.08";"645.32";4;60;5;3;69;"9.49";"1.33";69;2;242;2015;"MUNICIPIO";70;0;2;0;0;0;0;1;0;0;0;0;0;0;0;0;0;0;0;0;0;242;2015;"MUNICIPIO";"3.652";"0";43,7956204379562;9,94318181818182;13,8888888888889;60,8272506082725;0;13,8888888888889
"243";"431179";244;2015;"MUNICIPIO";2659;2527;1272;1255;437;1253;837;231;579;NA;243;2015;"MUNICIPIO";0;0,697;0;0;243;2015;"MUNICIPIO";25;0;25;0;0;6;7;9;2;0;0;0;25;"24";"29";"32";"28.2";"5";0;0;9;16;0;0;24;0;1;0;0;12;13;16;9;25;0;1;24;0;0;0;0;24;1;0;"38";"39";"40";"28.2";"1.29";6;0;19;0;0;0;25;5;20;24;1;0;6;10;0;2;5;0;1;0;1;0;25;0;0;0;0;15;10;24;0;1;0;0;0;22;3;"3270";"3435";"3760";"3558.8";"472.34";0;21;4;0;25;"9.6";"0.5";25;0;243;2015;"MUNICIPIO";22;0;0;0;0;0;0;0;0;0;0;0;0;0;0;0;0;0;0;0;0;243;2015;"MUNICIPIO";"0";"0";43,1778929188256;8,27378713802181;0;0;0;0
"244";"431180";245;2015;"MUNICIPIO";40174;36364;18030;18334;7293;21195;7876;3564;10549;4221;244;2015;"MUNICIPIO";0;0,774;0;0;244;2015;"MUNICIPIO";534;0;533;8;0;97;134;141;84;16;0;0;534;"24";"29";"33";"28.22";"6.43";0;5;118;230;153;28;513;10;11;0;0;478;55;286;248;534;0;58;454;10;6;6;0;454;70;10;"37";"38";"39";"28.22";"2.33";39;5;475;12;3;418;116;98;436;423;111;0;30;159;33;37;108;63;45;12;47;0;534;0;0;0;0;271;263;513;10;11;0;0;68;447;19;"2795";"3135";"3420";"3072.42";"588.49";44;428;49;12;522;"9.33";"0.89";528;5;244;2015;"MUNICIPIO";214;0;5;0;1;0;0;9;0;0;0;0;0;0;0;0;0;0;0;0;0;244;2015;"MUNICIPIO";"32.671";"0";50,6209119347806;5,32682829690845;16,8539325842697;85,3161437103043;0;16,8539325842697
"245";"431190";246;2015;"MUNICIPIO";5027;5134;2555;2579;957;2459;1718;461;1204;NA;245;2015;"MUNICIPIO";0;0,724;0;0;245;2015;"MUNICIPIO";34;0;34;0;0;8;6;5;5;4;0;0;34;"21";"26";"34.75";"27.91";"8.01";0;4;10;16;4;0;30;0;4;0;0;26;8;18;16;34;0;0;32;2;0;0;0;32;0;2;"38.25";"39";"40";"27.91";"1.26";4;3;24;2;0;2;32;16;18;33;1;0;8;10;5;2;8;0;1;0;0;0;34;0;0;0;0;22;12;30;0;4;0;0;1;32;1;"3092.5";"3355";"3575";"3320.29";"367.37";0;31;2;0;34;"9.32";"0.64";34;0;245;2015;"MUNICIPIO";34;0;0;0;0;0;0;0;0;0;0;0;0;0;0;0;0;0;0;0;0;245;2015;"MUNICIPIO";"2.992";"0";28,2392026578073;6,76347722299582;0;0;0;0
"246";"431198";247;2015;"MUNICIPIO";3920;3768;1970;1798;701;1798;1269;337;866;NA;246;2015;"MUNICIPIO";0;0,701;0;0;246;2015;"MUNICIPIO";39;0;37;0;0;6;13;7;3;2;0;0;39;"21";"26";"31.5";"26.92";"7.03";2;6;12;15;3;0;30;4;2;2;1;18;20;11;28;39;0;5;34;0;0;0;0;34;5;0;"38";"39";"39";"26.92";"1.34";12;0;23;3;1;1;38;20;19;37;2;0;4;5;9;1;13;1;1;2;3;0;37;1;0;1;0;20;19;30;4;2;2;1;3;31;5;"3020";"3400";"3640";"3331.56";"605.51";3;26;8;0;37;"9.16";"0.6";39;0;246;2015;"MUNICIPIO";34;0;0;0;0;0;0;0;0;1;0;0;0;0;0;0;0;0;0;0;0;246;2015;"MUNICIPIO";"674";"0";45,0346420323326;8,6734693877551;0;0;0;0
"247";"431200";248;2015;"MUNICIPIO";2211;2210;1133;1077;394;1102;714;185;527;NA;247;2015;"MUNICIPIO";0;0,73;0;0;247;2015;"MUNICIPIO";17;0;17;0;0;5;4;4;2;0;1;0;17;"22";"28";"32";"28.18";"7.49";0;1;4;6;5;1;17;0;0;0;0;13;4;9;8;17;0;0;16;0;1;0;0;16;1;0;"38";"39";"39";"28.18";"2.15";1;1;15;0;0;0;17;5;12;17;0;0;2;5;2;0;6;0;0;1;1;0;17;0;0;0;0;8;9;17;0;0;0;0;1;15;1;"2910";"3230";"3365";"3179.12";"537.25";0;15;1;0;17;"9.41";"0.51";17;0;247;2015;"MUNICIPIO";18;0;0;0;0;0;0;0;0;0;0;0;0;0;0;0;0;0;0;0;0;247;2015;"MUNICIPIO";"1.267";"0";32,258064516129;8,14111261872456;0;0;0;0
"248";"431205";249;2015;"MUNICIPIO";4167;4068;2039;2029;625;1892;1551;304;901;NA;248;2015;"MUNICIPIO";0;0,687;0;0;248;2015;"MUNICIPIO";46;0;45;0;0;10;13;10;5;3;0;0;46;"23";"28";"33.75";"27.96";"6.88";0;0;15;23;5;3;43;1;2;0;0;40;5;25;21;46;0;2;43;0;0;1;0;43;3;0;"38";"38";"39";"27.96";"2.43";5;2;35;4;0;32;14;8;38;31;14;1;5;9;1;2;12;8;6;0;2;1;46;0;0;0;0;25;21;43;1;2;0;0;3;41;2;"3036.25";"3252.5";"3455";"3222.5";"520.74";2;40;4;1;45;"9.7";"0.81";46;0;248;2015;"MUNICIPIO";57;0;1;0;0;0;0;1;0;0;0;0;0;0;0;0;0;0;0;0;0;248;2015;"MUNICIPIO";"1.275";"0";51,054384017758;13,678905687545;21,7391304347826;110,987791342952;0;21,7391304347826
"249";"431210";250;2015;"MUNICIPIO";5159;5111;2575;2536;987;2514;1610;513;1198;NA;249;2015;"MUNICIPIO";0;0,656;0;0;249;2015;"MUNICIPIO";41;0;41;1;0;10;8;10;5;1;0;0;41;"21";"26";"31";"26.63";"6.54";0;1;15;22;1;2;31;2;8;0;0;19;22;14;27;41;0;2;39;0;0;0;0;39;2;0;"38";"38";"39";"26.63";"1.56";8;1;30;1;0;2;39;18;23;40;1;0;5;8;6;10;9;0;1;0;2;0;41;0;0;0;0;20;20;31;2;8;0;0;2;35;4;"3050";"3315";"3625";"3342.56";"455.17";1;33;6;0;41;"9.63";"0.62";40;1;249;2015;"MUNICIPIO";53;0;0;0;0;0;0;0;0;0;0;0;0;0;0;0;0;0;0;0;0;249;2015;"MUNICIPIO";"2.469";"0";34,2237061769616;10,2733087807715;0;0;0;0
"250";"431213";251;2015;"MUNICIPIO";2567;2470;1292;1178;508;1251;711;238;602;NA;250;2015;"MUNICIPIO";0;0,727;0;0;250;2015;"MUNICIPIO";28;0;28;1;0;7;6;7;2;0;0;0;28;"21.5";"25.5";"31.25";"25.64";"6.61";0;2;9;12;4;1;18;0;1;9;0;16;12;11;17;28;0;2;26;0;0;0;0;26;2;0;"38";"38";"39";"25.64";"1.49";2;6;16;3;1;0;28;17;11;28;0;0;3;8;3;8;4;0;0;0;2;0;28;0;0;0;0;12;16;18;0;1;9;0;2;24;2;"2621.25";"3185";"3360";"3147.5";"545.12";4;19;5;0;28;"9.36";"0.56";28;0;250;2015;"MUNICIPIO";21;0;0;0;0;0;0;0;0;0;0;0;0;0;0;0;0;0;0;0;0;250;2015;"MUNICIPIO";"0";"0";46,5116279069767;8,18075574600701;0;0;0;0
"251";"431215";252;2015;"MUNICIPIO";4201;3865;1937;1928;734;2066;1065;351;1023;NA;251;2015;"MUNICIPIO";0;0,746;0;0;251;2015;"MUNICIPIO";54;0;54;0;0;12;9;15;9;5;0;0;54;"24";"31";"34.75";"29.59";"7.18";0;5;17;21;5;6;50;1;3;0;0;24;30;25;29;54;0;5;49;0;0;0;0;49;5;0;"38";"39";"39";"29.59";"1.6";3;4;46;1;0;0;54;9;45;49;5;0;5;14;2;10;12;2;3;2;4;0;54;0;0;0;0;30;24;50;1;3;0;0;5;45;4;"2966.25";"3337.5";"3593.75";"3251.63";"543.15";3;42;7;0;54;"9.46";"0.64";53;1;251;2015;"MUNICIPIO";38;0;1;0;0;0;0;1;0;0;0;0;0;0;0;0;0;0;0;0;0;251;2015;"MUNICIPIO";"4.201";"0";52,7859237536657;9,04546536538919;18,5185185185185;97,7517106549365;0;18,5185185185185
"252";"431217";253;2015;"MUNICIPIO";1798;1799;902;897;350;798;651;180;385;332;252;2015;"MUNICIPIO";0;0,717;0;0;252;2015;"MUNICIPIO";23;0;22;1;0;3;7;6;3;1;0;0;23;"24.5";"27";"32";"27.96";"6.8";0;2;7;8;3;3;20;0;3;0;0;17;6;9;14;23;0;2;21;0;0;0;0;21;2;0;"37.5";"38";"39";"27.96";"1.35";1;1;19;1;0;0;23;4;19;22;1;0;5;3;0;2;10;0;1;0;2;0;23;0;0;0;0;10;13;20;0;3;0;0;4;18;1;"2912.5";"3464";"3710";"3231.91";"625.94";3;15;5;1;22;"9.3";"0.7";23;0;252;2015;"MUNICIPIO";15;0;0;0;0;0;0;0;0;0;0;0;0;0;0;0;0;0;0;0;0;252;2015;"MUNICIPIO";"1.798";"0";59,7402597402597;8,34260289210234;0;0;0;0
"253";"431220";254;2015;"MUNICIPIO";4867;4911;2467;2444;993;2395;1523;473;1167;NA;253;2015;"MUNICIPIO";0;0,699;0;0;253;2015;"MUNICIPIO";49;0;49;0;0;16;13;10;2;1;0;0;49;"21";"25";"30";"25.73";"5.92";0;3;19;22;5;0;41;0;8;0;0;31;18;19;30;49;0;6;43;0;0;0;0;43;6;0;"38";"39";"39";"25.73";"1.48";11;2;36;0;0;21;28;14;35;46;3;0;9;6;6;4;14;1;1;3;5;0;49;0;0;0;0;22;27;41;0;8;0;0;2;46;1;"2900";"3160";"3500";"3181.73";"409.51";2;39;5;0;49;"9.51";"0.58";49;0;253;2015;"MUNICIPIO";40;0;0;0;0;0;0;0;0;0;0;0;0;0;0;0;0;0;0;0;0;253;2015;"MUNICIPIO";"3.116";"0";41,9880034275921;8,21861516334498;0;0;0;0
"254";"431225";255;2015;"MUNICIPIO";8011;7631;3778;3853;1856;3941;1834;903;1996;NA;254;2015;"MUNICIPIO";0;0,681;0;0;254;2015;"MUNICIPIO";112;0;112;3;0;28;27;19;9;4;0;0;112;"20";"25";"30";"25.71";"6.84";0;8;59;33;3;9;91;9;12;0;0;33;79;48;64;112;0;10;100;0;2;0;0;100;12;0;"38";"39";"39.25";"25.71";"1.78";38;10;52;8;2;1;111;48;64;110;2;0;12;33;16;15;23;1;0;4;8;0;111;0;1;0;0;55;57;91;9;12;0;0;11;94;7;"2943.75";"3237.5";"3611.25";"3236";"518.3";6;89;13;1;111;"9.37";"0.97";110;1;254;2015;"MUNICIPIO";65;0;0;0;1;0;0;1;0;0;0;0;0;0;0;0;0;0;0;0;0;254;2015;"MUNICIPIO";"8.011";"7.984";56,1122244488978;8,1138434652353;8,92857142857143;50,1002004008016;0;8,92857142857143
"255";"431230";256;2015;"MUNICIPIO";4982;4855;2413;2442;1061;2307;1487;518;1183;NA;255;2015;"MUNICIPIO";0;0,725;0;0;255;2015;"MUNICIPIO";61;0;61;1;0;9;18;12;8;3;0;0;61;"23";"27";"33";"27.48";"6.91";0;3;14;32;7;5;49;0;7;5;0;49;12;21;40;61;0;4;57;0;0;0;0;57;4;0;"38";"39";"40";"27.48";"1.68";3;4;47;6;1;0;61;21;40;59;2;0;7;10;11;8;19;1;1;0;4;0;61;0;0;0;0;33;28;49;0;7;5;0;6;51;4;"2950";"3300";"3535";"3238.31";"534.74";6;48;7;0;61;"9.48";"0.57";61;0;255;2015;"MUNICIPIO";28;0;0;0;0;0;0;0;0;0;0;0;0;0;0;0;0;0;0;0;0;255;2015;"MUNICIPIO";"2.999";"0";51,56382079459;5,62023283821758;0;0;0;0
"256";"431235";257;2015;"MUNICIPIO";1556;1542;794;748;225;744;573;109;339;NA;256;2015;"MUNICIPIO";0;0,764;0;0;256;2015;"MUNICIPIO";16;0;16;0;0;2;5;9;0;0;0;0;16;"26.5";"30";"32";"29.19";"3.41";0;0;1;10;4;1;16;0;0;0;0;16;0;9;7;16;0;2;13;0;1;0;0;13;3;0;"37";"38";"38.25";"29.19";"2.7";1;0;15;0;0;0;16;3;13;13;3;0;1;5;2;1;1;2;1;0;3;0;16;0;0;0;0;7;9;16;0;0;0;0;2;13;1;"2795";"3060";"3162.5";"2941.56";"726.67";1;13;2;0;16;"9.62";"0.5";16;0;256;2015;"MUNICIPIO";8;0;0;0;0;0;0;0;0;0;0;0;0;0;0;0;0;0;0;0;0;256;2015;"MUNICIPIO";"1.556";"0";47,1976401179941;5,1413881748072;0;0;0;0
"257";"431237";258;2015;"MUNICIPIO";3236;3102;1661;1441;778;1451;873;370;664;407;257;2015;"MUNICIPIO";0;0,65;0;0;257;2015;"MUNICIPIO";39;0;32;1;0;8;7;7;6;2;0;0;39;"20";"28";"33.5";"26.9";"7.75";0;3;22;11;1;2;29;0;10;0;0;29;10;16;23;39;0;3;29;2;0;0;0;29;3;2;"38";"39";"40";"26.9";"1.87";19;1;14;1;0;0;39;17;22;36;3;0;5;7;3;11;3;1;2;0;2;0;39;0;0;0;0;23;16;29;0;10;0;0;3;33;3;"2962.5";"3385";"3695";"3292.23";"616.76";2;27;4;0;37;"8.97";"0.6";37;2;257;2015;"MUNICIPIO";22;0;0;0;0;0;0;0;0;0;0;0;0;0;0;0;0;0;0;0;0;257;2015;"MUNICIPIO";"0";"0";58,7349397590361;6,79851668726823;0;0;0;0
"258";"431238";259;2015;"MUNICIPIO";2704;2670;1345;1325;340;1278;1052;168;597;560;258;2015;"MUNICIPIO";0;0,752;0;0;258;2015;"MUNICIPIO";21;0;21;0;0;1;4;9;5;1;1;0;21;"30";"33";"37";"33.05";"5.44";0;3;5;9;3;1;20;0;1;0;0;20;1;8;13;21;0;2;18;0;1;0;0;18;3;0;"37";"38";"39";"33.05";"2.11";2;2;17;0;0;0;21;3;18;21;0;0;3;4;1;4;6;0;0;0;3;0;21;0;0;0;0;11;10;20;0;1;0;0;4;16;1;"2925";"3280";"3685";"3179.76";"685.02";2;16;3;1;20;"8.9";"0.7";20;0;258;2015;"MUNICIPIO";20;0;0;0;0;0;0;0;0;0;0;0;0;0;0;0;0;0;0;0;0;258;2015;"MUNICIPIO";"2.704";"780";35,1758793969849;7,39644970414201;0;0;0;0
"259";"431240";260;2015;"MUNICIPIO";63216;59415;29245;30170;12549;32590;14276;6182;16228;7760;259;2015;"MUNICIPIO";0;0,755;0;0;259;2015;"MUNICIPIO";975;0;972;26;0;236;219;245;102;37;0;0;975;"22";"27";"32";"27.19";"6.72";1;38;304;441;134;57;788;64;119;1;3;385;588;436;539;975;0;90;864;9;8;4;0;864;102;9;"38";"39";"40";"27.19";"2.06";251;46;625;36;4;860;115;304;671;924;49;2;144;231;80;114;255;21;16;41;71;2;975;0;0;0;0;487;488;788;64;119;1;3;96;812;67;"2950";"3300";"3617.5";"3234.09";"611.65";54;763;112;14;959;"9.62";"0.9";965;10;259;2015;"MUNICIPIO";475;1;9;2;1;0;0;18;1;0;0;1;0;2;2;1;0;0;0;0;0;259;2015;"MUNICIPIO";"54.139";"0";60,0813408922849;7,513920526449;18,4615384615385;110,919398570372;6,13685179502915;18,4615384615385
"260";"431242";261;2015;"MUNICIPIO";2948;2749;1396;1353;596;1352;801;290;668;NA;260;2015;"MUNICIPIO";0;0,714;0;0;260;2015;"MUNICIPIO";35;0;35;0;0;9;9;10;1;2;0;0;35;"23.5";"27";"30.5";"27.2";"5.88";0;2;6;18;7;2;34;1;0;0;0;22;13;19;16;35;0;3;30;2;0;0;0;30;3;2;"38";"39";"40";"27.2";"1.51";5;3;25;0;0;0;35;13;22;32;2;1;4;11;4;6;4;2;0;0;3;1;35;0;0;0;0;18;17;34;1;0;0;0;2;30;3;"2795";"3110";"3450";"3171.86";"506.99";3;29;3;1;34;"9.74";"0.66";35;0;260;2015;"MUNICIPIO";14;0;0;0;0;0;0;0;0;0;0;0;0;0;0;0;0;0;0;0;0;260;2015;"MUNICIPIO";"0";"0";52,3952095808383;4,74898236092266;0;0;0;0
"261";"431244";262;2015;"MUNICIPIO";3193;3182;1617;1565;514;1703;965;251;840;NA;261;2015;"MUNICIPIO";0;0,711;0;0;261;2015;"MUNICIPIO";20;0;20;0;0;2;8;8;0;1;0;0;20;"25.75";"28.5";"33";"28.95";"5.29";0;0;8;6;6;0;20;0;0;0;0;14;6;10;10;20;0;5;15;0;0;0;0;15;5;0;"36.75";"38";"39";"28.95";"1.8";1;1;16;2;0;0;20;4;16;19;1;0;1;5;0;5;3;1;0;2;3;0;20;0;0;0;0;8;12;20;0;0;0;0;3;17;0;"2820";"3217.5";"3526.25";"3139.5";"527.87";0;17;1;2;18;"9.1";"1.17";20;0;261;2015;"MUNICIPIO";26;0;0;0;0;0;0;0;0;0;0;0;0;0;0;0;0;0;0;0;0;261;2015;"MUNICIPIO";"0";"0";23,8095238095238;8,14281240212966;0;0;0;0
"262";"431245";263;2015;"MUNICIPIO";6529;6227;3135;3092;1075;2955;2197;518;1462;NA;262;2015;"MUNICIPIO";0;0,702;0;0;262;2015;"MUNICIPIO";62;0;45;0;0;10;17;17;10;2;0;0;62;"24.25";"29";"33";"28.89";"6.2";0;4;18;29;7;3;50;4;1;0;0;34;27;27;35;62;0;8;48;0;1;0;0;48;9;0;"37";"39";"40";"28.89";"1.95";8;0;34;3;1;0;62;24;38;58;4;0;8;13;9;6;9;2;2;0;8;0;62;0;0;0;0;32;30;50;4;1;0;0;6;52;4;"2981.25";"3235";"3536.25";"3217.58";"562.72";2;49;6;0;62;"9.52";"0.62";58;0;262;2015;"MUNICIPIO";63;0;0;0;0;0;0;1;0;0;0;0;0;0;0;0;0;0;0;0;0;262;2015;"MUNICIPIO";"2.228";"2.1";42,4076607387141;9,64925716036146;16,1290322580645;68,3994528043776;0;16,1290322580645
"263";"431247";264;2015;"MUNICIPIO";6100;5676;2849;2827;968;3200;1508;471;1572;NA;263;2015;"MUNICIPIO";0;0,743;0;0;263;2015;"MUNICIPIO";59;0;56;0;0;6;16;16;12;6;0;0;59;"26.5";"31";"35";"30.88";"6.33";0;0;11;35;11;2;57;1;1;0;0;47;11;31;28;59;0;3;54;1;0;1;0;54;4;1;"38";"39";"40";"30.88";"2.14";8;4;45;2;0;0;59;15;44;54;5;0;3;24;2;10;10;3;1;3;3;0;59;0;0;0;0;31;28;57;1;1;0;0;3;54;2;"3005";"3235";"3520";"3244.97";"531.82";0;52;4;1;58;"9.49";"0.65";57;0;263;2015;"MUNICIPIO";34;0;1;0;0;0;0;0;0;0;0;0;0;0;0;0;0;0;0;0;0;263;2015;"MUNICIPIO";"3.559";"6";37,5318066157761;5,57377049180328;0;0;0;0
"264";"431250";265;2015;"MUNICIPIO";12720;12124;6187;5937;2713;6085;3326;1318;2995;NA;264;2015;"MUNICIPIO";0;0,664;0;0;264;2015;"MUNICIPIO";135;0;131;1;0;37;39;26;12;2;0;0;135;"22";"27";"31";"26.47";"6.02";0;16;49;56;10;4;105;16;14;0;0;55;79;43;92;135;0;13;120;1;0;0;0;120;13;1;"38";"39";"40";"26.47";"1.74";31;6;92;4;1;11;124;87;48;131;4;0;16;19;25;30;25;0;4;4;12;0;131;3;1;0;0;72;63;105;16;14;0;0;9;121;5;"2995";"3180";"3485";"3221.87";"467.99";7;114;9;3;131;"9.59";"0.69";135;0;264;2015;"MUNICIPIO";83;0;0;0;0;0;0;0;0;0;0;0;0;0;0;0;0;0;0;0;0;264;2015;"MUNICIPIO";"1.957";"0";45,0751252086811;6,5251572327044;0;0;0;0
"265";"431260";266;2015;"MUNICIPIO";4989;4791;2300;2491;789;2285;1717;388;1152;NA;265;2015;"MUNICIPIO";0;0,746;0;0;265;2015;"MUNICIPIO";47;0;47;0;0;7;7;17;9;3;0;0;47;"26";"32";"34.5";"30.17";"6.54";0;3;10;20;13;1;43;0;4;0;0;34;13;15;32;47;0;3;43;1;0;0;0;43;3;1;"38";"39";"40";"30.17";"1.48";8;1;36;2;0;31;16;11;36;37;3;1;4;6;4;3;17;2;1;0;3;1;47;0;0;0;0;24;23;43;0;4;0;0;4;42;1;"3090";"3335";"3500";"3256.38";"439.43";3;42;2;1;46;"9.81";"0.77";45;2;265;2015;"MUNICIPIO";52;0;0;0;0;0;0;0;0;0;0;0;0;0;0;0;0;0;0;0;0;265;2015;"MUNICIPIO";"4.195";"500";40,7986111111111;10,4229304469834;0;0;0;0
"266";"431261";267;2015;"MUNICIPIO";3137;2988;1535;1453;721;1514;753;375;721;NA;266;2015;"MUNICIPIO";0;0,702;0;0;266;2015;"MUNICIPIO";34;0;30;2;0;7;9;8;3;1;0;0;34;"21.25";"25.5";"31.75";"26.38";"6.99";0;1;15;15;3;0;29;3;2;0;0;26;8;17;17;34;0;2;29;1;0;0;0;29;2;1;"38";"39";"39";"26.38";"1.81";10;1;18;0;0;0;34;14;20;29;2;0;5;8;4;3;5;1;1;0;2;0;34;0;0;0;0;21;13;29;3;2;0;0;2;31;1;"2867.5";"3110";"3362.5";"3099.41";"453.03";4;26;1;1;32;"9.12";"0.65";34;0;266;2015;"MUNICIPIO";18;0;0;0;0;0;0;0;0;0;0;0;0;0;0;0;0;0;0;0;0;266;2015;"MUNICIPIO";"967";"300";47,1567267683773;5,73796620975454;0;0;0;0
"267";"431262";268;2015;"MUNICIPIO";1894;1813;923;890;391;929;493;194;455;NA;267;2015;"MUNICIPIO";0;0,689;0;0;267;2015;"MUNICIPIO";23;0;23;1;0;5;5;6;4;0;0;0;23;"22.5";"28";"33";"27.65";"6.6";0;4;7;7;3;2;13;0;0;10;0;17;5;6;17;23;0;6;14;2;1;0;0;14;7;2;"35.5";"38";"39";"27.65";"2.95";3;3;12;0;0;0;23;9;14;17;4;2;1;3;2;1;4;1;3;1;5;2;23;0;0;0;0;10;13;13;0;0;10;0;2;20;1;"2785";"3030";"3280";"3041.3";"464.4";0;18;4;1;22;"8.78";"1.17";23;0;267;2015;"MUNICIPIO";11;0;0;0;0;0;0;0;0;0;0;0;0;0;0;0;0;0;0;0;0;267;2015;"MUNICIPIO";"520";"0";50,5494505494505;5,8078141499472;0;0;0;0
"268";"431265";269;2015;"MUNICIPIO";16997;15936;7855;8081;2955;8794;4187;1415;4334;NA;268;2015;"MUNICIPIO";0;0,765;0;0;268;2015;"MUNICIPIO";256;0;256;3;0;55;60;65;39;9;1;0;256;"23";"28";"33";"28.11";"6.62";0;2;55;135;48;16;248;2;6;0;0;123;133;120;136;256;0;18;225;6;2;5;0;225;25;6;"38";"38";"39";"28.11";"2.56";45;5;198;7;1;213;43;53;203;241;15;0;16;75;24;25;69;8;7;17;15;0;256;0;0;0;0;128;128;248;2;6;0;0;40;211;5;"2721.25";"3137.5";"3362.5";"3006.45";"624.13";26;201;12;5;250;"9.44";"1.06";256;0;268;2015;"MUNICIPIO";130;0;4;0;0;0;0;5;0;0;0;0;0;0;0;0;0;0;0;0;0;268;2015;"MUNICIPIO";"15.805";"0";59,0678357175819;7,648408542684;19,53125;115,366866635902;0;19,53125
"269";"431267";270;2015;"MUNICIPIO";1757;1721;862;859;326;841;554;158;411;NA;269;2015;"MUNICIPIO";0;0,753;0;0;269;2015;"MUNICIPIO";25;0;25;0;0;9;5;4;2;1;0;0;25;"21";"24";"30";"25.84";"6.6";0;1;10;11;0;3;24;0;1;0;0;20;5;11;14;25;0;5;19;0;1;0;0;19;6;0;"37";"38";"39";"25.84";"2.17";2;4;19;0;0;0;25;13;12;21;4;0;3;3;0;9;1;2;2;0;5;0;25;0;0;0;0;15;10;24;0;1;0;0;4;19;2;"2645";"3070";"3420";"3049.6";"727.24";2;20;3;0;25;"9.36";"0.49";25;0;269;2015;"MUNICIPIO";14;0;0;0;0;0;0;0;0;0;0;0;0;0;0;0;0;0;0;0;0;269;2015;"MUNICIPIO";"1.726";"0";60,8272506082725;7,96812749003984;0;0;0;0
"270";"431270";271;2015;"MUNICIPIO";12295;12074;5932;6142;2857;6126;3091;1421;3103;1618;270;2015;"MUNICIPIO";0;0,702;0;0;270;2015;"MUNICIPIO";190;0;186;5;0;44;39;36;17;5;0;0;190;"19";"25";"30.75";"25.44";"6.93";3;11;77;64;25;8;136;9;15;30;0;123;56;89;101;190;0;16;160;3;6;2;0;160;24;3;"38";"38";"39";"25.44";"2.55";39;22;109;18;0;171;19;68;122;140;12;0;38;18;33;7;25;6;5;1;16;0;189;0;0;1;0;104;86;136;9;15;30;0;34;154;2;"2711.25";"3135";"3333.75";"2995.92";"581.54";29;148;8;6;184;"9.31";"0.9";188;2;270;2015;"MUNICIPIO";91;0;3;0;0;1;0;3;0;0;0;0;0;0;0;0;0;0;0;0;0;270;2015;"MUNICIPIO";"10.607";"0";61,2310667096358;7,40138267588451;15,7894736842105;96,6806316467934;0;15,7894736842105
"271";"431275";272;2015;"MUNICIPIO";3431;3182;1598;1584;649;1662;871;332;809;NA;271;2015;"MUNICIPIO";0;0,74;0;0;271;2015;"MUNICIPIO";41;0;41;0;0;6;14;10;8;2;0;0;41;"26";"29";"34";"29.83";"5.8";0;2;16;11;11;1;39;0;2;0;0;39;2;19;22;41;0;6;33;2;0;0;0;33;6;2;"37";"39";"39";"29.83";"1.84";3;0;38;0;0;0;41;8;33;36;5;0;4;9;2;1;13;4;1;2;5;0;41;0;0;0;0;19;22;39;0;2;0;0;5;34;2;"2730";"3155";"3330";"3097.32";"522.95";5;31;3;0;41;"9.54";"0.67";41;0;271;2015;"MUNICIPIO";12;0;0;0;0;0;0;0;0;0;0;0;0;0;0;0;0;0;0;0;0;271;2015;"MUNICIPIO";"3.431";"0";50,6798516687268;3,49752258816672;0;0;0;0
"272";"431280";273;2015;"MUNICIPIO";4385;4001;1957;2044;658;2236;1107;356;1097;NA;272;2015;"MUNICIPIO";0;0,785;0;0;272;2015;"MUNICIPIO";77;0;77;2;0;18;21;13;17;2;0;0;77;"24";"28";"34";"28.34";"6.55";0;1;19;40;13;4;56;5;16;0;0;40;37;34;43;77;0;7;70;0;0;0;0;70;7;0;"37";"38";"39";"28.34";"1.43";17;1;58;1;0;0;77;13;64;76;1;0;14;16;11;9;15;0;1;4;7;0;77;0;0;0;0;34;43;56;5;16;0;0;4;69;4;"2940";"3155";"3355";"3187.34";"424.38";3;64;6;0;77;"9.86";"0.35";76;1;272;2015;"MUNICIPIO";21;0;0;0;0;0;0;0;0;0;0;0;0;0;0;0;0;0;0;0;0;272;2015;"MUNICIPIO";"3.903";"0";70,1914311759344;4,78905359179019;0;0;0;0
"273";"431290";274;2015;"MUNICIPIO";9478;8840;4480;4360;1577;4750;2513;768;2262;NA;273;2015;"MUNICIPIO";0;0,747;0;0;273;2015;"MUNICIPIO";88;0;88;0;0;22;25;21;10;5;0;0;88;"24";"28";"33";"28.17";"6.07";0;2;21;45;15;5;73;0;15;0;0;70;18;36;52;88;0;9;71;7;1;0;0;71;10;7;"38";"39";"40";"28.17";"2.2";15;1;68;3;0;37;51;15;73;86;2;0;9;20;7;7;35;2;0;0;8;0;88;0;0;0;0;39;49;73;0;15;0;0;4;83;1;"2923.75";"3150";"3503.75";"3168.75";"441.34";3;76;7;1;87;"9.74";"0.54";87;1;273;2015;"MUNICIPIO";62;0;0;0;0;0;0;0;0;0;0;0;0;0;0;0;0;0;0;0;0;273;2015;"MUNICIPIO";"6.178";"0";38,9036251105217;6,54146444397552;0;0;0;0
"274";"431295";275;2015;"MUNICIPIO";1953;1960;981;979;279;962;719;130;468;NA;274;2015;"MUNICIPIO";0;0,768;0;0;274;2015;"MUNICIPIO";16;0;16;0;0;2;7;6;1;0;0;0;16;"27";"28.5";"31.25";"28.81";"3.9";0;0;0;8;6;2;16;0;0;0;0;13;3;10;6;16;0;1;15;0;0;0;0;15;1;0;"37";"38";"38";"28.81";"1";0;0;15;0;0;0;16;3;13;15;1;0;2;7;0;1;4;0;1;0;1;0;16;0;0;0;0;9;7;16;0;0;0;0;0;16;0;"2905";"3310";"3490";"3220.62";"392.43";0;13;3;0;16;"9.38";"0.5";16;0;274;2015;"MUNICIPIO";13;0;0;0;0;0;0;0;0;0;0;0;0;0;0;0;0;0;0;0;0;274;2015;"MUNICIPIO";"1.953";"0";34,1880341880342;6,65642601126472;0;0;0;0
"275";"431300";276;2015;"MUNICIPIO";3329;3184;1629;1555;515;1510;1159;247;703;NA;275;2015;"MUNICIPIO";0;0,778;0;0;275;2015;"MUNICIPIO";32;0;32;0;0;3;5;12;10;1;0;0;32;"28.75";"31.5";"36.25";"31.94";"5.86";0;3;9;15;5;0;29;1;2;0;0;27;5;13;19;32;0;2;28;2;0;0;0;28;2;2;"37";"38";"39.25";"31.94";"1.62";3;0;29;0;0;4;28;6;26;24;8;0;1;7;2;2;8;4;4;2;2;0;32;0;0;0;0;9;23;29;1;2;0;0;2;28;2;"2805";"3172.5";"3477.5";"3175.47";"479.52";1;27;2;0;32;"9.56";"0.62";32;0;275;2015;"MUNICIPIO";34;0;0;0;0;0;0;0;0;0;0;0;0;0;0;0;0;0;0;0;0;275;2015;"MUNICIPIO";"1.637";"0";45,5192034139403;10,2132772604386;0;0;0;0
"276";"431301";277;2015;"MUNICIPIO";2814;2751;1405;1346;439;1390;922;205;668;NA;276;2015;"MUNICIPIO";0;0,759;0;0;276;2015;"MUNICIPIO";27;0;27;0;0;9;4;8;3;1;1;0;27;"23";"29";"33.5";"28.89";"7.23";0;0;8;16;2;1;26;0;1;0;0;12;15;12;15;27;0;5;22;0;0;0;0;22;5;0;"38";"38";"39";"28.89";"2.06";0;1;24;2;0;0;27;4;23;26;1;0;1;8;3;2;7;1;0;0;5;0;27;0;0;0;0;13;14;26;0;1;0;0;2;24;1;"3090";"3500";"3765";"3386.11";"481.19";3;15;9;0;27;"9.22";"0.42";27;0;276;2015;"MUNICIPIO";21;0;0;0;0;0;0;0;0;0;0;0;0;0;0;0;0;0;0;0;0;276;2015;"MUNICIPIO";"2.814";"0";40,4191616766467;7,46268656716418;0;0;0;0
"277";"431303";278;2015;"MUNICIPIO";5048;4671;2306;2365;870;2549;1252;445;1288;NA;277;2015;"MUNICIPIO";0;0,735;0;0;277;2015;"MUNICIPIO";58;0;57;1;0;15;9;18;2;6;0;0;58;"22.25";"29";"32";"27.76";"7.13";0;1;17;32;6;2;53;2;2;0;0;24;34;23;35;58;0;2;55;0;0;1;0;55;3;0;"38";"39";"39";"27.76";"2.26";6;3;44;5;0;0;58;21;37;57;1;0;6;14;8;13;11;1;0;2;3;0;58;0;0;0;0;31;27;53;2;2;0;0;4;54;0;"3017.5";"3242.5";"3450";"3191.72";"525.17";1;53;2;0;58;"9.57";"0.53";57;1;277;2015;"MUNICIPIO";34;0;0;0;0;0;0;0;0;0;0;0;0;0;0;0;0;0;0;0;0;277;2015;"MUNICIPIO";"3.998";"0";45,0310559006211;6,73534072900159;0;0;0;0
"278";"431306";279;2015;"MUNICIPIO";20035;18346;9072;9274;4494;10724;3128;2262;5355;NA;278;2015;"MUNICIPIO";0;0,689;0;0;278;2015;"MUNICIPIO";257;0;252;2;0;63;59;73;21;8;1;0;257;"22";"28";"32";"27.39";"6.52";0;11;82;118;27;19;243;2;12;0;0;128;127;109;148;257;0;23;230;2;1;1;0;230;25;2;"38";"39";"40";"27.39";"2.03";45;14;185;4;0;0;257;93;164;245;12;0;32;56;26;36;70;8;3;2;24;0;257;0;0;0;0;124;133;243;2;12;0;0;32;213;12;"2795";"3130";"3440";"3103.72";"583.11";27;202;25;2;254;"9.27";"0.58";237;3;278;2015;"MUNICIPIO";91;0;1;0;0;0;0;3;0;0;0;0;0;0;0;0;0;0;0;0;0;278;2015;"MUNICIPIO";"0";"0";47,9925303454715;4,54205141003244;11,6731517509728;56,0224089635854;0;11,6731517509728
"279";"431308";280;2015;"MUNICIPIO";2557;2450;1258;1192;371;1205;874;188;555;NA;279;2015;"MUNICIPIO";0;0,761;0;0;279;2015;"MUNICIPIO";17;0;17;0;0;2;4;6;4;1;0;0;17;"27";"31";"35";"31.29";"5.05";0;1;2;9;4;1;16;0;1;0;0;13;4;10;7;17;0;2;14;0;1;0;0;14;3;0;"37";"38";"39";"31.29";"2.4";0;1;14;2;0;0;17;1;16;15;2;0;0;8;0;0;5;2;0;0;2;0;17;0;0;0;0;8;9;16;0;1;0;0;3;14;0;"2770";"3030";"3340";"3039.94";"518.07";2;14;1;1;16;"9.29";"0.77";17;0;279;2015;"MUNICIPIO";10;0;0;0;0;0;0;0;0;0;0;0;0;0;0;0;0;0;0;0;0;279;2015;"MUNICIPIO";"2.557";"0";30,6306306306306;3,91083300743058;0;0;0;0
"280";"431310";281;2015;"MUNICIPIO";6588;6342;3217;3125;1254;3293;1795;628;1582;NA;280;2015;"MUNICIPIO";0;0,744;0;0;280;2015;"MUNICIPIO";61;0;61;1;0;9;17;17;10;2;0;0;61;"25";"29";"34";"28.98";"6.14";0;2;11;29;14;5;52;2;7;0;0;38;23;27;34;61;0;9;50;2;0;0;0;50;9;2;"38";"39";"40";"28.98";"2.04";12;2;46;0;0;36;25;14;47;57;4;0;1;20;4;8;16;2;2;2;6;0;61;0;0;0;0;25;36;52;2;7;0;0;2;55;4;"3020";"3380";"3700";"3334.34";"503.87";2;43;13;0;61;"9.74";"0.51";61;0;280;2015;"MUNICIPIO";53;0;0;0;0;0;0;0;0;0;0;0;0;0;0;0;0;0;0;0;0;280;2015;"MUNICIPIO";"3.3";"0";38,558786346397;8,04493017607772;0;0;0;0
"281";"431320";282;2015;"MUNICIPIO";20416;19045;9370;9675;3253;10443;5349;1616;5230;2829;281;2015;"MUNICIPIO";0;0,78;0;0;281;2015;"MUNICIPIO";280;0;277;1;0;53;91;72;32;13;0;0;280;"24";"29";"33";"28.48";"5.85";0;6;65;123;60;25;267;4;7;0;0;173;105;132;148;280;0;23;253;3;1;0;0;253;24;3;"38";"38";"39";"28.48";"1.49";19;2;250;6;0;149;131;71;209;268;11;0;23;94;21;45;61;5;6;4;20;0;278;0;0;2;0;131;149;268;4;7;0;0;19;250;11;"2943.75";"3207.5";"3530";"3210.62";"490.95";17;230;28;5;275;"9.49";"0.77";277;0;281;2015;"MUNICIPIO";149;0;1;0;0;0;0;2;0;0;0;1;0;1;1;0;0;1;0;0;0;281;2015;"MUNICIPIO";"15.39";"0";53,5372848948375;7,29819749216301;7,14285714285714;38,2409177820268;9,57579239682084;7,14285714285714
"282";"431330";283;2015;"MUNICIPIO";25057;22830;11303;11527;4196;12940;5694;2035;6389;3103;282;2015;"MUNICIPIO";0;0,766;0;0;282;2015;"MUNICIPIO";328;0;326;6;0;61;75;79;61;10;0;0;328;"23";"29";"34";"28.3";"6.78";1;9;77;157;68;16;271;9;48;0;0;172;154;160;168;328;0;34;279;12;3;0;0;279;37;12;"37";"39";"40";"28.3";"1.91";49;19;249;9;1;272;56;39;289;315;12;1;94;42;37;13;90;5;7;4;35;1;327;0;0;1;0;172;156;271;9;48;0;0;33;288;7;"2847.5";"3185";"3456.25";"3116.93";"518.51";26;276;19;7;321;"9.73";"0.91";326;2;282;2015;"MUNICIPIO";157;0;1;0;0;0;0;2;0;0;0;0;0;0;0;0;0;0;0;0;0;282;2015;"MUNICIPIO";"22.83";"0";51,3382375958679;6,26571417168855;6,09756097560976;31,3038034121146;0;6,09756097560976
"283";"431333";284;2015;"MUNICIPIO";2440;2437;1246;1191;448;1231;758;214;598;NA;283;2015;"MUNICIPIO";0;0,742;0;0;283;2015;"MUNICIPIO";25;0;25;1;0;3;7;6;7;0;0;0;25;"25";"30";"35";"29.28";"6.79";0;2;3;13;7;0;24;0;1;0;0;24;1;10;15;25;0;1;24;0;0;0;0;24;1;0;"38";"39";"39";"29.28";"0.96";1;1;23;0;0;0;25;2;23;24;0;1;1;8;1;9;4;0;0;0;1;1;25;0;0;0;0;12;13;24;0;1;0;0;1;24;0;"2795";"3040";"3280";"3026.28";"349.51";2;23;0;0;25;"9.6";"0.5";24;1;283;2015;"MUNICIPIO";20;0;1;0;0;0;0;1;0;0;0;0;0;0;0;0;0;0;0;0;0;283;2015;"MUNICIPIO";"2.44";"0";41,8060200668896;8,19672131147541;40;167,224080267559;0;40
"284";"431335";285;2015;"MUNICIPIO";3564;3343;1708;1635;581;1721;1041;283;820;NA;284;2015;"MUNICIPIO";0;0,741;0;0;284;2015;"MUNICIPIO";28;0;28;0;0;3;7;9;5;1;0;0;28;"25";"30.5";"34";"29";"6.62";0;1;9;15;3;0;27;0;1;0;0;25;3;14;14;28;0;4;24;0;0;0;0;24;4;0;"37.75";"38.5";"39";"29";"2";1;2;25;0;0;0;28;1;27;28;0;0;1;12;0;3;8;0;0;0;4;0;28;0;0;0;0;15;13;27;0;1;0;0;2;26;0;"3058.75";"3205";"3360";"3191";"361.91";1;24;3;1;27;"9.43";"0.84";28;0;284;2015;"MUNICIPIO";25;0;1;0;0;0;0;0;0;0;0;0;0;0;0;0;0;0;0;0;0;284;2015;"MUNICIPIO";"1.655";"0";34,1463414634146;7,01459034792368;0;0;0;0
"285";"431337";286;2015;"MUNICIPIO";25700;22716;11441;11275;5814;12408;4494;2837;6183;2255;285;2015;"MUNICIPIO";0;0,718;0;0;285;2015;"MUNICIPIO";426;0;419;6;0;95;119;94;50;11;0;0;426;"22";"27";"32";"27.15";"6.36";0;15;147;192;34;38;363;25;38;0;0;156;270;163;263;426;0;38;380;2;5;1;0;380;44;2;"38";"39";"40";"27.15";"1.9";94;15;224;19;2;0;426;218;208;400;24;2;20;114;29;105;87;10;7;21;31;2;426;0;0;0;0;205;221;363;25;38;0;0;35;369;22;"2950";"3242.5";"3556.25";"3205.35";"545.4";13;342;48;5;421;"9.12";"0.59";421;2;285;2015;"MUNICIPIO";154;0;2;0;0;0;0;5;0;0;0;0;0;0;0;0;0;0;0;0;0;285;2015;"MUNICIPIO";"11.097";"0";68,8985929160602;5,99221789883268;11,7370892018779;80,8668930939673;0;11,7370892018779
"286";"431339";287;2015;"MUNICIPIO";4087;3855;1946;1909;749;1955;1151;353;979;NA;286;2015;"MUNICIPIO";0;0,706;0;0;286;2015;"MUNICIPIO";29;0;29;0;0;7;6;3;9;2;0;0;29;"22";"29";"38";"30.03";"7.72";0;3;13;11;2;0;26;2;1;0;0;17;12;11;18;29;0;4;25;0;0;0;0;25;4;0;"38";"39";"39";"30.03";"1.74";5;2;21;1;0;0;29;9;20;29;0;0;5;5;2;7;6;0;0;0;4;0;29;0;0;0;0;15;14;26;2;1;0;0;3;26;0;"2925";"3180";"3505";"3184.48";"511.73";0;25;4;1;28;"9.55";"0.78";29;0;286;2015;"MUNICIPIO";33;0;0;0;0;0;0;0;0;0;0;0;0;0;0;0;0;0;0;0;0;286;2015;"MUNICIPIO";"4.008";"0";29,6220633299285;8,07438218742354;0;0;0;0
"287";"431340";288;2015;"MUNICIPIO";248694;238940;115766;123174;51083;134353;53504;25052;68211;29911;287;2015;"MUNICIPIO";0;0,688;0;0;287;2015;"MUNICIPIO";3505;0;3489;52;0;833;838;776;430;87;7;0;3505;"21";"27";"32";"26.99";"6.65";2;119;1285;1365;460;274;3135;135;231;2;2;1279;2222;1540;1965;3505;0;331;3087;36;34;17;0;3087;382;36;"38";"39";"40";"26.99";"2.16";634;397;2341;94;12;3168;337;1870;1635;3340;159;6;407;875;482;591;622;82;61;81;298;6;3496;2;1;6;0;1805;1700;3135;135;231;2;2;308;3004;193;"2946";"3250";"3564";"3213.09";"562.65";175;2898;346;75;3420;"9.27";"0.87";3470;18;287;2015;"MUNICIPIO";1710;0;26;0;1;0;0;31;0;0;0;0;0;0;0;0;0;0;0;0;0;287;2015;"MUNICIPIO";"3.132";"618";51,3846740261835;6,87591980506164;8,84450784593438;45,447215258536;0;8,84450784593438
"288";"431342";289;2015;"MUNICIPIO";3828;3925;1948;1977;669;1808;1448;333;891;753;288;2015;"MUNICIPIO";0;0,747;0;0;288;2015;"MUNICIPIO";20;0;20;0;0;8;7;1;0;2;0;0;20;"23";"25";"27";"26";"6.36";0;3;5;10;0;2;20;0;0;0;0;10;10;8;12;20;0;1;17;1;1;0;0;17;2;1;"38.75";"39";"40";"26";"2.94";2;3;15;0;0;0;20;9;11;20;0;0;0;8;2;3;5;0;0;0;2;0;20;0;0;0;0;10;10;20;0;0;0;0;2;18;0;"2741.25";"3247.5";"3556.25";"3121.25";"684.57";2;15;2;2;18;"9.4";"0.99";20;0;288;2015;"MUNICIPIO";37;0;0;0;0;0;0;0;0;0;0;0;0;0;0;0;0;0;0;0;0;288;2015;"MUNICIPIO";"235.482";"12.493";22,4466891133558;9,66562173458725;0;0;0;0
"289";"431344";290;2015;"MUNICIPIO";2320;2277;1191;1086;471;1112;694;212;525;NA;289;2015;"MUNICIPIO";0;0,663;0;0;289;2015;"MUNICIPIO";22;0;22;0;0;4;10;2;3;1;0;0;22;"24.25";"28";"32";"28.14";"6.08";0;1;10;8;2;1;21;0;0;0;1;11;11;7;15;22;0;6;15;1;0;0;0;15;6;1;"36.25";"38";"39";"28.14";"2.29";2;0;18;2;0;0;22;6;16;18;4;0;1;3;5;1;4;2;2;2;2;0;22;0;0;0;0;13;9;21;0;0;0;1;6;14;2;"2486.25";"2990";"3428.75";"2988.86";"672.18";1;15;3;1;21;"9.5";"0.74";22;0;289;2015;"MUNICIPIO";19;0;0;0;0;0;0;0;0;0;0;0;0;0;0;0;0;0;0;0;0;289;2015;"MUNICIPIO";"1.785";"0";41,9047619047619;8,18965517241379;0;0;0;0
"290";"431346";291;2015;"MUNICIPIO";1795;1757;861;896;289;882;586;146;444;NA;290;2015;"MUNICIPIO";0;0,676;0;0;290;2015;"MUNICIPIO";23;0;23;0;0;7;5;7;2;1;0;0;23;"24";"28";"32";"28.04";"6.33";0;1;0;13;8;1;22;1;0;0;0;20;3;13;10;23;0;4;18;0;1;0;0;18;5;0;"37";"38";"38.5";"28.04";"2.71";0;1;19;2;0;0;23;5;18;23;0;0;0;10;0;2;6;0;0;0;5;0;23;0;0;0;0;10;13;22;1;0;0;0;3;20;0;"2820";"3150";"3460";"3055.87";"562.96";0;22;1;1;22;"9.52";"0.79";23;0;290;2015;"MUNICIPIO";13;0;0;0;0;0;0;0;0;0;0;0;0;0;0;0;0;0;0;0;0;290;2015;"MUNICIPIO";"2.32";"0";51,8018018018018;7,24233983286908;0;0;0;0
"291";"431349";292;2015;"MUNICIPIO";4160;3978;2032;1946;786;1982;1210;348;987;611;291;2015;"MUNICIPIO";0;0,767;0;0;291;2015;"MUNICIPIO";44;0;41;1;0;10;7;11;5;1;0;0;44;"21";"25.5";"31.25";"26.55";"6.93";0;1;12;20;9;2;44;0;0;0;0;27;17;22;22;44;0;4;40;0;0;0;0;40;4;0;"38";"38";"39";"26.55";"1.5";5;0;36;1;0;0;44;4;40;38;4;0;10;10;1;2;13;2;1;2;1;0;44;0;0;0;0;26;18;44;0;0;0;0;3;41;0;"2868.75";"3075";"3288.75";"3019.89";"446.86";4;36;2;4;40;"8.52";"1.93";43;0;291;2015;"MUNICIPIO";25;0;1;0;0;0;0;1;0;0;0;0;0;0;0;0;0;0;0;0;0;291;2015;"MUNICIPIO";"1.795";"0";44,5795339412361;6,00961538461539;22,7272727272727;101,317122593718;0;22,7272727272727
"292";"431350";293;2015;"MUNICIPIO";43897;40906;20157;20749;8748;22032;10126;4251;11040;5458;292;2015;"MUNICIPIO";0;0,751;0;0;292;2015;"MUNICIPIO";639;0;626;12;0;158;148;151;94;16;0;0;639;"23";"28";"32";"27.57";"6.48";1;24;145;318;103;48;570;38;24;2;0;280;355;270;369;639;0;49;573;3;4;7;0;573;60;3;"38";"39";"40";"27.57";"2.33";107;39;466;23;1;423;216;278;361;611;26;2;57;166;63;107;156;11;11;17;46;2;639;0;0;0;0;330;309;570;38;24;2;0;58;548;33;"2910";"3200";"3565";"3180.55";"598.29";35;521;60;10;629;"9.66";"0.67";631;5;292;2015;"MUNICIPIO";357;0;8;0;0;0;0;8;0;0;0;0;0;0;0;0;0;0;0;0;0;292;2015;"MUNICIPIO";"33.81";"192";57,8804347826087;8,13267421463881;12,5195618153365;72,463768115942;0;12,5195618153365
"293";"431360";294;2015;"MUNICIPIO";4221;4243;2111;2132;790;2067;1386;383;1033;NA;293;2015;"MUNICIPIO";0;0,706;0;0;293;2015;"MUNICIPIO";27;0;27;0;0;5;7;6;6;1;0;0;27;"24";"29";"34.5";"29";"7.1";0;1;10;10;6;0;27;0;0;0;0;24;3;12;15;27;0;4;22;0;1;0;0;22;5;0;"37.5";"39";"39.5";"29";"2.85";1;0;24;1;0;21;6;9;18;27;0;0;7;3;7;0;5;0;0;0;5;0;27;0;0;0;0;15;12;27;0;0;0;0;4;22;1;"2840";"3200";"3315";"3086.48";"839.14";2;23;2;1;26;"9.59";"1.19";27;0;293;2015;"MUNICIPIO";30;0;0;0;0;0;0;0;0;0;0;0;0;0;0;0;0;0;0;0;0;293;2015;"MUNICIPIO";"2.519";"0";26,1374636979671;7,10732054015636;0;0;0;0
"294";"431365";295;2015;"MUNICIPIO";11413;10969;5462;5507;2226;5327;3416;1092;2662;NA;294;2015;"MUNICIPIO";0;0,715;0;0;294;2015;"MUNICIPIO";122;0;116;3;0;28;30;30;10;3;0;0;122;"21";"26";"31";"26.39";"6.47";2;8;43;53;12;4;97;10;12;2;0;53;68;46;76;122;0;10;108;3;1;0;0;108;11;3;"38";"39";"40";"26.39";"2.1";30;5;75;10;0;3;119;68;54;115;7;0;15;24;24;17;26;4;1;2;9;0;118;1;1;2;0;57;65;97;10;12;2;0;11;105;6;"2902.5";"3237.5";"3545";"3199.56";"526.38";5;102;10;5;114;"9.55";"0.98";119;2;294;2015;"MUNICIPIO";89;0;2;0;1;0;0;3;0;0;0;0;0;0;0;0;0;0;0;0;0;294;2015;"MUNICIPIO";"3.128";"0";45,8302028549962;7,79812494523789;24,5901639344262;112,697220135237;0;24,5901639344262
"295";"431370";296;2015;"MUNICIPIO";34974;34328;16641;17687;7946;18124;8258;3949;9355;4383;295;2015;"MUNICIPIO";0;0,737;0;0;295;2015;"MUNICIPIO";525;0;510;15;0;121;129;108;53;8;0;0;525;"21";"26";"31";"26.11";"6.62";1;23;175;210;74;37;507;3;14;0;1;303;218;224;301;525;0;43;468;7;6;1;0;468;50;7;"38";"39";"39";"26.11";"1.81";47;9;441;16;1;468;57;42;483;487;23;2;68;124;29;38;177;12;9;14;39;2;525;0;0;0;0;282;242;507;3;14;0;1;50;459;16;"2825";"3090";"3370";"3075.78";"517.35";45;434;31;3;522;"9.11";"0.52";519;4;295;2015;"MUNICIPIO";218;0;3;0;0;0;0;4;0;0;0;0;0;0;0;0;0;0;0;0;0;295;2015;"MUNICIPIO";"32.59";"0";56,1197220737574;6,23320180705667;7,61904761904762;42,7578834847675;0;7,61904761904762
"296";"431380";297;2015;"MUNICIPIO";7170;6920;3494;3426;1388;3622;1910;652;1811;NA;296;2015;"MUNICIPIO";0;0,72;0;0;296;2015;"MUNICIPIO";103;0;103;4;0;17;32;21;14;3;0;0;103;"21.5";"27";"32";"27.35";"6.6";1;9;32;34;21;6;77;2;22;1;1;83;20;50;53;103;0;8;89;4;2;0;0;89;10;4;"38";"38";"39";"27.35";"1.9";10;4;86;3;0;93;10;15;88;96;6;1;8;33;6;21;20;4;2;2;6;1;103;0;0;0;0;46;57;77;2;22;1;1;6;93;4;"2902.5";"3185";"3435";"3140.73";"511.42";4;90;7;6;97;"8.86";"0.98";102;1;296;2015;"MUNICIPIO";52;0;1;0;0;0;0;1;0;0;0;0;0;0;0;0;0;0;0;0;0;296;2015;"MUNICIPIO";"5.636";"0";56,8746548868029;7,25244072524407;9,70873786407767;55,2181115405853;0;9,70873786407767
"297";"431390";298;2015;"MUNICIPIO";41148;38058;19013;19045;7934;21431;8693;3853;10522;4670;297;2015;"MUNICIPIO";0;0,761;0;0;297;2015;"MUNICIPIO";601;0;601;12;0;132;151;167;67;16;1;0;601;"23";"28";"33";"27.76";"6.4";0;14;121;313;107;46;486;8;107;0;0;368;233;251;350;601;0;43;553;1;4;0;0;553;47;1;"38";"39";"39";"27.76";"1.4";94;39;433;30;3;533;68;57;544;573;27;1;45;167;27;60;228;18;8;8;39;1;601;0;0;0;0;313;288;486;8;107;0;0;37;548;16;"2890";"3165";"3420";"3148.78";"460.79";48;507;38;4;597;"9.05";"0.44";598;3;297;2015;"MUNICIPIO";246;0;1;0;0;0;0;5;0;1;0;0;0;0;0;0;0;0;0;0;0;297;2015;"MUNICIPIO";"39.211";"0";57,1184185516062;5,97841936424614;8,31946755407654;47,5194829880251;0;8,31946755407654
"298";"431395";299;2015;"MUNICIPIO";9932;9895;4909;4986;2334;4909;2652;1171;2468;NA;298;2015;"MUNICIPIO";0;0,661;0;0;298;2015;"MUNICIPIO";110;0;109;2;0;28;24;22;11;3;0;0;110;"22";"26";"31";"26.32";"6.54";1;10;34;49;8;8;81;17;12;0;0;31;79;42;68;110;0;12;88;8;0;1;0;88;13;8;"38";"39";"40";"26.32";"2.37";19;5;77;5;1;0;110;49;61;106;4;0;13;22;12;23;23;2;2;0;12;0;109;0;0;1;0;59;51;81;17;12;0;0;8;97;5;"2920";"3210";"3567.5";"3193.14";"575.24";8;85;15;3;107;"9.08";"0.77";110;0;298;2015;"MUNICIPIO";100;0;0;0;0;0;0;1;0;0;0;0;0;0;0;0;0;0;0;0;0;298;2015;"MUNICIPIO";"7.922";"8.345";44,5705024311183;10,0684655658478;9,09090909090909;40,5186385737439;0;9,09090909090909
"299";"431400";300;2015;"MUNICIPIO";7309;6812;3451;3361;1203;3700;1909;600;1776;NA;299;2015;"MUNICIPIO";0;0,773;0;0;299;2015;"MUNICIPIO";72;0;72;0;0;14;23;14;11;4;0;0;72;"23.75";"28";"34";"28.56";"6.66";0;0;10;36;22;4;70;1;1;0;0;55;17;34;38;72;0;10;60;2;0;0;0;60;10;2;"37";"38";"39";"28.56";"1.72";11;1;60;0;0;50;22;14;58;64;8;0;9;17;1;10;16;3;3;9;4;0;72;0;0;0;0;38;34;70;1;1;0;0;14;57;1;"2730";"3097.5";"3460";"3030.49";"570.82";4;53;6;0;72;"9.62";"0.62";72;0;299;2015;"MUNICIPIO";42;0;0;0;0;0;0;0;0;0;0;0;0;0;0;0;0;0;0;0;0;299;2015;"MUNICIPIO";"4.907";"0";40,5405405405405;5,74634012860856;0;0;0;0
"300";"431402";301;2015;"MUNICIPIO";7648;7336;3694;3642;1364;3711;2261;650;1787;NA;300;2015;"MUNICIPIO";0;0,676;0;0;300;2015;"MUNICIPIO";71;0;70;2;0;11;17;18;9;1;0;0;71;"20.5";"27";"32";"26.9";"6.7";0;2;31;30;7;1;64;1;6;0;0;30;41;32;39;71;0;5;64;2;0;0;0;64;5;2;"38";"39";"40";"26.9";"1.78";21;6;31;9;2;5;66;36;35;67;4;0;8;21;9;10;15;1;1;4;2;0;70;0;0;1;0;34;37;64;1;6;0;0;4;63;4;"3017.5";"3410";"3665";"3352.37";"459.42";1;55;10;1;69;"9.44";"1.31";71;0;300;2015;"MUNICIPIO";69;0;2;0;0;0;0;1;0;0;0;0;0;0;0;0;0;0;0;0;0;300;2015;"MUNICIPIO";"6.24";"0";39,7313933967543;9,02196652719665;14,0845070422535;55,9597090095132;0;14,0845070422535
"301";"431403";302;2015;"MUNICIPIO";3725;3511;1784;1727;613;1903;995;292;919;NA;301;2015;"MUNICIPIO";0;0,749;0;0;301;2015;"MUNICIPIO";48;0;44;0;0;12;16;10;7;0;0;0;48;"22";"27.5";"30.25";"27.29";"5.72";0;2;8;29;3;6;45;0;2;0;1;25;23;25;23;48;0;4;43;0;1;0;0;43;5;0;"38";"39";"40";"27.29";"2.24";12;1;33;0;0;0;48;16;32;45;3;0;10;13;2;7;11;0;1;4;0;0;48;0;0;0;0;24;24;45;0;2;0;1;6;40;2;"2953.75";"3325";"3596.25";"3191.25";"662.16";2;37;5;1;45;"9.41";"1.38";48;0;301;2015;"MUNICIPIO";31;0;0;0;0;0;0;0;0;0;0;0;0;0;0;0;0;0;0;0;0;301;2015;"MUNICIPIO";"3.511";"0";52,2306855277476;8,32214765100671;0;0;0;0
"302";"431405";303;2015;"MUNICIPIO";55486;51502;25449;26053;12675;29940;8887;6266;15076;4711;302;2015;"MUNICIPIO";0;0,704;0;0;302;2015;"MUNICIPIO";778;0;776;13;0;226;178;163;82;17;1;0;778;"21";"26";"31";"26.62";"6.43";0;33;286;347;56;56;716;17;42;1;2;261;517;340;438;778;0;64;691;7;10;6;0;691;80;7;"38";"39";"40";"26.62";"2.14";133;63;520;42;9;520;258;216;562;740;31;5;66;227;31;112;229;11;16;20;61;5;777;0;0;1;0;392;385;716;17;42;1;2;67;667;44;"2915";"3232.5";"3533.75";"3192.03";"579.7";40;635;79;16;761;"9.46";"0.88";644;7;302;2015;"MUNICIPIO";341;0;9;0;0;0;0;12;0;0;1;0;0;1;1;0;0;1;0;0;0;302;2015;"MUNICIPIO";"25.914";"0";51,6052003183868;6,14569440940057;15,4241645244216;79,5967100026532;3,34001336005344;16,7095115681234
"303";"431406";304;2015;"MUNICIPIO";5491;5154;2678;2476;1237;2692;1225;585;1298;NA;303;2015;"MUNICIPIO";0;0,622;0;0;303;2015;"MUNICIPIO";37;0;37;1;0;7;5;6;9;3;0;0;37;"22";"29";"36";"28.62";"8.4";1;3;15;10;7;1;35;0;2;0;0;26;11;19;18;37;0;12;21;2;1;1;0;21;14;2;"35";"38";"40";"28.62";"3.33";4;0;31;2;0;0;37;8;29;33;3;1;5;4;1;6;5;2;1;2;10;1;37;0;0;0;0;14;23;35;0;2;0;0;5;27;5;"2635";"3025";"3280";"3011.08";"747.18";2;26;7;0;37;"9.81";"0.52";37;0;303;2015;"MUNICIPIO";36;0;1;0;0;0;0;2;0;0;0;0;0;0;0;0;0;0;0;0;0;303;2015;"MUNICIPIO";"785";"0";28,5053929121726;6,55618284465489;54,0540540540541;154,083204930663;0;54,0540540540541
"304";"431407";305;2015;"MUNICIPIO";6372;6011;2996;3015;1093;3146;1772;566;1535;NA;304;2015;"MUNICIPIO";0;0,698;0;0;304;2015;"MUNICIPIO";54;0;54;1;0;11;15;13;7;0;0;0;54;"23.25";"27";"32";"27.19";"6.05";0;3;19;17;11;4;43;3;8;0;0;24;30;26;28;54;0;2;51;0;1;0;0;51;3;0;"38";"39";"39";"27.19";"1.53";5;4;41;4;0;0;54;14;40;52;2;0;1;22;4;8;14;1;1;0;3;0;54;0;0;0;0;28;26;43;3;8;0;0;2;51;1;"2963.75";"3257.5";"3548.75";"3233.83";"428.27";1;50;3;0;54;"9.43";"0.66";54;0;304;2015;"MUNICIPIO";45;0;0;0;0;0;0;0;0;0;0;0;0;0;0;0;0;0;0;0;0;304;2015;"MUNICIPIO";"4.824";"0";35,1791530944625;7,06214689265537;0;0;0;0
"305";"431410";306;2015;"MUNICIPIO";196739;184826;88050;96776;39394;102834;42598;19278;53272;24226;305;2015;"MUNICIPIO";0;0,776;0;0;305;2015;"MUNICIPIO";2925;0;2923;54;0;706;649;662;391;74;4;0;2925;"22";"27";"32";"27.13";"6.71";2;65;810;1260;601;187;2613;16;286;8;2;2197;726;1308;1617;2925;0;345;2478;40;38;19;5;2478;407;40;"37";"38";"39";"27.13";"2.31";470;253;1890;276;33;2897;28;1111;1814;2772;146;6;57;1001;131;568;628;60;72;68;333;6;2924;0;0;1;0;1485;1440;2613;16;286;8;2;337;2500;88;"2810";"3120";"3420";"3077.54";"562.32";206;2449;182;87;2836;"9.29";"0.9";2908;16;305;2015;"MUNICIPIO";1372;0;17;1;0;0;0;25;0;0;0;0;0;0;0;0;0;0;0;0;0;305;2015;"MUNICIPIO";"196.739";"49.184";54,9068929268659;6,97370628091024;8,54700854700855;46,9289683135606;0;8,54700854700855
"306";"431413";307;2015;"MUNICIPIO";2297;2196;1126;1070;383;1046;767;188;499;NA;306;2015;"MUNICIPIO";0;0,71;0;0;306;2015;"MUNICIPIO";16;0;16;0;0;5;4;3;3;0;0;0;16;"23";"27";"32.25";"27.69";"6.12";0;0;5;7;4;0;13;0;3;0;0;13;3;7;9;16;0;1;15;0;0;0;0;15;1;0;"38.75";"39";"40";"27.69";"1.15";1;1;12;2;0;0;16;4;12;16;0;0;1;5;0;3;6;0;0;0;1;0;16;0;0;0;0;8;8;13;0;3;0;0;1;15;0;"2888.75";"3372.5";"3456.25";"3211.62";"444.36";1;15;0;0;16;"9.5";"0.52";16;0;306;2015;"MUNICIPIO";15;0;0;0;0;0;0;0;0;0;0;0;0;0;0;0;0;0;0;0;0;306;2015;"MUNICIPIO";"2.219";"0";32,064128256513;6,5302568567697;0;0;0;0
"307";"431415";308;2015;"MUNICIPIO";8437;8044;4050;3994;1556;4085;2403;782;1980;1232;307;2015;"MUNICIPIO";0;0,683;0;0;307;2015;"MUNICIPIO";93;0;92;1;0;19;27;20;10;8;0;0;93;"24";"28";"33";"28.4";"6.56";0;7;32;37;15;2;86;6;1;0;0;84;9;33;60;93;0;10;82;0;1;0;0;82;11;0;"38";"39";"39";"28.4";"1.66";16;2;73;0;0;0;93;23;70;88;5;0;20;12;16;7;24;1;4;2;7;0;93;0;0;0;0;51;42;86;6;1;0;0;7;83;3;"2875";"3240";"3495";"3178.82";"481.87";7;81;3;2;91;"9.56";"0.7";90;3;307;2015;"MUNICIPIO";63;0;0;0;0;0;0;0;0;0;0;0;0;0;0;0;0;0;0;0;0;307;2015;"MUNICIPIO";"1.76";"0";46,969696969697;7,46710916202442;0;0;0;0
"308";"431417";309;2015;"MUNICIPIO";2195;2212;1161;1051;535;1168;509;263;563;NA;308;2015;"MUNICIPIO";0;0,64;0;0;308;2015;"MUNICIPIO";25;0;20;1;0;7;6;7;1;1;0;0;25;"23";"28";"31";"27.24";"6.55";0;2;13;6;4;0;18;3;2;0;0;7;18;10;15;25;0;1;19;2;0;2;0;19;3;2;"37.75";"38.5";"40.25";"27.24";"4.88";7;2;12;0;0;0;25;9;16;24;1;0;5;2;3;3;7;0;0;1;3;0;25;0;0;0;0;8;17;18;3;2;0;0;3;21;1;"2895";"3095";"3645";"3052";"930.54";2;16;5;2;23;"9";"1.94";22;1;308;2015;"MUNICIPIO";11;0;0;0;0;0;0;1;0;0;0;0;0;0;0;0;0;0;0;0;0;308;2015;"MUNICIPIO";"811";"0";44,404973357016;5,01138952164009;40;177,619893428064;0;40
"309";"431420";310;2015;"MUNICIPIO";8011;7811;3826;3985;1640;3746;2425;793;1925;NA;309;2015;"MUNICIPIO";0;0,678;0;0;309;2015;"MUNICIPIO";91;0;68;2;0;22;24;19;9;3;0;0;91;"22";"27";"31";"26.9";"6.47";0;3;38;37;10;1;58;12;7;0;0;30;60;39;52;91;0;13;72;2;1;2;0;72;16;2;"37.25";"38";"39.75";"26.9";"3.08";16;8;47;5;0;0;91;32;59;87;3;1;20;9;19;6;17;1;0;5;12;1;91;0;0;0;0;42;49;58;12;7;0;0;17;72;2;"2750";"3130";"3555";"3045.38";"732.15";8;69;6;9;82;"9.18";"1.37";87;0;309;2015;"MUNICIPIO";78;0;0;2;0;0;0;2;0;0;0;0;0;0;0;0;0;0;0;0;0;309;2015;"MUNICIPIO";"7.787";"0";47,2727272727273;9,73661215828236;21,978021978022;103,896103896104;0;21,978021978022
"310";"431430";311;2015;"MUNICIPIO";4055;3973;2008;1965;749;2085;1139;371;1014;580;310;2015;"MUNICIPIO";0;0,741;0;0;310;2015;"MUNICIPIO";36;0;35;0;0;7;11;13;2;0;0;0;36;"24";"28";"32";"27.64";"5.44";0;1;7;20;6;2;34;0;2;0;0;30;6;18;18;36;0;2;34;0;0;0;0;34;2;0;"38";"38";"39";"27.64";"1.36";1;0;32;2;0;0;36;5;31;33;3;0;2;14;0;3;12;1;2;0;2;0;36;0;0;0;0;20;16;34;0;2;0;0;1;31;4;"2982.5";"3112.5";"3372.5";"3229.5";"493.33";1;29;6;0;36;"9.33";"0.63";36;0;310;2015;"MUNICIPIO";27;0;0;0;0;0;0;0;0;0;0;0;0;0;0;0;0;0;0;0;0;310;2015;"MUNICIPIO";"2.984";"0";35,5029585798817;6,65844636251541;0;0;0;0
"311";"431440";312;2015;"MUNICIPIO";342873;328275;154198;174077;65134;173146;89995;31999;90025;52053;311;2015;"MUNICIPIO";0;0,739;0;0;311;2015;"MUNICIPIO";4428;0;3109;76;0;1021;1050;1051;531;125;12;0;4428;"22";"27";"32";"27.22";"6.65";7;166;1432;1601;873;308;2932;524;231;3;1;1548;2837;2084;2344;4428;0;535;3447;85;72;21;3;3447;631;85;"37";"39";"40";"27.22";"2.46";740;238;2173;219;54;4376;52;1511;2917;4216;185;11;841;745;559;391;878;72;73;121;477;11;4418;0;0;10;0;2256;2172;2932;524;231;3;1;477;3741;210;"2870";"3200";"3516.25";"3151.53";"590.69";256;3343;419;146;4272;"9.41";"1.02";4004;27;311;2015;"MUNICIPIO";3203;5;30;6;7;0;0;64;5;4;1;1;0;7;7;1;0;1;1;0;0;311;2015;"MUNICIPIO";"323.638";"203.861";49,1863371285754;9,34165128196154;14,453477868112;71,0913635101361;4,04283090570963;14,6793134598013
"312";"431442";313;2015;"MUNICIPIO";5532;5182;2594;2588;892;2948;1342;425;1496;NA;312;2015;"MUNICIPIO";0;0,758;0;0;312;2015;"MUNICIPIO";48;0;48;0;0;8;13;13;11;0;0;0;48;"25";"29.5";"33.25";"29.02";"5.58";0;0;12;22;9;5;43;1;4;0;0;33;15;21;27;48;0;4;44;0;0;0;0;44;4;0;"38";"38";"39";"29.02";"1.2";8;2;38;0;0;0;48;5;43;43;5;0;1;17;4;6;12;1;3;2;2;0;48;0;0;0;0;26;22;43;1;4;0;0;2;42;4;"2943.75";"3287.5";"3552.5";"3267.5";"443.1";1;40;5;0;48;"9.56";"0.58";46;1;312;2015;"MUNICIPIO";41;0;0;0;0;0;0;0;0;0;0;0;0;0;0;0;0;0;0;0;0;312;2015;"MUNICIPIO";"4.856";"0";32,0855614973262;7,411424439624;0;0;0;0
"313";"431445";314;2015;"MUNICIPIO";2609;2513;1274;1239;500;1329;684;224;670;NA;313;2015;"MUNICIPIO";0;0,72;0;0;313;2015;"MUNICIPIO";35;0;34;1;0;9;10;5;5;1;0;0;35;"22";"27";"30";"26.83";"6.78";0;2;14;13;5;1;34;0;1;0;0;18;16;18;17;35;0;5;30;0;0;0;0;30;5;0;"37";"38";"39";"26.83";"1.67";5;1;27;0;0;0;35;8;27;33;1;1;2;12;3;1;10;0;1;1;4;1;35;0;0;0;0;13;22;34;0;1;0;0;4;31;0;"2785";"2960";"3242.5";"3022.29";"443.49";4;29;1;0;35;"9.71";"0.52";34;0;313;2015;"MUNICIPIO";9;0;0;0;0;0;0;0;0;0;0;0;0;0;0;0;0;0;0;0;0;313;2015;"MUNICIPIO";"2.525";"515";52,2388059701493;3,44959754695286;0;0;0;0
"314";"431446";315;2015;"MUNICIPIO";2126;2130;1110;1020;463;1004;663;224;486;NA;314;2015;"MUNICIPIO";0;0,65;0;0;314;2015;"MUNICIPIO";23;0;17;0;0;6;8;6;2;0;0;0;23;"22.5";"28";"32";"27.61";"5.57";0;2;7;9;3;2;21;0;2;0;0;19;4;9;14;23;0;1;17;2;1;0;0;17;2;2;"37";"38";"40";"27.61";"3.06";7;1;12;3;0;0;23;6;17;21;1;0;3;4;3;3;4;0;1;0;2;0;23;0;0;0;0;7;16;21;0;2;0;0;1;20;2;"2875";"3025";"3420";"3093.26";"669.41";1;16;2;0;20;"9.1";"0.55";23;0;314;2015;"MUNICIPIO";12;0;0;0;0;0;0;0;0;0;0;0;0;0;0;0;0;0;0;0;0;314;2015;"MUNICIPIO";"2.126";"0";47,3251028806584;5,64440263405456;0;0;0;0
"315";"431447";316;2015;"MUNICIPIO";4560;4471;2314;2157;980;2282;1209;486;1081;NA;315;2015;"MUNICIPIO";0;0,678;0;0;315;2015;"MUNICIPIO";42;0;41;3;0;9;7;13;5;3;0;0;42;"22.25";"29";"32.75";"28.1";"7.33";0;3;11;19;6;3;39;1;2;0;0;34;8;15;27;42;0;3;39;0;0;0;0;39;3;0;"37";"38";"39";"28.1";"1.25";5;0;36;0;0;29;13;9;33;38;4;0;6;8;5;4;13;1;3;0;2;0;42;0;0;0;0;22;20;39;1;2;0;0;1;39;2;"3051.25";"3242.5";"3597.5";"3281.79";"397.73";2;33;7;2;40;"9.6";"0.96";42;0;315;2015;"MUNICIPIO";27;0;0;0;0;0;0;0;0;0;0;0;0;0;0;0;0;0;0;0;0;315;2015;"MUNICIPIO";"0";"0";38,8529139685476;5,92105263157895;0;0;0;0
"316";"431449";317;2015;"MUNICIPIO";4761;4497;2277;2220;1003;2315;1179;494;1131;595;316;2015;"MUNICIPIO";0;0,71;0;0;316;2015;"MUNICIPIO";43;0;43;1;0;6;14;8;8;0;0;0;43;"23";"27";"31";"27.47";"6.27";1;2;16;21;2;1;34;2;7;0;0;36;7;16;27;43;0;4;38;1;0;0;0;38;4;1;"38";"39";"40";"27.47";"1.64";5;5;29;4;0;0;43;10;33;40;1;1;5;8;9;6;8;0;1;0;4;1;43;0;0;0;0;20;23;34;2;7;0;0;2;40;1;"3000";"3120";"3462.5";"3175.35";"429.49";1;37;4;1;42;"9.35";"0.69";43;0;316;2015;"MUNICIPIO";37;0;0;0;0;0;0;1;0;0;0;0;0;0;0;0;0;0;0;0;0;316;2015;"MUNICIPIO";"1.875";"0";38,0194518125553;7,7714765805503;23,2558139534884;88,4173297966401;0;23,2558139534884
"317";"431450";318;2015;"MUNICIPIO";12976;12780;6381;6399;2493;6447;3840;1224;3229;1946;317;2015;"MUNICIPIO";0;0,661;0;0;317;2015;"MUNICIPIO";107;0;90;2;0;28;27;14;7;2;1;0;107;"19";"24";"29";"24.97";"6.75";0;5;58;36;7;0;66;17;17;0;0;49;56;52;55;107;0;14;88;3;1;0;0;88;15;3;"38";"39";"40";"24.97";"2.3";22;7;62;6;0;2;105;49;58;103;4;0;26;14;21;7;21;2;1;4;10;0;103;4;0;0;0;55;52;66;17;17;0;0;15;89;3;"2752.5";"3200";"3507.5";"3094.86";"631.49";12;83;7;2;103;"9.21";"0.72";99;2;317;2015;"MUNICIPIO";149;0;1;0;1;0;0;5;0;0;0;0;0;0;0;0;0;0;0;0;0;317;2015;"MUNICIPIO";"9.863";"9.784";33,137194177764;11,4827373612824;46,7289719626168;154,846701765252;0;46,7289719626168
"318";"431455";319;2015;"MUNICIPIO";2678;2757;1398;1359;499;1286;972;242;632;NA;318;2015;"MUNICIPIO";0;0,669;0;0;319;2015;"MUNICIPIO";17;0;17;0;0;7;3;5;1;0;0;0;17;"22";"25";"32";"26.59";"5.66";0;0;4;9;1;3;16;0;1;0;0;12;5;6;11;17;0;1;15;1;0;0;0;15;1;1;"38";"39";"40";"26.59";"1.75";1;2;12;2;0;0;17;10;7;16;1;0;3;3;4;3;2;0;1;0;1;0;17;0;0;0;0;11;6;16;0;1;0;0;1;15;1;"3040";"3490";"3650";"3310.59";"496.97";1;13;2;0;17;"10";"0";17;0;319;2015;"MUNICIPIO";19;0;0;0;0;0;0;0;0;0;0;0;0;0;0;0;0;0;0;0;0;319;2015;"MUNICIPIO";"2.671";"0";26,8987341772152;7,09484690067214;0;0;0;0
"319";"431460";320;2015;"MUNICIPIO";20712;19841;10108;9733;3996;9603;6242;1930;4650;3153;319;2015;"MUNICIPIO";0;0,658;0;0;320;2015;"MUNICIPIO";178;0;166;4;0;47;39;41;21;4;0;0;178;"21";"26";"32.75";"26.9";"6.64";1;10;83;62;15;7;144;10;22;0;0;122;55;68;110;178;0;11;164;1;0;1;0;164;12;1;"38";"39";"40";"26.9";"2.06";45;11;103;6;0;118;60;81;97;172;5;0;35;28;30;16;50;2;1;4;10;0;177;1;0;0;0;87;90;144;10;22;0;0;23;151;4;"2786.25";"3170";"3433.75";"3060.87";"609.46";25;138;9;15;162;"8.87";"1.22";172;2;320;2015;"MUNICIPIO";185;0;4;0;0;0;0;4;0;0;0;0;0;0;0;0;0;0;0;0;0;320;2015;"MUNICIPIO";"11.973";"0";38,2795698924731;8,93202008497489;22,4719101123595;86,0215053763441;0;22,4719101123595
"320";"431470";321;2015;"MUNICIPIO";10678;10524;5209;5315;2261;5266;2997;1117;2612;1586;320;2015;"MUNICIPIO";0;0,687;0;0;321;2015;"MUNICIPIO";127;0;127;5;0;32;29;32;9;2;0;0;127;"21";"26";"31.5";"26.09";"6.41";2;2;50;56;16;1;96;1;4;26;0;98;29;55;72;127;0;12;109;5;1;0;0;109;13;5;"38";"39";"40";"26.09";"2.02";34;10;80;3;0;102;25;35;92;94;7;23;13;21;13;13;19;4;3;4;11;23;127;0;0;0;0;65;62;96;1;4;26;0;15;108;4;"2950";"3270";"3600";"3198.35";"574.79";8;101;14;2;125;"9.55";"0.8";127;0;321;2015;"MUNICIPIO";86;0;2;0;0;0;0;2;0;0;0;0;0;0;0;0;0;0;0;0;0;321;2015;"MUNICIPIO";"7.594";"0";48,6217457886677;8,05394268589624;15,748031496063;76,5696784073507;0;15,748031496063
"321";"431475";322;2015;"MUNICIPIO";2104;2017;1023;994;341;948;728;164;451;NA;321;2015;"MUNICIPIO";0;0,744;0;0;322;2015;"MUNICIPIO";20;0;20;0;0;4;9;4;2;0;0;0;20;"25.5";"28";"31.25";"27.7";"5.02";0;0;7;11;1;1;19;0;0;0;1;19;1;11;9;20;0;1;19;0;0;0;0;19;1;0;"37.75";"38.5";"39";"27.7";"1.23";0;0;20;0;0;0;20;3;17;19;1;0;8;2;2;1;5;0;1;0;1;0;20;0;0;0;0;15;5;19;0;0;0;1;2;18;0;"2943.75";"3287.5";"3537.5";"3222";"436.14";1;19;0;1;19;"9.6";"1.14";20;0;322;2015;"MUNICIPIO";16;0;0;0;0;0;0;1;0;0;0;0;0;0;0;0;0;0;0;0;0;322;2015;"MUNICIPIO";"2.104";"0";44,3458980044346;7,60456273764259;50;221,729490022173;0;50
"322";"431477";323;2015;"MUNICIPIO";3986;3857;1984;1873;854;2039;964;407;1006;460;322;2015;"MUNICIPIO";0;0,725;0;0;323;2015;"MUNICIPIO";49;0;49;0;0;14;12;11;5;1;0;0;49;"22";"26";"31";"26.9";"6.21";0;1;17;22;4;5;43;0;6;0;0;34;15;18;31;49;0;5;43;0;1;0;0;43;6;0;"38";"39";"39";"26.9";"1.93";6;4;35;3;1;0;49;17;32;47;2;0;2;13;2;10;14;1;1;0;6;0;49;0;0;0;0;26;23;43;0;6;0;0;4;42;3;"2980";"3210";"3460";"3200.31";"550.9";2;43;4;3;46;"9.18";"0.91";49;0;323;2015;"MUNICIPIO";22;0;1;0;0;0;0;1;0;0;0;0;0;0;0;0;0;0;0;0;0;323;2015;"MUNICIPIO";"0";"0";48,7077534791252;5,51931761164074;20,4081632653061;99,403578528827;0;20,4081632653061
"323";"431478";324;2015;"MUNICIPIO";1730;1750;924;826;252;847;651;113;385;NA;323;2015;"MUNICIPIO";0;0,725;0;0;324;2015;"MUNICIPIO";16;0;16;0;0;3;3;5;2;1;0;0;16;"23";"30";"34";"29";"7.2";0;0;3;8;3;2;16;0;0;0;0;13;3;9;7;16;0;2;14;0;0;0;0;14;2;0;"37";"39.5";"40";"29";"1.78";1;3;11;1;0;0;16;4;12;15;1;0;2;5;2;2;2;1;0;0;2;0;16;0;0;0;0;9;7;16;0;0;0;0;2;14;0;"2621.25";"2792.5";"3391.25";"2944.38";"457.19";3;13;0;0;16;"9.31";"0.7";16;0;324;2015;"MUNICIPIO";18;0;0;0;0;0;0;0;0;0;0;0;0;0;0;0;0;0;0;0;0;324;2015;"MUNICIPIO";"1.73";"165";41,5584415584416;10,4046242774566;0;0;0;0
"324";"431480";325;2015;"MUNICIPIO";33994;30920;15515;15405;7034;17355;6531;3416;8629;NA;324;2015;"MUNICIPIO";0;0,713;0;0;325;2015;"MUNICIPIO";441;0;436;8;0;95;109;93;56;14;1;0;441;"21";"27";"33";"27.13";"6.87";0;18;179;179;40;25;411;7;23;0;0;189;251;201;240;441;0;36;397;5;2;1;0;397;39;5;"38";"39";"40";"27.13";"1.87";95;39;281;15;0;1;440;195;246;419;21;1;51;128;54;60;86;10;10;8;33;1;440;0;0;1;0;249;192;411;7;23;0;0;26;376;39;"2984";"3290";"3680";"3300.41";"566.6";18;341;73;18;420;"9.23";"0.82";437;2;325;2015;"MUNICIPIO";224;0;1;0;0;0;0;5;0;0;0;0;0;0;0;0;0;0;0;0;0;325;2015;"MUNICIPIO";"12.985";"0";51,1067331092827;6,5893981290816;11,3378684807256;57,9441418472592;0;11,3378684807256
"325";"431490";326;2015;"MUNICIPIO";1476867;1409351;653787;755564;264269;758156;386926;129996;395012;230556;325;2015;"MUNICIPIO";0;0,805;0;0;326;2015;"MUNICIPIO";19724;0;19661;317;0;4070;4057;4898;3252;725;50;2;19724;"22";"28";"33";"28.07";"6.94";32;516;5246;7598;4859;1470;14718;2888;2068;28;17;8979;10740;8800;10924;19724;0;1878;17412;135;154;129;2;17412;2163;135;"38";"39";"40";"28.07";"2.14";4129;995;12857;1072;331;19582;142;9900;9824;18594;1067;49;2660;4693;3044;2434;3757;433;461;581;1595;49;19626;18;10;70;0;10128;9595;14718;2888;2068;28;17;1830;16822;1068;"2903.5";"3230";"3550";"3190.21";"575.2";1113;15952;2008;500;19136;"9.26";"0.87";19447;269;326;2015;"MUNICIPIO";11328;2;101;13;8;0;0;183;2;4;0;5;0;7;7;2;1;3;0;1;0;326;2015;"MUNICIPIO";"0";"0";49,9326602736119;7,67029123137019;9,27803690934902;46,3277065000557;0,923292831554456;9,27803690934902
"326";"431500";327;2015;"MUNICIPIO";5313;5413;2698;2715;871;2452;2090;427;1215;NA;326;2015;"MUNICIPIO";0;0,693;0;0;327;2015;"MUNICIPIO";36;0;36;1;0;7;10;5;1;1;1;0;36;"18.75";"24.5";"29";"25.22";"7.27";0;2;13;16;2;3;34;0;2;0;0;23;13;18;18;36;0;3;33;0;0;0;0;33;3;0;"38";"39";"39";"25.22";"1.3";8;3;23;2;0;0;36;3;33;36;0;0;6;12;1;4;10;0;0;2;1;0;36;0;0;0;0;20;16;34;0;2;0;0;2;32;2;"3038.75";"3425";"3658.75";"3327.5";"468.8";0;28;6;1;35;"9.19";"0.98";36;0;327;2015;"MUNICIPIO";40;0;0;0;0;0;0;0;0;0;0;0;0;0;0;0;0;0;0;0;0;327;2015;"MUNICIPIO";"2.598";"0";29,6296296296296;7,52870318087709;0;0;0;0
"327";"431505";328;2015;"MUNICIPIO";2557;2542;1264;1278;440;1205;897;227;600;451;327;2015;"MUNICIPIO";0;0,698;0;0;328;2015;"MUNICIPIO";20;0;20;0;0;8;5;4;1;1;0;0;20;"21.75";"25.5";"30.25";"26.35";"6.29";0;1;8;8;2;1;10;1;9;0;0;6;14;10;10;20;0;1;19;0;0;0;0;19;1;0;"38";"39";"39";"26.35";"1.19";0;4;13;3;0;0;20;5;15;20;0;0;1;8;2;4;4;0;0;0;1;0;20;0;0;0;0;10;10;10;1;9;0;0;1;18;1;"3067.5";"3387.5";"3738.75";"3369.85";"488.66";1;18;1;0;20;"9.15";"0.88";20;0;328;2015;"MUNICIPIO";23;0;0;0;0;0;0;0;0;0;0;0;0;0;0;0;0;0;0;0;0;328;2015;"MUNICIPIO";"2.503";"0";33,3333333333333;8,99491591709034;0;0;0;0
"328";"431507";329;2015;"MUNICIPIO";1733;1852;936;916;333;802;717;158;397;NA;328;2015;"MUNICIPIO";0;0,69;0;0;329;2015;"MUNICIPIO";14;0;14;0;0;3;3;0;4;1;0;0;14;"23.25";"26";"35.75";"27.93";"8.11";0;1;2;11;0;0;14;0;0;0;0;7;7;5;9;14;0;0;14;0;0;0;0;14;0;0;"39";"39";"39.75";"27.93";"0.8";6;1;6;0;1;0;14;7;7;14;0;0;1;4;5;2;2;0;0;0;0;0;14;0;0;0;0;6;8;14;0;0;0;0;0;11;3;"3258.75";"3457.5";"3825";"3490.71";"471.81";0;11;3;0;14;"9.79";"0.43";14;0;329;2015;"MUNICIPIO";15;0;0;0;0;0;0;0;0;0;0;0;0;0;0;0;0;0;0;0;0;329;2015;"MUNICIPIO";"1.733";"347";35,264483627204;8,65551067512983;0;0;0;0
"329";"431510";330;2015;"MUNICIPIO";10758;10558;5300;5258;2219;5352;2987;1099;2664;1495;329;2015;"MUNICIPIO";0;0,723;0;0;330;2015;"MUNICIPIO";142;0;135;1;0;38;36;36;15;3;0;0;142;"22";"27";"32";"27.27";"6.24";0;8;37;74;19;4;124;0;17;0;1;106;36;59;83;142;0;11;122;7;2;0;0;122;13;7;"38";"39";"39";"27.27";"2.04";17;7;103;8;0;110;32;43;99;137;5;0;24;27;19;17;38;2;2;2;11;0;142;0;0;0;0;75;67;124;0;17;0;1;11;118;13;"2992.5";"3300";"3560";"3259.22";"567.76";12;102;22;2;140;"9.82";"0.57";141;1;330;2015;"MUNICIPIO";108;0;1;0;0;0;0;0;0;0;0;0;0;0;0;0;0;0;0;0;0;330;2015;"MUNICIPIO";"5.585";"0";53,3033033033033;10,0390407138873;0;0;0;0
"330";"431513";331;2015;"MUNICIPIO";1847;1875;953;922;347;866;662;152;428;NA;330;2015;"MUNICIPIO";0;0,715;0;0;331;2015;"MUNICIPIO";21;0;21;0;0;5;5;4;5;0;0;0;21;"23";"29";"34";"28.19";"6.29";0;3;6;6;5;1;18;0;3;0;0;17;4;10;11;21;0;1;20;0;0;0;0;20;1;0;"38";"39";"39";"28.19";"1.6";1;1;16;2;0;0;21;6;15;21;0;0;2;7;4;2;5;0;0;0;1;0;21;0;0;0;0;12;9;18;0;3;0;0;2;17;2;"3035";"3320";"3610";"3331.43";"511.3";2;16;3;2;19;"8.52";"1.83";21;0;331;2015;"MUNICIPIO";19;0;0;0;0;0;0;0;0;0;0;0;0;0;0;0;0;0;0;0;0;331;2015;"MUNICIPIO";"0";"0";49,0654205607477;10,286951813752;0;0;0;0
"331";"431514";332;2015;"MUNICIPIO";2705;2484;1310;1174;434;1385;665;212;638;NA;331;2015;"MUNICIPIO";0;0,757;0;0;332;2015;"MUNICIPIO";24;0;24;0;0;5;5;9;3;0;0;0;24;"23.75";"29.5";"33.25";"28.67";"6.23";0;0;4;12;5;3;24;0;0;0;0;13;11;10;14;24;0;1;23;0;0;0;0;23;1;0;"38";"38";"39.25";"28.67";"1.14";1;0;21;1;1;0;24;4;20;24;0;0;2;8;4;1;8;0;0;0;1;0;24;0;0;0;0;10;14;24;0;0;0;0;1;23;0;"2897.5";"3310";"3556.25";"3241";"449.04";0;22;2;1;23;"9.79";"0.66";24;0;332;2015;"MUNICIPIO";26;0;0;0;0;0;0;0;0;0;0;0;0;0;0;0;0;0;0;0;0;332;2015;"MUNICIPIO";"2.657";"0";37,6175548589342;9,61182994454714;0;0;0;0
"332";"431515";333;2015;"MUNICIPIO";6372;6163;3183;2980;1206;3264;1693;591;1541;848;332;2015;"MUNICIPIO";0;0,683;0;0;333;2015;"MUNICIPIO";52;0;52;0;0;16;10;10;8;0;0;0;52;"21";"26";"32.25";"26.62";"6.52";0;3;22;18;9;0;49;0;3;0;0;50;2;21;31;52;0;1;48;2;1;0;0;48;2;2;"38";"39";"39";"26.62";"1.75";5;5;36;4;0;45;7;12;40;47;3;2;7;9;5;10;12;2;1;2;2;2;52;0;0;0;0;27;25;49;0;3;0;0;3;45;4;"3135";"3337.5";"3603.75";"3323.56";"514.12";2;40;8;1;51;"9.02";"0.73";52;0;333;2015;"MUNICIPIO";58;0;0;0;0;0;0;0;0;0;0;0;0;0;0;0;0;0;0;0;0;333;2015;"MUNICIPIO";"1.937";"0";33,7443218689163;9,1023226616447;0;0;0;0
"333";"431517";334;2015;"MUNICIPIO";2041;2000;1079;921;316;995;689;141;445;NA;333;2015;"MUNICIPIO";0;0,733;0;0;334;2015;"MUNICIPIO";26;0;26;0;0;2;5;8;4;0;0;0;26;"19.25";"26.5";"33";"27.08";"7.01";0;0;6;15;4;1;23;0;3;0;0;12;14;13;13;26;0;2;24;0;0;0;0;24;2;0;"37";"39";"39.75";"27.08";"1.63";2;0;22;2;0;0;26;4;22;26;0;0;9;4;2;1;8;0;0;0;2;0;26;0;0;0;0;14;12;23;0;3;0;0;2;24;0;"2830";"3132.5";"3398.75";"3123.65";"405.9";2;23;1;1;25;"9.73";"0.67";26;0;334;2015;"MUNICIPIO";14;0;0;0;0;0;0;0;0;0;0;0;0;0;0;0;0;0;0;0;0;334;2015;"MUNICIPIO";"0";"0";58,4269662921348;6,859382655561;0;0;0;0
"334";"431520";335;2015;"MUNICIPIO";4185;4141;2097;2044;699;1959;1483;325;928;NA;334;2015;"MUNICIPIO";0;0,715;0;0;335;2015;"MUNICIPIO";28;0;28;0;0;4;10;7;2;0;1;0;28;"23.75";"28";"32";"27.75";"6.6";0;4;11;10;3;0;26;0;2;0;0;19;9;14;14;28;0;2;26;0;0;0;0;26;2;0;"37.75";"38.5";"39";"27.75";"1.28";2;5;20;1;0;4;24;4;24;21;6;0;2;8;1;5;4;3;3;0;1;0;28;0;0;0;0;14;14;26;0;2;0;0;4;23;1;"2755";"3075";"3361.25";"3060.93";"424.91";2;25;1;0;28;"9.46";"0.64";28;0;335;2015;"MUNICIPIO";43;0;0;0;0;0;0;0;0;0;0;0;0;0;0;0;0;0;0;0;0;335;2015;"MUNICIPIO";"1.97";"0";30,1724137931034;10,2747909199522;0;0;0;0
"335";"431530";336;2015;"MUNICIPIO";23579;23021;11228;11793;5373;11405;6243;2698;5696;NA;335;2015;"MUNICIPIO";0;0,704;0;0;336;2015;"MUNICIPIO";266;0;264;5;0;64;58;35;30;12;1;0;266;"20";"25";"32";"25.86";"7.27";0;13;102;122;19;8;214;12;40;0;0;116;150;104;162;266;0;39;212;12;1;1;0;212;41;12;"37";"39";"40";"25.86";"2.13";70;29;144;16;6;226;40;99;167;260;4;2;51;32;42;14;78;1;3;4;38;2;265;0;0;1;0;134;132;214;12;40;0;0;18;227;21;"2981.25";"3312.5";"3648.75";"3289.7";"563.03";13;199;48;7;258;"9.48";"0.98";263;3;336;2015;"MUNICIPIO";212;0;3;0;0;0;0;2;0;0;0;0;0;0;0;0;0;0;0;0;0;336;2015;"MUNICIPIO";"22.384";"2.741";46,6994382022472;8,99105135926036;7,5187969924812;35,1123595505618;0;7,5187969924812
"336";"431531";337;2015;"MUNICIPIO";1849;1775;890;885;393;923;459;211;442;NA;336;2015;"MUNICIPIO";0;0,689;0;0;337;2015;"MUNICIPIO";20;0;19;1;0;6;5;4;3;0;0;0;20;"22";"27";"33.25";"27.1";"6.57";0;0;9;9;1;1;15;0;5;0;0;17;3;9;11;20;0;2;17;0;0;0;0;17;2;0;"38";"39";"40";"27.1";"1.47";3;1;16;0;0;0;20;14;6;19;1;0;2;4;6;2;2;1;0;0;2;0;20;0;0;0;0;10;10;15;0;5;0;0;3;14;3;"2777.5";"3295";"3463.75";"3205";"596.45";4;12;3;0;20;"9.2";"0.62";20;0;337;2015;"MUNICIPIO";12;0;0;0;0;0;0;0;0;0;0;0;0;0;0;0;0;0;0;0;0;337;2015;"MUNICIPIO";"935";"935";45,2488687782805;6,48999459167117;0;0;0;0
"337";"431532";338;2015;"MUNICIPIO";2816;2710;1447;1263;549;1425;736;251;672;NA;337;2015;"MUNICIPIO";0;0,665;0;0;338;2015;"MUNICIPIO";26;0;24;0;0;9;5;6;3;2;0;0;26;"22.25";"28.5";"33";"28.12";"6.91";0;2;9;12;1;2;23;0;3;0;0;17;9;9;17;26;0;4;22;0;0;0;0;22;4;0;"37";"38";"39";"28.12";"1.7";7;3;12;1;0;0;26;10;16;26;0;0;3;4;5;6;4;0;0;0;4;0;26;0;0;0;0;13;13;23;0;3;0;0;5;20;1;"2647.5";"3142.5";"3617.5";"3105.19";"692.81";4;19;3;1;25;"9.46";"0.9";26;0;338;2015;"MUNICIPIO";15;0;0;0;0;0;0;0;0;0;0;0;0;0;0;0;0;0;0;0;0;338;2015;"MUNICIPIO";"2.812";"0";38,6904761904762;5,32670454545454;0;0;0;0
"338";"431535";339;2015;"MUNICIPIO";3811;3653;1799;1854;637;1779;1237;319;885;NA;338;2015;"MUNICIPIO";0;0,756;0;0;339;2015;"MUNICIPIO";42;0;41;1;0;10;8;12;6;1;0;0;42;"23";"28.5";"32";"27.79";"6.41";0;0;8;18;14;2;42;0;0;0;0;38;4;22;20;42;0;1;39;1;1;0;0;39;2;1;"38";"39";"39";"27.79";"2";6;3;30;2;0;0;42;6;36;38;4;0;7;13;4;2;12;2;2;0;0;0;42;0;0;0;0;22;20;42;0;0;0;0;5;35;2;"2925";"3200";"3387.5";"3152.81";"439.11";5;33;4;1;41;"9.4";"1.31";40;2;339;2015;"MUNICIPIO";43;0;1;0;0;0;0;1;0;0;0;0;0;0;0;0;0;0;0;0;0;339;2015;"MUNICIPIO";"3.811";"0";47,4576271186441;11,2831277879822;23,8095238095238;112,994350282486;0;23,8095238095238
"339";"431540";340;2015;"MUNICIPIO";11025;10222;5210;5012;3398;4824;2000;1646;2357;1009;339;2015;"MUNICIPIO";0;0,631;0;0;340;2015;"MUNICIPIO";204;0;202;18;0;34;43;43;21;4;0;0;204;"19";"26";"31";"25.27";"7.35";6;32;86;59;16;5;82;1;17;104;0;152;52;76;128;204;0;20;177;3;2;2;0;177;24;3;"38";"39";"39";"25.27";"2.3";50;17;123;13;0;1;203;120;84;196;6;1;39;23;46;24;39;3;1;6;21;1;202;0;0;2;0;95;109;82;1;17;104;0;20;169;15;"2921.25";"3170";"3521.25";"3181.99";"561.17";12;161;25;3;199;"9.57";"0.65";203;1;340;2015;"MUNICIPIO";54;0;0;0;0;0;0;1;0;0;0;0;0;0;0;0;0;0;0;0;0;340;2015;"MUNICIPIO";"3.346";"0";86,5507000424268;4,89795918367347;4,90196078431373;42,4268137462876;0;4,90196078431373
"340";"431545";341;2015;"MUNICIPIO";2195;2155;1071;1084;325;933;897;159;457;NA;340;2015;"MUNICIPIO";0;0,731;0;0;341;2015;"MUNICIPIO";13;0;13;0;0;5;1;2;1;0;0;0;13;"19";"21";"27";"22.92";"6.09";0;0;4;7;2;0;12;0;1;0;0;5;7;13;0;13;0;1;12;0;0;0;0;12;1;0;"38";"38";"39";"22.92";"1.38";3;1;9;0;0;0;13;5;8;7;5;1;4;2;0;0;0;3;0;2;1;1;13;0;0;0;0;7;6;12;0;1;0;0;2;11;0;"2810";"3230";"3380";"3124.23";"455.33";0;11;0;0;13;"9.62";"0.51";13;0;341;2015;"MUNICIPIO";19;0;0;0;0;0;0;0;0;0;0;0;0;0;0;0;0;0;0;0;0;341;2015;"MUNICIPIO";"2.06";"0";28,4463894967177;8,65603644646925;0;0;0;0
"341";"431550";342;2015;"MUNICIPIO";16334;15849;7815;8034;3094;7917;4838;1526;4015;2493;341;2015;"MUNICIPIO";0;0,683;0;0;342;2015;"MUNICIPIO";144;0;140;0;0;34;34;35;20;0;0;0;144;"21";"27";"32";"26.91";"6.29";0;4;60;62;12;6;110;15;19;0;0;65;79;65;79;144;0;16;123;5;0;0;0;123;16;5;"38";"39";"40";"26.91";"1.76";35;3;99;3;1;2;142;55;89;136;6;1;14;41;13;16;35;3;2;5;13;1;144;0;0;0;0;67;77;110;15;19;0;0;8;121;15;"2998.75";"3205";"3585";"3283.74";"540.09";4;112;20;5;138;"9.59";"0.72";143;1;342;2015;"MUNICIPIO";133;0;0;0;0;0;0;0;0;0;0;0;0;0;0;0;0;0;0;0;0;342;2015;"MUNICIPIO";"9.919";"0";35,865504358655;8,14252479490633;0;0;0;0
"342";"431555";343;2015;"MUNICIPIO";3418;3616;1860;1756;740;1722;1154;348;853;NA;342;2015;"MUNICIPIO";0;0,656;0;0;343;2015;"MUNICIPIO";23;0;23;1;0;8;2;4;2;0;0;0;23;"19";"22";"28";"23.52";"6.27";0;2;9;10;1;1;18;1;3;1;0;13;6;10;13;23;0;3;18;1;1;0;0;18;4;1;"37";"38";"39";"23.52";"2.28";9;3;9;0;0;0;23;8;15;14;1;1;2;5;3;1;1;0;1;2;2;1;23;0;0;0;0;9;14;18;1;3;1;0;5;18;0;"2565";"3160";"3395";"2962.48";"674.12";3;14;3;2;21;"9.22";"1.28";22;1;343;2015;"MUNICIPIO";22;0;0;0;0;0;0;0;0;0;0;0;0;0;0;0;0;0;0;0;0;343;2015;"MUNICIPIO";"749";"0";26,9636576787808;6,43651258045641;0;0;0;0
"343";"431560";344;2015;"MUNICIPIO";207860;197228;94983;102245;42286;103498;51444;20825;52733;28687;343;2015;"MUNICIPIO";0;0,744;0;0;344;2015;"MUNICIPIO";3060;0;2925;53;0;815;725;675;305;88;1;1;3060;"22";"26";"32";"26.72";"6.5";2;124;985;1189;476;273;2391;353;289;4;3;1210;1837;1336;1724;3060;0;297;2552;150;26;14;2;2552;339;150;"38";"39";"40";"26.72";"2.32";703;239;1692;212;48;2938;122;1280;1780;2904;102;33;578;544;439;349;657;37;52;68;268;33;3046;5;0;9;0;1550;1510;2391;353;289;4;3;273;2615;172;"2900";"3227.5";"3560";"3193.85";"577.47";236;2332;334;106;2938;"9.05";"0.84";2999;26;344;2015;"MUNICIPIO";1771;0;23;1;4;0;0;30;0;1;0;1;0;1;1;0;0;0;1;0;0;344;2015;"MUNICIPIO";"194.654";"54.216";58,0281796977225;8,52015779851823;9,80392156862745;56,8903722526691;0,966202245454018;9,80392156862745
"344";"431570";345;2015;"MUNICIPIO";38934;37591;18318;19273;7811;19067;10713;3860;9611;5802;344;2015;"MUNICIPIO";0;0,693;0;0;345;2015;"MUNICIPIO";425;0;420;11;0;97;106;89;42;11;0;0;425;"21";"26";"32";"26.41";"6.65";2;32;163;166;38;24;340;52;33;0;0;126;298;183;242;425;0;49;336;26;9;3;0;336;61;26;"38";"39";"40";"26.41";"2.75";75;51;259;27;3;310;115;132;293;393;30;1;41;102;28;59;106;14;14;10;47;1;425;0;0;0;0;191;234;340;52;33;0;0;32;365;28;"2940";"3260";"3600";"3228.45";"567.28";23;321;58;9;416;"9.14";"0.92";424;1;345;2015;"MUNICIPIO";313;0;6;0;0;0;0;9;0;0;0;0;0;0;0;0;0;0;0;0;0;345;2015;"MUNICIPIO";"27.659";"26.529";44,2201643949641;8,03924590332357;21,1764705882353;93,6427010716887;0;21,1764705882353
"345";"431575";346;2015;"MUNICIPIO";4571;4330;2203;2127;955;2261;1114;478;1110;539;345;2015;"MUNICIPIO";0;0,661;0;0;346;2015;"MUNICIPIO";46;0;44;1;0;6;13;13;4;1;0;0;46;"21.5";"28";"32";"27.26";"6.7";1;2;20;19;2;2;43;0;2;1;0;16;30;23;23;46;0;0;43;1;0;0;0;43;0;1;"38.75";"39";"40";"27.26";"1.08";5;3;31;5;0;0;46;14;32;43;3;0;5;15;3;9;9;3;0;0;0;0;45;0;0;1;0;26;20;43;0;2;1;0;6;36;4;"2855";"3242.5";"3498.75";"3205.33";"545.69";6;34;4;2;44;"9.22";"0.99";43;0;346;2015;"MUNICIPIO";32;0;0;0;0;0;0;0;0;0;0;0;0;0;0;0;0;0;0;0;0;346;2015;"MUNICIPIO";"2.268";"0";41,4414414414414;7,00065631152921;0;0;0;0
"346";"431580";347;2015;"MUNICIPIO";10976;10284;5090;5194;1817;5245;3222;878;2583;NA;346;2015;"MUNICIPIO";0;0,729;0;0;347;2015;"MUNICIPIO";92;0;92;2;0;21;22;24;13;4;0;0;92;"23.75";"28.5";"34";"28.37";"6.58";0;2;33;44;8;5;76;8;8;0;0;53;37;43;49;92;0;9;78;3;1;1;0;78;11;3;"38";"39";"40";"28.37";"2.47";10;2;73;4;0;13;79;46;46;68;18;0;14;15;12;9;9;7;11;0;9;0;92;0;0;0;0;50;42;76;8;8;0;0;7;76;9;"2956.25";"3367.5";"3605";"3273.24";"573.15";6;67;17;2;90;"9.59";"0.89";90;2;347;2015;"MUNICIPIO";90;0;0;0;0;0;0;0;0;0;0;0;0;0;0;0;0;0;0;0;0;347;2015;"MUNICIPIO";"5.956";"10.976";35,6174990321332;8,19970845481049;0;0;0;0
"347";"431590";348;2015;"MUNICIPIO";5955;5743;2846;2897;1163;2990;1590;566;1496;835;347;2015;"MUNICIPIO";0;0,732;0;0;348;2015;"MUNICIPIO";77;0;77;2;0;15;19;21;15;2;0;0;77;"24";"29";"34";"28.87";"6.4";0;3;26;24;16;8;75;0;2;0;0;40;37;34;43;77;0;6;68;2;1;0;0;68;7;2;"37";"38";"39";"28.87";"1.94";8;3;61;4;1;60;17;12;65;62;12;3;6;17;6;11;16;5;6;2;5;3;77;0;0;0;0;41;36;75;0;2;0;0;12;61;4;"2850";"3120";"3400";"3067.92";"557.15";11;56;7;0;77;"9.77";"0.48";77;0;348;2015;"MUNICIPIO";31;0;0;0;0;0;0;1;0;0;0;0;0;0;0;0;0;0;0;0;0;348;2015;"MUNICIPIO";"4.554";"0";51,4705882352941;5,20570948782536;12,987012987013;66,8449197860963;0;12,987012987013
"348";"431595";349;2015;"MUNICIPIO";2542;2546;1318;1228;481;1166;899;222;565;NA;348;2015;"MUNICIPIO";0;0,689;0;0;349;2015;"MUNICIPIO";18;0;18;1;0;6;4;0;5;0;0;0;18;"20.25";"24";"33.5";"26.28";"8.01";0;1;4;11;2;0;18;0;0;0;0;13;5;7;11;18;0;3;12;3;0;0;0;12;3;3;"39";"39";"41";"26.28";"3.31";3;2;11;2;0;0;18;8;10;17;1;0;5;1;4;1;4;0;0;2;1;0;18;0;0;0;0;9;9;18;0;0;0;0;2;16;0;"2812.5";"3350";"3570";"3154.72";"647.45";2;10;3;0;18;"9.61";"0.78";18;0;349;2015;"MUNICIPIO";19;0;0;0;0;0;0;0;0;0;0;0;0;0;0;0;0;0;0;0;0;349;2015;"MUNICIPIO";"2.542";"0";31,858407079646;7,47442958300551;0;0;0;0
"349";"431600";350;2015;"MUNICIPIO";20712;19485;9767;9718;4098;10636;4751;2004;5249;2465;349;2015;"MUNICIPIO";0;0,688;0;0;350;2015;"MUNICIPIO";248;0;246;2;0;58;63;49;28;10;0;0;248;"22";"26";"32";"27.02";"6.8";0;16;100;99;16;17;225;8;15;0;0;89;158;107;141;248;0;18;224;2;1;2;1;224;22;2;"38";"39";"40";"27.02";"2.26";21;14;194;15;0;79;169;76;172;230;16;1;28;64;26;39;50;8;5;8;18;1;246;0;0;2;0;132;116;225;8;15;0;0;27;210;11;"2913.75";"3210";"3472.5";"3159.36";"560.6";18;204;17;4;242;"9.09";"0.99";231;0;350;2015;"MUNICIPIO";166;0;2;0;0;0;0;3;0;0;0;0;0;0;0;0;0;0;0;0;0;350;2015;"MUNICIPIO";"10.695";"0";47,2470946847018;8,01467748165315;12,0967741935484;57,1537435702038;0;12,0967741935484
"350";"431610";351;2015;"MUNICIPIO";10655;10221;5009;5212;2139;5250;2832;1060;2677;NA;350;2015;"MUNICIPIO";0;0,724;0;0;351;2015;"MUNICIPIO";113;0;111;2;0;25;36;27;10;4;0;0;113;"23";"28";"32";"27.65";"5.95";2;15;36;38;20;2;82;0;4;27;0;90;21;42;71;113;0;8;100;1;3;1;0;100;12;1;"38";"38";"38";"27.65";"2";12;4;92;4;0;83;30;7;106;104;8;0;10;29;9;13;33;0;5;5;8;0;113;0;0;0;0;51;62;82;0;4;27;0;14;98;1;"2665";"2970";"3335";"2962.3";"592.41";13;85;10;1;112;"9.27";"0.63";112;1;351;2015;"MUNICIPIO";63;0;1;0;0;0;0;1;0;0;0;0;0;0;0;0;0;0;0;0;0;351;2015;"MUNICIPIO";"6.518";"0";42,2114307060142;5,91271703425622;8,84955752212389;37,3552484124019;0;8,84955752212389
"351";"431620";352;2015;"MUNICIPIO";5544;5518;2718;2800;937;2671;1910;472;1328;NA;351;2015;"MUNICIPIO";0;0,764;0;0;352;2015;"MUNICIPIO";55;0;54;0;0;8;11;14;10;4;0;0;55;"24";"30";"34.5";"28.96";"7.12";0;1;8;31;13;2;48;0;7;0;0;44;11;28;27;55;0;6;48;0;1;0;0;48;7;0;"37";"38";"38";"28.96";"1.54";6;1;47;1;0;43;12;3;52;40;12;2;6;15;0;3;11;4;8;0;5;2;55;0;0;0;0;27;28;48;0;7;0;0;6;48;1;"2755";"2990";"3220";"2946.36";"507.06";5;47;3;2;53;"9";"0.77";55;0;352;2015;"MUNICIPIO";48;0;0;0;0;0;0;0;0;0;0;0;0;0;0;0;0;0;0;0;0;352;2015;"MUNICIPIO";"2.689";"1.2";41,4156626506024;8,65800865800866;0;0;0;0
"352";"431630";353;2015;"MUNICIPIO";7289;7203;3622;3581;1417;3549;2237;668;1773;NA;352;2015;"MUNICIPIO";0;0,688;0;0;353;2015;"MUNICIPIO";59;0;59;0;0;12;16;18;7;0;0;0;59;"23";"27";"31.5";"27.32";"5.67";0;2;13;30;11;3;55;1;3;0;0;38;21;30;29;59;0;6;53;0;0;0;0;53;6;0;"38";"39";"39.5";"27.32";"1.49";7;9;41;1;1;1;58;25;34;58;1;0;10;16;9;5;11;0;0;2;6;0;59;0;0;0;0;27;32;55;1;3;0;0;4;50;5;"3075";"3285";"3660";"3353.9";"514.7";4;43;10;1;58;"9.8";"0.58";59;0;353;2015;"MUNICIPIO";62;0;1;0;0;0;0;2;0;0;0;0;0;0;0;0;0;0;0;0;0;353;2015;"MUNICIPIO";"0";"0";33,2769317540891;8,50596789683084;33,8983050847458;112,803158488438;0;33,8983050847458
"353";"431640";354;2015;"MUNICIPIO";40773;39707;19311;20396;8647;19848;11212;4298;10088;6010;353;2015;"MUNICIPIO";0;0,699;0;0;354;2015;"MUNICIPIO";451;0;451;16;0;115;105;99;29;12;0;0;451;"21";"25";"31";"25.75";"6.72";0;19;146;216;54;16;401;44;6;0;0;275;176;213;238;451;0;41;377;24;8;1;0;377;50;24;"38";"39";"40";"25.75";"2.27";79;20;341;9;2;426;25;197;254;434;17;0;84;94;73;48;92;9;6;3;42;0;451;0;0;0;0;229;222;401;44;6;0;0;32;400;19;"2940";"3225";"3507.5";"3206.3";"541.3";19;382;38;9;442;"9.67";"0.81";448;3;354;2015;"MUNICIPIO";364;0;4;0;0;0;0;6;0;0;0;0;0;0;0;0;0;0;0;0;0;354;2015;"MUNICIPIO";"33.439";"4.537";44,7065820777161;8,92747651632208;13,3037694013304;59,4766058683584;0;13,3037694013304
"354";"431642";355;2015;"MUNICIPIO";2676;2595;1339;1256;549;1270;776;252;637;NA;354;2015;"MUNICIPIO";0;0,678;0;0;355;2015;"MUNICIPIO";36;0;34;0;0;8;11;2;6;1;0;0;36;"21";"25";"29.25";"25.64";"6.44";0;1;16;13;5;1;36;0;0;0;0;25;10;16;20;36;0;4;30;0;2;0;0;30;6;0;"37.75";"38";"39";"25.64";"2.28";8;1;24;3;0;0;36;2;34;33;1;0;4;9;1;1;12;0;1;2;4;0;36;0;0;0;0;18;18;36;0;0;0;0;5;31;0;"2738.75";"3042.5";"3220";"2935.28";"566.81";2;29;3;2;34;"9.14";"0.76";36;0;355;2015;"MUNICIPIO";18;0;0;0;0;0;0;0;0;0;0;0;0;0;0;0;0;0;0;0;0;355;2015;"MUNICIPIO";"0";"0";56,5149136577708;6,72645739910314;0;0;0;0
"355";"431643";356;2015;"MUNICIPIO";2876;2869;1390;1479;457;1481;931;235;752;NA;355;2015;"MUNICIPIO";0;0,762;0;0;356;2015;"MUNICIPIO";27;0;27;1;0;7;5;9;0;0;0;0;27;"20";"25";"30.5";"25.33";"5.93";0;0;6;11;6;4;27;0;0;0;0;13;14;10;17;27;0;1;26;0;0;0;0;26;1;0;"38";"38";"39";"25.33";"1.09";4;5;16;2;0;0;27;3;24;26;1;0;1;9;1;1;13;0;1;0;1;0;27;0;0;0;0;16;11;27;0;0;0;0;3;23;1;"2925";"3065";"3250";"3073.15";"373.11";2;23;2;0;27;"9.41";"0.69";27;0;356;2015;"MUNICIPIO";27;0;0;0;0;0;0;0;0;0;0;0;0;0;0;0;0;0;0;0;0;356;2015;"MUNICIPIO";"2.869";"0";35,9042553191489;9,38803894297636;0;0;0;0
"356";"431645";357;2015;"MUNICIPIO";12429;11880;5878;6002;2914;6299;2667;1448;3191;1363;356;2015;"MUNICIPIO";0;0,687;0;0;357;2015;"MUNICIPIO";120;0;117;4;0;27;30;27;15;0;1;0;120;"21.75";"26.5";"31.25";"26.62";"6.62";3;6;56;38;14;3;82;4;28;5;1;87;33;40;80;120;0;20;97;1;1;1;0;97;22;1;"37";"38";"39";"26.62";"2.22";24;13;77;5;0;93;27;15;105;114;4;2;7;26;9;13;38;0;4;4;17;2;120;0;0;0;0;64;56;82;4;28;5;1;15;105;0;"2750";"3030";"3250";"2986.28";"546.11";10;98;8;2;117;"9.83";"0.59";117;1;357;2015;"MUNICIPIO";84;0;1;0;1;0;0;2;0;0;0;0;0;0;0;0;0;0;0;0;0;357;2015;"MUNICIPIO";"10.517";"4.083";37,6057662174867;6,75838764180546;16,6666666666667;62,6762770291445;0;16,6666666666667
"357";"431647";358;2015;"MUNICIPIO";2769;2669;1377;1292;418;1348;903;186;648;NA;357;2015;"MUNICIPIO";0;0,753;0;0;358;2015;"MUNICIPIO";27;0;26;0;0;5;7;10;2;2;0;0;27;"25";"30";"31.5";"29.15";"6.21";0;0;4;18;4;1;26;0;1;0;0;21;6;13;14;27;0;4;22;0;0;1;0;22;5;0;"37.5";"38";"39.5";"29.15";"2.97";1;0;23;3;0;0;27;6;21;24;3;0;1;6;2;2;8;2;1;0;5;0;27;0;0;0;0;10;17;26;0;1;0;0;4;23;0;"2702.5";"3040";"3415";"2947.04";"663.72";4;22;1;0;26;"9.62";"0.7";27;0;358;2015;"MUNICIPIO";19;0;0;0;0;0;0;0;0;0;0;0;0;0;0;0;0;0;0;0;0;358;2015;"MUNICIPIO";"2.762";"0";41,6666666666667;6,86168291802095;0;0;0;0
"358";"431650";359;2015;"MUNICIPIO";7315;6747;3412;3335;1252;3832;1663;625;1846;864;358;2015;"MUNICIPIO";0;0,74;0;0;359;2015;"MUNICIPIO";87;0;86;0;0;17;26;21;13;2;1;0;87;"23";"28";"33";"28.46";"6.33";0;5;28;37;13;4;78;3;5;0;1;42;45;37;50;87;0;6;81;0;0;0;0;81;6;0;"38";"39";"40";"28.46";"1.53";18;6;58;2;1;0;87;33;54;84;3;0;9;24;6;19;19;1;1;2;6;0;87;0;0;0;0;41;46;78;3;5;0;1;6;77;4;"2985";"3240";"3525";"3210.29";"486.07";8;69;8;0;87;"9.63";"0.51";85;2;359;2015;"MUNICIPIO";39;0;0;0;0;0;0;0;0;0;0;0;0;0;0;0;0;0;0;0;0;359;2015;"MUNICIPIO";"4.815";"0";47,1289274106176;5,33151059466849;0;0;0;0
"359";"431660";360;2015;"MUNICIPIO";16139;15373;7604;7769;2690;7949;4734;1304;3933;2532;359;2015;"MUNICIPIO";0;0,747;0;0;360;2015;"MUNICIPIO";165;0;164;1;0;27;39;56;29;2;0;0;165;"25";"30";"34";"29.02";"5.98";1;7;27;77;44;9;153;3;9;0;0;147;18;80;85;165;0;6;154;1;2;2;0;154;10;1;"38";"39";"39";"29.02";"1.99";5;4;148;6;1;116;49;33;132;155;8;0;28;39;24;14;40;3;3;6;6;0;165;0;0;0;0;84;81;153;3;9;0;0;20;139;6;"2860";"3170";"3450";"3135.03";"531.6";12;137;10;4;160;"9.68";"0.75";164;1;360;2015;"MUNICIPIO";130;0;0;0;0;0;0;1;0;0;0;0;0;0;0;0;0;0;0;0;0;360;2015;"MUNICIPIO";"12.41";"0";41,952707856598;8,05502199640622;6,06060606060606;25,4258835494533;0;6,06060606060606
"360";"431670";361;2015;"MUNICIPIO";8793;8829;4341;4488;1761;4713;2355;846;2402;1240;360;2015;"MUNICIPIO";0;0,727;0;0;361;2015;"MUNICIPIO";121;0;119;2;0;26;35;19;16;1;0;0;121;"21";"26";"31";"26.14";"6.57";1;1;45;40;26;8;120;0;1;0;0;53;68;36;85;121;0;10;111;0;0;0;0;111;10;0;"38";"39";"39";"26.14";"1.46";20;6;93;2;0;89;32;37;84;119;1;1;12;18;23;3;54;1;0;0;9;1;120;1;0;0;0;75;46;120;0;1;0;0;9;107;5;"2900";"3205";"3550";"3219.17";"493.38";10;98;13;4;115;"9.22";"0.74";121;0;361;2015;"MUNICIPIO";74;0;1;0;0;0;0;3;0;0;0;0;0;0;0;0;0;0;0;0;0;361;2015;"MUNICIPIO";"7.406";"0";50,3746877601998;8,41578528374844;24,7933884297521;124,895920066611;0;24,7933884297521
"361";"431673";362;2015;"MUNICIPIO";1698;1655;839;816;310;818;527;154;393;NA;361;2015;"MUNICIPIO";0;0,725;0;0;362;2015;"MUNICIPIO";19;0;19;0;0;6;4;2;3;0;0;0;19;"20";"24";"29.5";"25.53";"7.01";0;0;7;12;0;0;19;0;0;0;0;19;0;9;10;19;0;3;15;1;0;0;0;15;3;1;"37.5";"38";"40";"25.53";"2";0;0;19;0;0;0;19;11;8;12;2;0;2;2;1;2;2;1;1;0;3;0;19;0;0;0;0;13;6;19;0;0;0;0;1;17;1;"2762.5";"3130";"3530";"3123.16";"562.18";0;17;2;0;19;"9.68";"0.58";19;0;362;2015;"MUNICIPIO";10;0;0;0;0;0;0;0;0;0;0;0;0;0;0;0;0;0;0;0;0;362;2015;"MUNICIPIO";"0";"0";48,3460559796438;5,88928150765607;0;0;0;0
"362";"431675";363;2015;"MUNICIPIO";6183;5697;2845;2852;957;3058;1682;458;1516;NA;362;2015;"MUNICIPIO";0;0,725;0;0;363;2015;"MUNICIPIO";85;0;85;0;0;12;23;23;19;3;0;0;85;"26";"31";"35";"29.75";"6.15";0;2;33;30;13;7;82;1;2;0;0;62;22;36;49;85;0;4;77;1;3;0;0;77;7;1;"38";"39";"39";"29.75";"2.27";6;3;75;1;0;0;85;26;59;79;5;1;2;27;6;14;23;4;1;2;5;1;85;0;0;0;0;44;41;82;1;2;0;0;5;79;1;"2920";"3250";"3465";"3147.71";"587.67";4;75;4;3;82;"9.55";"0.88";84;1;363;2015;"MUNICIPIO";39;0;0;0;0;0;0;1;0;0;0;0;0;0;0;0;0;0;0;0;0;363;2015;"MUNICIPIO";"6.141";"0";56,0686015831135;6,30761766132945;11,7647058823529;65,9630606860158;0;11,7647058823529
"363";"431680";364;2015;"MUNICIPIO";126084;118374;56943;61431;22577;65665;30132;11110;33335;16986;363;2015;"MUNICIPIO";0;0,74;0;0;364;2015;"MUNICIPIO";1715;0;1705;24;0;333;449;429;267;47;2;0;1715;"23";"28";"33";"28.12";"6.43";2;45;423;679;370;196;1421;116;175;0;3;871;844;835;880;1715;0;114;1577;0;18;5;1;1577;138;0;"38";"38";"39";"28.12";"1.88";356;81;1196;58;2;1678;37;548;1167;1600;107;8;182;531;169;227;363;60;37;29;109;8;1713;2;0;0;0;921;794;1421;116;175;0;3;138;1489;88;"2950";"3270";"3585";"3222.28";"555.41";72;1431;181;18;1694;"9.34";"0.73";1689;24;364;2015;"MUNICIPIO";906;0;6;0;1;0;0;12;0;0;0;0;0;0;0;0;0;0;0;0;0;364;2015;"MUNICIPIO";"124.74";"13.97";51,4474276286186;7,18568573332064;6,99708454810496;35,9982000899955;0;6,99708454810496
"364";"431690";365;2015;"MUNICIPIO";276108;261031;123634;137397;51365;143113;66553;25297;73695;38405;364;2015;"MUNICIPIO";0;0,773;0;0;365;2015;"MUNICIPIO";3666;0;3582;79;0;813;862;861;467;130;6;0;3666;"22";"27";"33";"27.44";"6.82";10;86;952;1641;698;277;2917;244;492;10;2;1544;2096;1605;2061;3666;0;477;3055;77;41;14;0;3055;532;77;"37";"38";"39";"27.44";"2.25";805;202;2270;206;47;3627;39;1264;2402;3430;206;13;355;922;384;460;837;104;73;74;426;13;3653;5;0;8;0;1902;1764;2917;244;492;10;2;343;3208;114;"2865";"3180";"3500";"3147.45";"544.25";227;2966;353;80;3570;"9.59";"0.87";3619;34;365;2015;"MUNICIPIO";1962;3;19;1;1;0;0;30;1;2;0;1;0;2;2;0;0;2;0;0;0;365;2015;"MUNICIPIO";"530";"0";49,7455729696723;7,10591507670911;8,18330605564648;40,7083248524323;1,39749708272484;8,18330605564648
"365";"431695";366;2015;"MUNICIPIO";6328;6053;3101;2952;983;3400;1670;476;1615;NA;365;2015;"MUNICIPIO";0;0,663;0;0;366;2015;"MUNICIPIO";52;0;52;0;0;7;15;13;14;2;0;0;52;"27";"31.5";"36";"30.71";"5.81";1;3;23;18;4;3;49;2;1;0;0;44;8;21;31;52;0;6;45;1;0;0;0;45;6;1;"38";"38";"39";"30.71";"1.47";7;3;42;0;0;0;52;18;34;46;6;0;3;11;4;11;12;3;3;1;4;0;52;0;0;0;0;28;24;49;2;1;0;0;0;50;2;"2971.25";"3270";"3591.25";"3301.25";"441.29";0;43;7;0;52;"9.35";"0.56";52;0;366;2015;"MUNICIPIO";37;0;0;0;0;0;0;0;0;0;0;0;0;0;0;0;0;0;0;0;0;366;2015;"MUNICIPIO";"276.108";"151.541";32,1981424148607;5,84702907711757;0;0;0;0
"366";"431697";367;2015;"MUNICIPIO";2495;2352;1272;1080;484;1164;704;213;556;NA;366;2015;"MUNICIPIO";0;0,784;0;0;367;2015;"MUNICIPIO";30;0;30;0;0;7;7;6;6;1;0;0;30;"23.25";"27.5";"33.75";"28.13";"6.63";0;1;14;11;3;1;26;0;4;0;0;11;19;10;20;30;0;5;24;1;0;0;0;24;5;1;"37";"39";"39.75";"28.13";"1.73";10;1;17;1;1;0;30;6;24;30;0;0;2;5;2;5;9;0;0;4;3;0;30;0;0;0;0;20;10;26;0;4;0;0;5;24;1;"2732.5";"3095";"3503.75";"3097";"550.65";3;22;1;1;29;"9.5";"0.73";30;0;367;2015;"MUNICIPIO";18;0;1;0;0;0;0;1;0;0;0;0;0;0;0;0;0;0;0;0;0;367;2015;"MUNICIPIO";"2.228";"0";53,9568345323741;7,21442885771543;33,3333333333333;179,856115107914;0;33,3333333333333
"367";"431700";368;2015;"MUNICIPIO";8434;8242;4169;4073;1604;3912;2726;777;1916;1380;367;2015;"MUNICIPIO";0;0,676;0;0;368;2015;"MUNICIPIO";57;0;51;2;0;13;12;12;6;4;0;0;57;"22";"27";"33";"27.35";"7.32";0;4;30;13;8;1;49;3;3;0;0;24;33;22;35;57;0;6;49;0;0;0;0;49;6;0;"38";"39";"39";"27.35";"2.04";11;4;31;5;1;2;55;33;24;50;5;0;11;5;17;3;6;3;2;2;5;0;56;1;0;0;0;43;14;49;3;3;0;0;7;46;4;"2855";"3250";"3630";"3191.74";"632.21";4;42;7;2;54;"9.5";"0.89";54;0;368;2015;"MUNICIPIO";69;0;1;1;0;0;0;1;0;0;0;0;0;0;0;0;0;0;0;0;0;368;2015;"MUNICIPIO";"4.25";"3.81";29,7494780793319;8,18117144889732;17,5438596491228;52,1920668058455;0;17,5438596491228
"368";"431710";369;2015;"MUNICIPIO";82968;82464;39376;43088;18991;40513;22960;9418;20970;12700;368;2015;"MUNICIPIO";0;0,769;0;0;369;2015;"MUNICIPIO";1193;0;1173;22;0;306;269;228;153;50;1;0;1193;"21";"26";"32";"27.02";"6.97";5;66;339;593;137;52;969;73;144;0;3;798;390;459;734;1193;0;87;1071;24;9;2;0;1071;98;24;"38";"39";"40";"27.02";"1.85";413;65;579;77;19;1160;33;550;643;1163;19;0;233;178;256;107;289;6;12;10;92;0;1192;1;0;0;0;608;585;969;73;144;0;3;90;1016;87;"2960";"3250";"3600";"3256.01";"561.25";80;948;150;9;1183;"9.8";"0.63";1181;2;369;2015;"MUNICIPIO";732;0;2;0;1;0;0;10;0;0;0;1;0;1;1;0;0;0;0;0;0;369;2015;"MUNICIPIO";"82.968";"27.239";56,8907963757749;8,8226786230836;8,38222967309304;47,6871721506915;2,46834349468072;8,38222967309304
"369";"431720";370;2015;"MUNICIPIO";72240;68587;33483;35104;13686;38555;16346;6678;19431;8995;369;2015;"MUNICIPIO";0;0,746;0;0;370;2015;"MUNICIPIO";1013;0;991;15;0;218;258;244;116;37;1;0;1013;"22";"27";"32";"27.46";"6.6";4;28;180;540;189;72;897;10;101;0;3;426;586;494;519;1013;0;88;900;7;12;5;0;900;105;7;"38";"39";"39";"27.46";"2.06";173;64;701;66;1;973;40;227;786;966;46;1;142;288;96;115;231;24;18;15;82;1;1012;0;0;1;0;537;476;897;10;101;0;3;99;862;52;"2920";"3230";"3525";"3188.02";"574.29";52;847;98;77;923;"8.73";"1.11";1003;10;370;2015;"MUNICIPIO";532;0;12;0;0;0;0;11;1;1;0;0;0;1;1;0;0;0;0;0;0;370;2015;"MUNICIPIO";"68.296";"12.958";52,1331892336987;7,36434108527132;10,8588351431392;56,6105707374813;2,59369731552328;10,8588351431392
"370";"431725";371;2015;"MUNICIPIO";1781;1720;889;831;233;769;718;113;357;NA;370;2015;"MUNICIPIO";0;0,712;0;0;371;2015;"MUNICIPIO";8;0;8;0;0;1;2;1;1;1;0;0;8;"22";"26.5";"34";"28";"7.95";0;0;4;2;0;2;7;0;1;0;0;8;0;4;4;8;0;0;8;0;0;0;0;8;0;0;"39";"39.5";"40";"28";"0.74";2;0;5;1;0;0;8;2;6;7;1;0;0;3;1;1;2;1;0;0;0;0;8;0;0;0;0;1;7;7;0;1;0;0;0;8;0;"2856.25";"2887.5";"3287.5";"3091.25";"361.38";0;8;0;0;8;"9.38";"0.52";8;0;371;2015;"MUNICIPIO";18;0;0;0;0;0;0;0;0;0;0;0;0;0;0;0;0;0;0;0;0;371;2015;"MUNICIPIO";"1.781";"1.781";22,4089635854342;10,1066816395284;0;0;0;0
"371";"431730";372;2015;"MUNICIPIO";31436;30990;15469;15521;6885;15626;8479;3294;7892;4335;371;2015;"MUNICIPIO";0;0,633;0;0;372;2015;"MUNICIPIO";442;0;430;5;0;127;104;92;46;8;1;0;442;"21";"26";"32";"26.49";"6.49";0;16;195;154;54;22;360;49;31;0;0;97;342;172;270;442;0;66;344;23;6;1;0;344;73;23;"37";"39";"40";"26.49";"2.29";94;28;262;34;1;415;27;222;220;406;29;5;56;79;86;48;67;7;16;15;59;5;442;0;0;0;0;234;208;360;49;31;0;0;38;371;33;"2911.25";"3237.5";"3555";"3214.85";"566.91";20;343;59;8;434;"9.64";"0.81";438;1;372;2015;"MUNICIPIO";264;0;1;0;0;0;0;3;0;0;0;0;0;0;0;0;0;0;0;0;0;372;2015;"MUNICIPIO";"26.808";"0";56,0060821084643;8,3980150146329;6,78733031674208;38,0131779016726;0;6,78733031674208
"372";"431740";373;2015;"MUNICIPIO";50635;49071;23571;25500;9705;25440;13926;4803;13033;7664;372;2015;"MUNICIPIO";0;0,766;0;0;373;2015;"MUNICIPIO";560;0;556;11;0;151;117;114;74;16;1;0;560;"22";"26";"32";"26.91";"6.87";0;10;108;299;100;43;512;4;42;0;1;215;345;270;290;560;0;55;496;2;5;2;0;496;62;2;"38";"38";"39";"26.91";"1.87";68;27;444;14;2;539;21;143;417;543;14;3;57;170;42;88;127;9;5;9;50;3;560;0;0;0;0;303;257;512;4;42;0;1;39;495;26;"2891.5";"3180";"3480";"3162.71";"514.22";23;476;50;9;551;"9.47";"0.71";557;1;373;2015;"MUNICIPIO";397;0;5;0;0;0;0;6;0;0;0;0;0;0;0;0;0;0;0;0;0;373;2015;"MUNICIPIO";"47.45";"0";42,9678508401749;7,84042658240348;10,7142857142857;46,0369830430446;0;10,7142857142857
"373";"431750";374;2015;"MUNICIPIO";78976;76275;36586;39689;15996;40701;19578;7941;20921;10827;373;2015;"MUNICIPIO";0;0,772;0;0;374;2015;"MUNICIPIO";973;0;969;24;0;226;229;204;138;32;1;0;973;"22";"27";"32";"27.19";"6.84";1;22;271;415;188;76;916;1;51;3;2;438;535;419;554;973;0;98;862;3;8;2;0;862;108;3;"38";"39";"40";"27.19";"1.96";148;78;667;75;4;954;19;294;679;926;42;4;63;287;45;175;265;20;18;16;79;4;970;2;0;1;0;496;477;916;1;51;3;2;82;840;51;"2900";"3200";"3505";"3181.49";"545.12";57;807;93;15;956;"9.75";"0.61";963;9;374;2015;"MUNICIPIO";565;0;4;0;1;0;0;12;0;0;0;0;0;0;0;0;0;0;0;0;0;374;2015;"MUNICIPIO";"75.261";"11.313";46,5082931026242;7,15407212317666;12,3329907502569;57,3586348644902;0;12,3329907502569
"374";"431755";375;2015;"MUNICIPIO";2198;2139;1112;1027;367;1121;651;180;521;NA;374;2015;"MUNICIPIO";0;0,717;0;0;375;2015;"MUNICIPIO";16;0;16;1;0;4;4;4;2;0;0;0;16;"21";"27";"32.25";"27.06";"6.72";0;0;3;9;2;2;14;0;2;0;0;15;1;10;6;16;0;3;13;0;0;0;0;13;3;0;"37.75";"38.5";"40";"27.06";"2.26";2;0;13;1;0;0;16;4;12;14;2;0;2;5;1;0;4;2;0;0;2;0;16;0;0;0;0;8;8;14;0;2;0;0;2;14;0;"2912.5";"3132.5";"3538.75";"3127.81";"618.03";1;13;2;1;15;"8.94";"0.68";16;0;375;2015;"MUNICIPIO";16;0;0;0;0;0;0;0;0;0;0;0;0;0;0;0;0;0;0;0;0;375;2015;"MUNICIPIO";"23.991";"0";30,7101727447217;7,27934485896269;0;0;0;0
"375";"431760";376;2015;"MUNICIPIO";41977;39685;19756;19929;8181;20392;11112;3999;10237;5693;375;2015;"MUNICIPIO";0;0,686;0;0;376;2015;"MUNICIPIO";500;0;494;4;0;108;125;109;64;24;2;0;500;"22";"27";"33";"27.66";"6.8";0;22;126;247;60;45;432;42;24;0;1;192;307;226;274;500;0;39;454;2;3;1;1;454;44;2;"38";"39";"39";"27.66";"1.94";84;35;329;26;3;14;486;205;295;477;21;2;49;148;65;77;97;11;9;7;35;2;497;1;0;2;0;266;234;432;42;24;0;1;42;439;19;"2934.75";"3252";"3520";"3188.55";"535.68";39;410;44;8;492;"9.5";"0.84";494;4;376;2015;"MUNICIPIO";313;0;2;0;1;0;0;2;0;0;0;0;0;0;0;0;0;0;0;0;0;376;2015;"MUNICIPIO";"6.583";"0";48,8424343069259;7,45646425423446;4;19,5369737227703;0;4
"376";"431770";377;2015;"MUNICIPIO";11174;11210;5579;5631;2393;5405;3412;1197;2713;1721;376;2015;"MUNICIPIO";0;0,764;0;0;377;2015;"MUNICIPIO";97;0;95;8;0;20;21;18;12;2;1;0;97;"20";"26";"31";"25.84";"7.47";0;4;42;41;8;2;94;0;3;0;0;51;46;35;62;97;0;10;85;2;0;0;0;85;10;2;"37";"38";"40";"25.84";"1.75";26;10;45;13;0;0;97;45;52;96;1;0;17;12;18;12;25;0;1;2;10;0;97;0;0;0;0;39;58;94;0;3;0;0;12;82;3;"2725";"3070";"3380";"3047.61";"530.35";14;76;5;0;97;"9.76";"0.5";97;0;377;2015;"MUNICIPIO";91;0;0;0;0;0;0;0;0;0;0;0;0;0;0;0;0;0;0;0;0;377;2015;"MUNICIPIO";"0";"0";35,7537781054184;8,14390549489887;0;0;0;0
"377";"431775";378;2015;"MUNICIPIO";2056;1987;980;1007;400;992;595;191;508;NA;377;2015;"MUNICIPIO";0;0,759;0;0;378;2015;"MUNICIPIO";34;0;34;0;0;5;16;4;3;2;0;0;34;"24.5";"28";"31.25";"27.91";"6.44";0;1;9;18;5;1;34;0;0;0;0;32;2;14;20;34;0;7;27;0;0;0;0;27;7;0;"37";"38";"39.75";"27.91";"1.87";7;2;23;2;0;0;34;9;25;30;4;0;3;7;4;3;8;0;2;2;5;0;34;0;0;0;0;17;17;34;0;0;0;0;6;28;0;"2652.5";"2980";"3256.25";"2937.65";"451.02";4;27;1;0;34;"9.5";"0.66";33;1;378;2015;"MUNICIPIO";16;0;0;0;0;0;0;0;0;0;0;0;0;0;0;0;0;0;0;0;0;378;2015;"MUNICIPIO";"1.9";"0";66,9291338582677;7,78210116731517;0;0;0;0
"378";"431780";379;2015;"MUNICIPIO";14349;13968;6811;7157;2804;7335;3829;1381;3747;2029;378;2015;"MUNICIPIO";0;0,739;0;0;379;2015;"MUNICIPIO";220;0;219;8;0;45;61;49;28;11;0;0;220;"24";"27";"33";"27.9";"6.72";1;8;60;85;44;22;193;0;23;0;4;200;20;89;131;220;0;36;178;3;2;1;0;178;39;3;"37";"38";"39";"27.9";"2.15";36;4;172;7;1;192;28;43;177;210;10;0;16;54;8;24;72;4;6;6;30;0;220;0;0;0;0;109;111;193;0;23;0;4;23;193;4;"2788.75";"3065";"3340";"3027.4";"508.1";12;188;14;4;216;"9.45";"0.72";218;2;379;2015;"MUNICIPIO";88;0;2;0;0;0;0;3;0;0;0;0;0;0;0;0;0;0;0;0;0;379;2015;"MUNICIPIO";"12.704";"0";58,713637576728;6,13283155620601;13,6363636363636;80,0640512409928;0;13,6363636363636
"379";"431790";380;2015;"MUNICIPIO";14757;14378;7190;7188;2510;7462;4406;1262;3592;NA;379;2015;"MUNICIPIO";0;0,738;0;0;380;2015;"MUNICIPIO";145;0;145;1;0;24;43;35;24;5;0;0;145;"24";"28";"33";"28.47";"6.3";0;3;25;86;25;6;141;2;2;0;0;83;62;70;75;145;0;12;128;1;3;1;0;128;16;1;"38";"39";"40";"28.47";"2.33";30;9;96;10;0;118;27;49;96;145;0;0;18;44;21;11;34;0;0;2;15;0;145;0;0;0;0;68;77;141;2;2;0;0;11;127;7;"2995";"3320";"3555";"3253.31";"549.35";5;123;15;15;130;"9.01";"1.16";145;0;380;2015;"MUNICIPIO";101;0;2;0;0;0;0;2;0;0;0;0;0;0;0;0;0;0;0;0;0;380;2015;"MUNICIPIO";"8.495";"0";40,3674832962138;6,84420952768178;13,7931034482759;55,6792873051225;0;13,7931034482759
"380";"431795";381;2015;"MUNICIPIO";2485;2461;1239;1222;431;1193;837;224;573;NA;380;2015;"MUNICIPIO";0;0,732;0;0;381;2015;"MUNICIPIO";21;0;21;0;0;4;7;5;2;1;0;0;21;"24";"27";"31";"27.86";"6.13";0;2;1;12;4;2;21;0;0;0;0;17;4;8;13;21;0;4;15;2;0;0;0;15;4;2;"38";"39";"39";"27.86";"1.99";2;2;16;0;0;0;21;5;16;21;0;0;3;4;4;1;5;0;0;0;4;0;21;0;0;0;0;8;13;21;0;0;0;0;1;20;0;"2825";"3050";"3315";"3077.62";"356.05";0;21;0;0;21;"9.76";"0.54";21;0;381;2015;"MUNICIPIO";12;0;0;0;0;0;0;0;0;0;0;0;0;0;0;0;0;0;0;0;0;381;2015;"MUNICIPIO";"1.154";"0";36,6492146596859;4,82897384305835;0;0;0;0
"381";"431800";382;2015;"MUNICIPIO";62990;61671;30248;31423;13656;32379;15636;6715;16398;8310;381;2015;"MUNICIPIO";0;0,736;0;0;382;2015;"MUNICIPIO";806;0;796;20;0;205;194;158;85;17;1;0;806;"21";"26";"31";"26.2";"6.61";4;18;251;368;119;46;697;15;94;0;0;275;529;363;443;806;0;56;735;3;8;3;1;735;68;3;"38";"39";"40";"26.2";"2.02";112;86;409;93;3;782;24;134;672;776;28;2;102;215;81;105;205;16;8;22;50;2;805;0;0;1;0;437;369;697;15;94;0;0;71;693;42;"2900";"3200";"3525";"3178.75";"553.1";44;673;64;8;798;"9.84";"0.59";799;6;382;2015;"MUNICIPIO";483;0;7;0;0;0;0;9;0;1;0;0;0;0;0;0;0;0;0;0;0;382;2015;"MUNICIPIO";"54.129";"10.635";49,1523356506891;7,66788379107795;11,166253101737;54,8847420417124;0;11,166253101737
"382";"431805";383;2015;"MUNICIPIO";3064;2926;1470;1456;496;1463;967;237;720;NA;382;2015;"MUNICIPIO";0;0,763;0;0;383;2015;"MUNICIPIO";22;0;21;0;0;1;8;5;5;1;0;0;22;"26";"29.5";"34.5";"29.64";"6.01";0;0;4;10;7;1;22;0;0;0;0;16;4;9;13;22;0;2;18;2;0;0;0;18;2;2;"37";"38";"39";"29.64";"1.74";1;1;20;0;0;0;22;7;15;20;2;0;0;8;3;3;4;0;2;0;2;0;22;0;0;0;0;12;10;22;0;0;0;0;3;18;1;"2727.5";"3182.5";"3415";"3112.05";"575.52";3;16;3;2;20;"9.32";"0.89";22;0;383;2015;"MUNICIPIO";17;0;0;0;0;0;0;0;0;0;0;0;0;0;0;0;0;0;0;0;0;383;2015;"MUNICIPIO";"3.056";"0";30,5555555555556;5,54830287206266;0;0;0;0
"383";"431810";384;2015;"MUNICIPIO";19495;19254;9493;9761;3755;9448;6051;1845;4780;3136;383;2015;"MUNICIPIO";0;0,675;0;0;384;2015;"MUNICIPIO";196;0;193;4;0;50;34;46;20;9;1;0;196;"20.75";"26";"32";"26.86";"7.02";0;10;65;92;21;8;178;1;17;0;0;95;100;86;110;196;0;19;170;5;2;0;0;170;21;5;"38";"38";"40";"26.86";"1.91";35;10;142;3;1;122;74;68;128;180;12;1;32;35;28;23;42;5;7;0;20;1;196;0;0;0;0;101;95;178;1;17;0;0;11;176;9;"2983.75";"3295";"3560";"3252.98";"487.39";11;158;26;3;192;"9.69";"0.67";193;3;384;2015;"MUNICIPIO";161;0;0;0;0;0;0;1;0;0;0;0;0;0;0;0;0;0;0;0;0;384;2015;"MUNICIPIO";"14.628";"968";41,0041841004184;8,25852782764811;5,10204081632653;20,9205020920502;0;5,10204081632653
"384";"431820";385;2015;"MUNICIPIO";21551;20537;10402;10135;4977;10360;5200;2472;5024;2639;384;2015;"MUNICIPIO";0;0,685;0;0;385;2015;"MUNICIPIO";274;0;257;8;0;71;46;58;27;6;2;0;274;"20";"25";"31";"25.84";"7.05";1;24;120;98;16;14;198;17;56;1;0;151;118;108;166;274;0;17;247;1;0;1;0;247;18;1;"38";"39";"39";"25.84";"1.72";81;22;129;13;0;224;50;121;153;251;19;0;23;68;16;56;60;6;13;5;16;0;272;1;0;1;0;144;130;198;17;56;1;0;23;240;11;"2875";"3207.5";"3485";"3162.84";"530.2";30;206;25;2;269;"9.66";"0.98";274;0;385;2015;"MUNICIPIO";156;0;3;0;0;0;0;3;0;0;0;0;0;0;0;0;0;0;0;0;0;385;2015;"MUNICIPIO";"14.937";"0";54,5382165605096;7,23864321841214;10,9489051094891;59,7133757961783;0;10,9489051094891
"385";"431830";386;2015;"MUNICIPIO";62785;60425;29429;30996;13253;30786;16386;6383;15707;8906;385;2015;"MUNICIPIO";0;0,699;0;0;386;2015;"MUNICIPIO";812;0;809;17;0;212;176;155;105;16;0;0;812;"21";"26";"32";"26.35";"6.81";6;42;295;353;83;33;656;57;99;0;0;235;577;337;475;812;0;58;720;23;10;1;0;720;69;23;"38";"39";"39";"26.35";"1.87";230;60;453;52;16;733;79;167;645;778;32;2;128;159;81;120;222;13;11;21;55;2;810;0;0;2;0;413;399;656;57;99;0;0;63;708;41;"2918.75";"3220";"3470";"3172.21";"547.04";58;661;71;12;797;"9.56";"0.74";809;3;386;2015;"MUNICIPIO";509;0;4;1;1;0;0;8;0;0;0;1;0;1;1;0;0;1;0;0;0;386;2015;"MUNICIPIO";"55.875";"10.902";51,6966957407525;8,10703193437923;9,85221674876847;50,932705163303;3,24822971480543;9,85221674876847
"386";"431840";387;2015;"MUNICIPIO";23527;22134;11026;11108;4939;11540;5655;2391;5771;NA;386;2015;"MUNICIPIO";0;0,696;0;0;387;2015;"MUNICIPIO";302;0;301;8;0;80;62;71;25;6;1;0;302;"21";"26";"31";"26.14";"6.61";1;17;110;131;25;18;253;13;36;0;0;104;198;138;164;302;0;27;265;3;5;1;1;265;34;3;"38";"39";"40";"26.14";"2.38";71;15;194;11;4;243;59;93;209;299;3;0;26;88;31;49;63;2;0;15;28;0;302;0;0;0;0;146;156;253;13;36;0;0;37;252;13;"2905";"3235";"3500";"3159.37";"594.64";17;235;31;2;297;"9.55";"0.96";297;4;387;2015;"MUNICIPIO";181;0;3;0;0;0;0;0;0;0;0;0;0;0;0;0;0;0;0;0;0;387;2015;"MUNICIPIO";"18.192";"0";52,3306186102928;7,69328856207761;0;0;0;0
"387";"431842";388;2015;"MUNICIPIO";4840;4726;2401;2325;787;2307;1632;385;1119;NA;387;2015;"MUNICIPIO";0;0,694;0;0;388;2015;"MUNICIPIO";33;0;33;1;0;5;7;11;5;2;0;0;33;"25";"30";"34";"29.33";"6.68";0;1;7;18;4;3;32;0;1;0;0;27;6;13;20;33;0;0;32;0;1;0;0;32;1;0;"38";"39";"39";"29.33";"1.74";1;0;31;1;0;0;33;7;26;29;4;0;5;4;9;3;7;3;1;0;1;0;33;0;0;0;0;13;20;32;0;1;0;0;2;31;0;"2900";"3160";"3500";"3138.18";"446.17";2;31;0;3;30;"9.36";"1.43";33;0;388;2015;"MUNICIPIO";29;0;0;0;0;0;0;0;0;0;0;0;0;0;0;0;0;0;0;0;0;388;2015;"MUNICIPIO";"2.482";"0";29,4906166219839;5,99173553719008;0;0;0;0
"388";"431843";389;2015;"MUNICIPIO";2651;2635;1272;1363;419;1229;987;204;639;NA;388;2015;"MUNICIPIO";0;0,748;0;0;389;2015;"MUNICIPIO";20;0;20;0;0;5;2;5;4;0;0;0;20;"21.75";"26.5";"32";"26.5";"6.84";0;1;5;10;4;0;11;6;3;0;0;7;13;10;10;20;0;7;12;0;1;0;0;12;8;0;"36";"38";"39";"26.5";"2.31";5;1;13;0;0;0;20;8;12;20;0;0;1;6;1;2;2;0;0;0;8;0;20;0;0;0;0;9;11;11;6;3;0;0;5;14;1;"2610";"3110";"3512.5";"2995.75";"732.73";2;16;2;0;20;"9.7";"0.57";19;1;389;2015;"MUNICIPIO";23;0;0;0;0;0;0;1;0;0;0;0;0;0;0;0;0;0;0;0;0;389;2015;"MUNICIPIO";"1.364";"1.364";31,2989045383412;8,67597133157299;50;156,494522691706;0;50
"389";"431844";390;2015;"MUNICIPIO";2846;2774;1379;1395;473;1401;900;245;698;NA;389;2015;"MUNICIPIO";0;0,732;0;0;390;2015;"MUNICIPIO";26;0;26;0;0;4;7;10;2;0;0;0;26;"23";"29";"32.75";"27.77";"5.91";0;0;9;9;7;1;24;1;1;0;0;14;12;13;13;26;0;2;24;0;0;0;0;24;2;0;"38";"39";"39";"27.77";"1.55";5;0;20;0;1;0;26;4;22;26;0;0;8;4;1;0;11;0;0;0;2;0;26;0;0;0;0;15;11;24;1;1;0;0;1;22;3;"2970";"3247.5";"3698.75";"3313.27";"553.42";1;18;7;0;26;"9.81";"0.49";26;0;390;2015;"MUNICIPIO";19;0;0;0;0;0;0;1;0;0;0;0;0;0;0;0;0;0;0;0;0;390;2015;"MUNICIPIO";"1.528";"0";37,2492836676218;6,67603654251581;38,4615384615385;143,266475644699;0;38,4615384615385
"390";"431845";391;2015;"MUNICIPIO";2736;2720;1377;1343;589;1259;872;291;625;NA;390;2015;"MUNICIPIO";0;0,651;0;0;391;2015;"MUNICIPIO";26;0;26;1;0;4;5;6;3;2;0;0;26;"20";"26.5";"34";"27.58";"8.2";0;4;6;9;5;2;24;1;1;0;0;17;9;8;18;26;0;0;26;0;0;0;0;26;0;0;"38";"38.5";"39";"27.58";"0.58";2;1;22;0;0;0;26;1;25;26;0;0;1;7;1;2;15;0;0;0;0;0;26;0;0;0;0;8;18;24;1;1;0;0;1;25;0;"2741.25";"3007.5";"3333.75";"3058.65";"439.19";3;22;1;0;26;"9.5";"0.58";24;1;391;2015;"MUNICIPIO";16;0;1;0;0;0;0;1;0;0;0;0;0;0;0;0;0;0;0;0;0;391;2015;"MUNICIPIO";"1.9";"0";41,6;5,84795321637427;38,4615384615385;160;0;38,4615384615385
"391";"431846";392;2015;"MUNICIPIO";2186;2204;1136;1068;530;1072;602;250;521;NA;391;2015;"MUNICIPIO";0;0,717;0;0;392;2015;"MUNICIPIO";22;0;21;1;0;2;3;8;0;1;0;0;22;"18.25";"26";"32.5";"25.55";"7.4";0;2;9;8;2;1;21;0;1;0;0;17;5;10;12;22;0;0;22;0;0;0;0;22;0;0;"38.25";"39";"40";"25.55";"0.95";5;2;10;2;0;0;22;5;17;20;1;1;3;7;1;5;4;0;1;0;0;1;22;0;0;0;0;12;10;21;0;1;0;0;0;22;0;"2947.5";"3152.5";"3322.5";"3201.59";"337.96";0;22;0;1;21;"9";"0.76";22;0;392;2015;"MUNICIPIO";20;0;0;0;0;0;0;0;0;0;0;0;0;0;0;0;0;0;0;0;0;392;2015;"MUNICIPIO";"994";"0";42,2264875239923;9,14913083257091;0;0;0;0
"392";"431848";393;2015;"MUNICIPIO";4463;4094;2088;2006;739;2283;1072;366;1104;NA;392;2015;"MUNICIPIO";0;0,707;0;0;393;2015;"MUNICIPIO";43;0;43;1;0;10;12;14;3;1;0;0;43;"24";"28";"31";"27.98";"5.58";0;0;14;24;3;2;40;0;3;0;0;22;21;26;17;43;0;2;41;0;0;0;0;41;2;0;"38";"38";"39";"27.98";"1.21";8;0;33;0;0;0;43;12;31;41;2;0;6;16;1;5;11;2;0;0;2;0;43;0;0;0;0;24;19;40;0;3;0;0;3;36;4;"2837.5";"3285";"3675";"3284.53";"529.1";1;33;9;1;42;"9.65";"0.61";43;0;393;2015;"MUNICIPIO";28;0;0;0;0;0;0;0;0;0;0;0;0;0;0;0;0;0;0;0;0;393;2015;"MUNICIPIO";"4.435";"0";38,9492753623188;6,27380685637464;0;0;0;0
"393";"431849";394;2015;"MUNICIPIO";2220;2200;1125;1075;332;1057;811;150;516;NA;393;2015;"MUNICIPIO";0;0,747;0;0;394;2015;"MUNICIPIO";22;0;22;0;0;3;7;9;2;1;0;0;22;"26";"30";"32.5";"29.55";"4.91";0;0;4;10;7;1;21;0;1;0;0;15;7;10;12;22;0;1;17;4;0;0;0;17;1;4;"38";"39";"40.75";"29.55";"1.9";0;0;22;0;0;0;22;3;19;21;1;0;1;7;1;3;8;1;0;0;1;0;22;0;0;0;0;7;15;21;0;1;0;0;0;20;2;"3167.5";"3472.5";"3686.25";"3447.05";"385.93";0;18;2;0;22;"9.18";"0.39";22;0;394;2015;"MUNICIPIO";26;0;0;0;0;0;0;0;0;0;0;0;0;0;0;0;0;0;0;0;0;394;2015;"MUNICIPIO";"1.056";"0";42,6356589147287;11,7117117117117;0;0;0;0
"394";"431850";395;2015;"MUNICIPIO";26977;25503;13003;12500;5414;13362;6727;2706;6449;3345;394;2015;"MUNICIPIO";0;0,623;0;0;395;2015;"MUNICIPIO";303;0;299;8;0;82;70;56;31;3;1;0;303;"21";"25";"31";"25.92";"6.61";4;21;144;95;26;12;233;35;33;0;1;107;194;133;170;303;0;30;256;14;3;0;0;256;33;14;"38";"39";"40";"25.92";"2.11";67;20;180;20;6;1;302;141;162;290;9;4;52;61;48;48;53;3;3;7;24;4;301;2;0;0;0;161;142;233;35;33;0;1;28;254;21;"2870";"3220";"3560";"3206.72";"569.03";30;223;36;10;293;"9.05";"0.77";301;2;395;2015;"MUNICIPIO";206;0;0;0;0;0;0;0;0;0;0;0;0;0;0;0;0;0;0;0;0;395;2015;"MUNICIPIO";"13.877";"0";46,9840285315553;7,63613448493161;0;0;0;0
"395";"431860";396;2015;"MUNICIPIO";7116;6904;3382;3522;1287;3521;2096;646;1752;NA;395;2015;"MUNICIPIO";0;0,755;0;0;396;2015;"MUNICIPIO";85;0;84;4;0;20;20;14;16;4;0;0;85;"22";"27";"34";"27.54";"7.15";0;4;15;48;13;5;76;2;7;0;0;52;33;41;44;85;0;7;71;4;2;0;0;71;9;4;"38";"39";"39";"27.54";"2.24";10;3;69;3;0;75;10;21;64;78;4;2;18;16;13;1;23;2;1;2;6;2;85;0;0;0;0;36;49;76;2;7;0;0;12;71;2;"2830";"3090";"3500";"3056.82";"625.87";10;66;6;2;83;"9.81";"0.79";85;0;396;2015;"MUNICIPIO";57;0;2;0;0;0;0;2;0;0;0;0;0;0;0;0;0;0;0;0;0;396;2015;"MUNICIPIO";"4.569";"0";48,5159817351598;8,01011804384486;23,5294117647059;114,155251141553;0;23,5294117647059
"396";"431861";397;2015;"MUNICIPIO";2260;2082;1052;1030;342;1031;709;177;477;NA;396;2015;"MUNICIPIO";0;0,725;0;0;397;2015;"MUNICIPIO";22;0;22;0;0;5;7;5;4;0;0;0;22;"24.25";"29";"34";"28.91";"5.91";0;0;7;13;2;0;18;0;4;0;0;12;10;11;11;22;0;2;20;0;0;0;0;20;2;0;"38";"38";"39";"28.91";"1.43";8;0;14;0;0;0;22;5;17;22;0;0;6;4;2;2;6;0;0;0;2;0;22;0;0;0;0;15;7;18;0;4;0;0;4;16;2;"2750";"3132.5";"3363.75";"3105.23";"608.85";2;17;3;1;21;"9.64";"0.79";22;0;397;2015;"MUNICIPIO";18;0;0;0;0;0;0;0;0;0;0;0;0;0;0;0;0;0;0;0;0;397;2015;"MUNICIPIO";"1.649";"3.47";46,1215932914046;7,9646017699115;0;0;0;0
"397";"431862";398;2015;"MUNICIPIO";3470;3290;1693;1597;799;1779;712;410;853;NA;397;2015;"MUNICIPIO";0;0,663;0;0;398;2015;"MUNICIPIO";58;0;52;1;0;13;17;7;3;1;0;0;58;"19";"24";"27.75";"24.47";"6.24";0;3;25;22;7;1;46;3;9;0;0;37;21;26;32;58;0;3;48;3;0;0;0;48;3;3;"38";"39";"40";"24.47";"1.58";16;8;20;8;0;0;58;29;29;53;3;0;7;11;4;11;14;3;0;0;2;0;58;0;0;0;0;36;22;46;3;9;0;0;6;49;3;"2782.5";"3137.5";"3468.75";"3155.5";"495.39";8;41;5;0;56;"9.21";"0.56";58;0;398;2015;"MUNICIPIO";19;0;0;0;0;0;0;0;0;0;0;0;0;0;0;0;0;0;0;0;0;398;2015;"MUNICIPIO";"1.883";"0";67,9953106682298;5,47550432276657;0;0;0;0
"398";"431870";399;2015;"MUNICIPIO";228370;214087;104242;109845;48055;120258;45774;23414;60950;25481;398;2015;"MUNICIPIO";0;0,739;0;0;399;2015;"MUNICIPIO";3109;0;3086;71;0;719;770;675;355;83;2;0;3109;"21";"27";"32";"26.82";"6.68";8;114;1120;1233;390;244;2780;161;161;5;1;1360;1742;1362;1747;3109;0;333;2685;38;29;23;0;2685;385;38;"38";"39";"40";"26.82";"2.31";681;378;1733;196;37;1501;1608;1347;1762;2974;120;11;276;854;294;552;649;57;45;66;301;11;3104;1;0;4;0;1644;1465;2780;161;161;5;1;330;2599;180;"2885";"3230";"3560";"3176.07";"604.54";200;2506;326;98;3007;"9.19";"0.86";3082;13;399;2015;"MUNICIPIO";1562;0;29;3;1;0;1;37;0;2;0;0;0;0;0;0;0;0;0;0;0;399;2015;"MUNICIPIO";"225.938";"41.945";51,0090237899918;6,83977755396944;11,9009327758122;60,7054963084495;0;11,9009327758122
"399";"431880";400;2015;"MUNICIPIO";44541;43111;21623;21488;8177;22110;12824;3895;10817;6776;399;2015;"MUNICIPIO";0;0,687;0;0;400;2015;"MUNICIPIO";430;0;421;5;0;100;112;100;55;14;0;0;430;"22";"28";"33";"27.55";"6.57";0;24;179;165;52;9;361;51;13;0;0;192;236;185;245;430;0;27;400;0;1;1;1;400;30;0;"38";"39";"40";"27.55";"1.81";74;32;297;19;1;395;35;142;288;423;7;0;162;7;108;7;110;3;4;3;26;0;430;0;0;0;0;226;204;361;51;13;0;0;27;359;44;"3025";"3322.5";"3690";"3322.73";"562.11";22;334;71;9;421;"9.72";"0.75";425;4;400;2015;"MUNICIPIO";381;0;3;0;0;0;0;5;0;0;0;0;0;0;0;0;0;0;0;0;0;400;2015;"MUNICIPIO";"27.258";"0";39,7522418415457;8,55391661615141;11,6279069767442;46,2235370250532;0;11,6279069767442
"400";"431890";401;2015;"MUNICIPIO";35193;34556;16827;17729;7321;17812;9423;3590;9002;5137;400;2015;"MUNICIPIO";0;0,741;0;0;401;2015;"MUNICIPIO";493;0;491;13;0;106;119;97;56;17;1;0;493;"21";"26";"32";"26.52";"7.03";0;18;155;211;68;41;467;8;18;0;0;315;178;214;279;493;0;75;395;22;0;1;0;395;76;22;"37";"39";"40";"26.52";"2.03";108;50;288;42;2;456;37;221;272;466;24;3;97;68;86;48;90;10;13;10;68;3;493;0;0;0;0;248;245;467;8;18;0;0;41;423;29;"2920";"3200";"3580";"3225.61";"531.56";36;376;68;4;488;"9.83";"0.74";488;5;401;2015;"MUNICIPIO";291;0;1;0;0;0;0;6;0;0;0;0;0;0;0;0;0;0;0;0;0;401;2015;"MUNICIPIO";"29.252";"0";54,7656076427461;8,2686897962663;12,1703853955375;66,6518551433015;0;12,1703853955375
"401";"431900";402;2015;"MUNICIPIO";21204;20103;9859;10244;3746;11334;5023;1872;5664;2708;401;2015;"MUNICIPIO";0;0,768;0;0;402;2015;"MUNICIPIO";260;0;259;6;0;56;58;59;44;7;0;0;260;"22";"28";"33";"27.68";"6.77";3;5;82;113;43;14;250;1;9;0;0;219;41;120;140;260;0;20;238;1;1;0;0;238;21;1;"37.75";"38";"39";"27.68";"1.54";12;11;217;13;2;191;69;56;204;252;7;0;9;94;10;52;66;2;2;10;14;0;260;0;0;0;0;125;135;250;1;9;0;0;28;229;3;"2887.5";"3145";"3410";"3115.04";"490.87";19;214;16;3;257;"9.72";"0.7";256;3;402;2015;"MUNICIPIO";143;0;2;0;0;0;0;5;0;0;0;0;0;0;0;0;0;0;0;0;0;402;2015;"MUNICIPIO";"18.278";"21.204";45,9039548022599;6,74401056404452;19,2307692307692;88,2768361581921;0;19,2307692307692
"402";"431910";403;2015;"MUNICIPIO";5821;5773;2838;2935;995;2806;1972;481;1418;NA;402;2015;"MUNICIPIO";0;0,726;0;0;403;2015;"MUNICIPIO";62;0;62;0;0;17;17;13;8;0;0;0;62;"22";"27";"31";"27.1";"5.8";0;1;10;41;8;2;58;0;4;0;0;53;9;27;35;62;0;8;50;3;1;0;0;50;9;3;"37";"38";"39";"27.1";"2.08";9;4;48;1;0;0;62;11;51;59;3;0;4;17;0;11;18;1;2;2;7;0;62;0;0;0;0;30;32;58;0;4;0;0;7;52;3;"2822.5";"3085";"3367.5";"3057.98";"557.07";5;49;6;1;61;"9.32";"0.65";62;0;403;2015;"MUNICIPIO";34;0;0;0;0;0;0;1;0;0;0;0;0;0;0;0;0;0;0;0;0;403;2015;"MUNICIPIO";"4.018";"0";43,7235543018336;5,84092080398557;16,1290322580645;70,5218617771509;0;16,1290322580645
"403";"431912";404;2015;"MUNICIPIO";3306;3201;1647;1554;606;1462;1133;293;704;557;403;2015;"MUNICIPIO";0;0,652;0;0;404;2015;"MUNICIPIO";29;0;27;0;0;7;7;6;5;1;0;0;29;"23";"28";"34";"28.31";"6.35";0;3;9;14;3;0;27;1;1;0;0;20;9;10;19;29;0;4;22;3;0;0;0;22;4;3;"38";"38";"39";"28.31";"2.08";4;0;23;0;1;1;28;9;20;28;0;0;1;6;0;5;12;0;0;0;4;0;28;1;0;0;0;13;16;27;1;1;0;0;3;25;1;"2940";"3185";"3520";"3173.62";"495.46";2;24;2;0;28;"9.68";"0.55";29;0;404;2015;"MUNICIPIO";21;0;0;0;0;0;0;0;0;0;0;0;0;0;0;0;0;0;0;0;0;404;2015;"MUNICIPIO";"0";"0";41,1931818181818;6,35208711433757;0;0;0;0
"404";"431915";405;2015;"MUNICIPIO";7728;7421;3880;3541;1637;3750;2034;763;1811;967;404;2015;"MUNICIPIO";0;0,667;0;0;405;2015;"MUNICIPIO";106;0;105;4;0;14;26;29;17;3;0;0;106;"23";"29";"33";"28.03";"6.93";2;5;38;38;16;7;93;0;8;5;0;45;61;42;64;106;0;9;97;0;0;0;0;97;9;0;"38.25";"39";"40";"28.03";"1.41";13;7;78;8;0;1;105;32;74;102;4;0;6;30;3;20;35;2;2;0;8;0;105;0;0;1;0;56;50;93;0;8;5;0;6;93;7;"2932.5";"3257.5";"3612.5";"3265.9";"526.96";9;83;14;1;104;"9.71";"0.6";106;0;405;2015;"MUNICIPIO";61;0;0;0;0;0;0;0;0;0;0;0;0;0;0;0;0;0;0;0;0;405;2015;"MUNICIPIO";"3.849";"0";58,5311982330204;7,89337474120083;0;0;0;0
"405";"431920";406;2015;"MUNICIPIO";5732;5727;2906;2821;1314;2635;1778;616;1333;872;405;2015;"MUNICIPIO";0;0,645;0;0;406;2015;"MUNICIPIO";56;0;55;3;0;14;8;13;7;4;0;0;56;"21";"27";"33";"27.14";"7.72";0;2;25;20;8;1;51;0;5;0;0;32;24;21;35;56;0;11;44;1;0;0;0;44;11;1;"37";"38";"39.25";"27.14";"2.2";10;8;35;2;0;0;56;23;33;53;3;0;9;7;10;6;11;0;3;2;8;0;56;0;0;0;0;29;27;51;0;5;0;0;8;42;6;"2870";"3300";"3585";"3227.09";"595.39";4;41;8;2;54;"9.7";"0.78";55;1;406;2015;"MUNICIPIO";35;0;0;0;0;0;0;0;0;1;0;0;0;0;0;0;0;0;0;0;0;406;2015;"MUNICIPIO";"3.589";"0";42,0105026256564;6,10607117934403;0;0;0;0
"406";"431930";407;2015;"MUNICIPIO";6348;6364;3228;3136;1171;3002;2191;561;1444;NA;406;2015;"MUNICIPIO";0;0,692;0;0;407;2015;"MUNICIPIO";41;0;41;0;0;11;3;14;4;0;0;0;41;"20";"28";"32";"26.44";"6.51";0;1;15;22;1;2;30;0;11;0;0;37;4;21;20;41;0;4;34;1;0;2;0;34;6;1;"37";"39";"39";"26.44";"3.85";10;5;21;5;0;31;10;9;32;37;4;0;16;3;5;0;8;1;2;1;5;0;41;0;0;0;0;20;21;30;0;11;0;0;6;33;2;"2920";"3150";"3630";"3084.76";"767.04";1;34;4;3;38;"9.1";"1.67";41;0;407;2015;"MUNICIPIO";59;0;2;0;1;0;0;3;0;0;0;0;0;0;0;0;0;0;0;0;0;407;2015;"MUNICIPIO";"6.348";"0";28,393351800554;9,294265910523;73,1707317073171;207,756232686981;0;73,1707317073171
"407";"431935";408;2015;"MUNICIPIO";3584;3315;1683;1632;682;1889;744;326;924;NA;407;2015;"MUNICIPIO";0;0,739;0;0;408;2015;"MUNICIPIO";35;0;35;0;0;5;13;6;7;1;0;0;35;"25";"29";"33.5";"28.94";"6.38";0;1;16;9;6;3;34;1;0;0;0;20;15;17;18;35;0;2;33;0;0;0;0;33;2;0;"38";"39";"39";"28.94";"1.31";3;0;32;0;0;0;35;8;27;33;2;0;6;8;1;9;8;1;0;2;0;0;35;0;0;0;0;20;15;34;1;0;0;0;4;28;3;"3117.5";"3295";"3612.5";"3320.43";"681.15";2;25;6;0;35;"9.6";"0.5";35;0;408;2015;"MUNICIPIO";23;0;0;0;0;0;0;0;0;0;0;0;0;0;0;0;0;0;0;0;0;408;2015;"MUNICIPIO";"2.105";"0";37,8787878787879;6,41741071428571;0;0;0;0
"408";"431936";409;2015;"MUNICIPIO";1984;1886;932;954;427;916;543;216;469;NA;408;2015;"MUNICIPIO";0;0,664;0;0;409;2015;"MUNICIPIO";22;0;21;1;0;2;8;0;4;2;0;0;22;"19.75";"26";"34.25";"27.09";"8.6";1;3;7;6;1;4;22;0;0;0;0;17;5;10;12;22;0;1;21;0;0;0;0;21;1;0;"38.25";"39";"39";"27.09";"0.8";1;1;19;0;0;0;22;2;20;20;1;0;3;7;2;0;7;0;1;0;1;0;22;0;0;0;0;9;13;22;0;0;0;0;1;20;1;"3025";"3270";"3521.25";"3260.23";"462.24";1;18;3;0;22;"9.27";"0.46";22;0;409;2015;"MUNICIPIO";18;0;0;0;0;0;0;0;0;0;0;0;0;0;0;0;0;0;0;0;0;409;2015;"MUNICIPIO";"0";"0";46,908315565032;9,07258064516129;0;0;0;0
"409";"431937";410;2015;"MUNICIPIO";2983;2873;1456;1417;492;1455;926;235;704;NA;409;2015;"MUNICIPIO";0;0,763;0;0;410;2015;"MUNICIPIO";24;0;24;1;0;2;8;6;4;1;0;0;24;"25.75";"28";"31.5";"28.62";"6.86";0;1;4;11;6;2;24;0;0;0;0;15;9;13;11;24;0;4;20;0;0;0;0;20;4;0;"38";"39";"39";"28.62";"2.08";4;3;14;3;0;0;24;5;19;21;3;0;4;6;2;3;3;2;1;0;3;0;24;0;0;0;0;14;10;24;0;0;0;0;4;17;3;"2780";"3070";"3535";"3142.29";"638.52";2;18;4;0;24;"9.58";"0.5";24;0;410;2015;"MUNICIPIO";29;0;0;0;0;0;0;0;0;0;0;0;0;0;0;0;0;0;0;0;0;410;2015;"MUNICIPIO";"2.983";"0";34,0909090909091;9,72175662085149;0;0;0;0
"410";"431940";411;2015;"MUNICIPIO";16788;16368;8050;8318;3040;8058;5270;1497;4006;2815;410;2015;"MUNICIPIO";0;0,709;0;0;411;2015;"MUNICIPIO";162;0;155;5;0;44;33;34;23;3;1;0;162;"22";"27";"32";"26.98";"6.88";0;14;49;78;18;3;138;8;14;0;2;72;89;75;87;162;0;17;140;4;0;1;0;140;18;4;"38";"39";"40";"26.98";"2.18";31;14;105;6;1;13;149;59;103;154;6;0;18;45;16;19;38;3;3;2;16;0;160;1;0;1;0;81;81;138;8;14;0;2;15;141;6;"2861.25";"3180";"3537.5";"3158.82";"537.49";13;127;18;1;159;"9.58";"0.91";159;1;411;2015;"MUNICIPIO";133;0;1;0;0;0;0;1;0;0;0;0;0;0;0;0;0;0;0;0;0;411;2015;"MUNICIPIO";"12.224";"12.235";40,4393409885172;7,92232547057422;6,17283950617284;24,9625561657514;0;6,17283950617284
"411";"431950";412;2015;"MUNICIPIO";24676;21932;10738;11194;4572;11926;5434;2228;6030;NA;411;2015;"MUNICIPIO";0;0,739;0;0;412;2015;"MUNICIPIO";354;0;348;3;0;82;82;78;48;7;0;0;354;"21";"27";"32";"26.99";"6.75";0;12;151;120;37;34;295;16;41;0;2;107;246;135;219;354;0;26;321;4;3;0;0;321;29;4;"38";"39";"40";"26.99";"1.81";73;19;239;17;2;70;284;131;223;328;24;1;43;71;47;45;91;7;15;8;25;1;354;0;0;0;0;202;152;295;16;41;0;2;34;288;32;"2960";"3297.5";"3693.75";"3285.39";"580.06";24;265;55;3;351;"9.61";"0.73";351;2;412;2015;"MUNICIPIO";180;0;1;0;0;0;0;0;0;1;1;0;0;1;1;0;0;1;0;0;0;412;2015;"MUNICIPIO";"16.671";"0";58,7064676616915;7,29453720213973;0;0;8,38504108670133;2,82485875706215
"412";"431960";413;2015;"MUNICIPIO";24432;23798;11777;12021;4705;11749;7344;2309;5898;3814;412;2015;"MUNICIPIO";0;0,708;0;0;413;2015;"MUNICIPIO";261;0;255;8;0;62;67;52;28;9;1;0;261;"21";"26";"32";"26.77";"6.78";0;6;107;118;24;6;183;43;30;2;0;71;188;111;150;261;0;28;221;6;5;0;0;221;33;6;"38";"39";"40";"26.77";"2.11";34;9;206;4;2;203;58;82;179;249;11;0;56;37;46;11;68;5;4;12;20;0;261;0;0;0;0;145;116;183;43;30;2;0;27;214;20;"2960";"3260";"3650";"3252.41";"591.58";14;195;36;4;257;"9.23";"0.69";259;1;413;2015;"MUNICIPIO";210;0;0;0;1;0;0;1;0;0;0;0;0;0;0;0;0;0;0;0;0;413;2015;"MUNICIPIO";"18.855";"24";44,2522889114954;8,59528487229863;3,83141762452107;16,9548999660902;0;3,83141762452107
"413";"431970";414;2015;"MUNICIPIO";3621;3632;1811;1821;632;1696;1304;317;821;NA;413;2015;"MUNICIPIO";0;0,72;0;0;414;2015;"MUNICIPIO";42;0;42;1;0;10;12;10;4;1;0;0;42;"22.25";"28";"33";"27.55";"6.45";0;4;17;14;6;1;36;0;4;2;0;33;9;16;26;42;0;5;37;0;0;0;0;37;5;0;"38";"39";"40";"27.55";"1.31";10;1;29;2;0;0;42;21;21;42;0;0;6;6;12;7;6;0;0;0;5;0;42;0;0;0;0;20;22;36;0;4;2;0;3;38;1;"2937.5";"3172.5";"3466.25";"3166.67";"463.71";3;37;2;0;42;"9.31";"0.56";42;0;414;2015;"MUNICIPIO";32;0;0;0;0;0;0;0;0;0;0;0;0;0;0;0;0;0;0;0;0;414;2015;"MUNICIPIO";"2.009";"0";51,15712545676;8,83733775200221;0;0;0;0
"414";"431971";415;2015;"MUNICIPIO";2257;2168;1112;1056;300;1027;841;132;480;NA;414;2015;"MUNICIPIO";0;0,764;0;0;415;2015;"MUNICIPIO";22;0;22;0;0;2;5;6;4;0;0;0;22;"24";"28.5";"33.75";"27.86";"6.63";0;0;6;14;2;0;21;0;1;0;0;13;9;10;12;22;0;3;19;0;0;0;0;19;3;0;"37";"38";"38.75";"27.86";"1.63";1;2;19;0;0;0;22;2;20;19;3;0;5;4;1;2;4;0;3;0;3;0;22;0;0;0;0;10;12;21;0;1;0;0;2;19;1;"2940";"3270";"3497.5";"3204.32";"497.72";1;19;2;0;22;"9.23";"0.43";22;0;415;2015;"MUNICIPIO";17;0;0;0;0;0;0;0;0;0;0;0;0;0;0;0;0;0;0;0;0;415;2015;"MUNICIPIO";"2.257";"0";45,8333333333333;7,53212228622065;0;0;0;0
"415";"431973";416;2015;"MUNICIPIO";2752;2647;1375;1272;753;1245;649;358;613;301;415;2015;"MUNICIPIO";0;0,642;0;0;416;2015;"MUNICIPIO";32;0;32;4;0;5;2;3;2;0;0;0;32;"17";"19";"24";"21.09";"6.19";0;3;21;5;3;0;6;0;1;24;1;26;6;18;14;32;0;15;16;1;0;0;0;16;15;1;"34";"37";"39";"21.09";"2.94";6;1;23;1;0;0;32;13;19;31;1;0;3;7;0;3;4;1;0;2;12;0;32;0;0;0;0;19;13;6;0;1;24;1;9;23;0;"2371.25";"2985";"3230";"2836.72";"597.93";2;27;1;0;32;"9.25";"0.76";32;0;416;2015;"MUNICIPIO";13;0;0;0;0;0;0;2;0;0;0;0;0;0;0;0;0;0;0;0;0;416;2015;"MUNICIPIO";"2.752";"0";52,2022838499184;4,72383720930233;62,5;326,26427406199;0;62,5
"416";"431975";417;2015;"MUNICIPIO";2124;1944;994;950;319;1123;502;145;537;NA;416;2015;"MUNICIPIO";0;0,754;0;0;417;2015;"MUNICIPIO";25;0;25;0;0;8;4;10;3;0;0;0;25;"23";"30";"34";"28.96";"5.12";0;1;5;12;2;5;25;0;0;0;0;19;6;5;20;25;0;5;20;0;0;0;0;20;5;0;"37";"38";"39";"28.96";"1.47";4;1;19;0;0;0;25;2;23;23;2;0;0;5;1;1;12;0;2;2;2;0;25;0;0;0;0;13;12;25;0;0;0;0;2;22;1;"2905";"3220";"3440";"3163.8";"485.08";0;22;1;0;25;"9.6";"0.5";24;1;417;2015;"MUNICIPIO";20;0;0;0;0;0;0;0;0;0;0;0;0;0;0;0;0;0;0;0;0;417;2015;"MUNICIPIO";"2";"0";46,5549348230912;9,41619585687382;0;0;0;0
"417";"431980";418;2015;"MUNICIPIO";8787;8440;4206;4234;1837;4276;2327;897;2137;1200;417;2015;"MUNICIPIO";0;0,685;0;0;418;2015;"MUNICIPIO";101;0;95;4;0;27;19;22;11;8;0;0;101;"22";"27";"33";"27.47";"7.25";0;4;38;39;12;7;85;5;10;0;0;36;64;42;59;101;0;11;87;3;0;0;0;87;11;3;"38";"39";"40";"27.47";"2.07";18;6;64;6;1;8;93;39;62;95;4;1;13;23;14;13;21;1;3;0;11;1;100;1;0;0;0;44;57;85;5;10;0;0;10;87;4;"2790";"3190";"3450";"3146.69";"481.44";12;79;8;2;98;"9.66";"0.68";98;2;418;2015;"MUNICIPIO";74;0;1;0;0;0;0;2;0;0;0;0;0;0;0;0;0;0;0;0;0;418;2015;"MUNICIPIO";"6.274";"8.787";47,2625175479644;8,42153180835325;19,8019801980198;93,5891436593355;0;19,8019801980198
"418";"431990";419;2015;"MUNICIPIO";79560;74985;36989;37996;17943;43229;13813;8804;21700;7492;418;2015;"MUNICIPIO";0;0,711;0;0;419;2015;"MUNICIPIO";1213;0;1197;20;0;308;303;249;144;38;3;0;1213;"22";"27";"32";"27.06";"6.67";1;43;434;535;111;88;1112;25;76;0;0;627;581;511;702;1213;0;117;1061;22;12;1;0;1061;130;22;"38";"39";"40";"27.06";"1.93";265;61;774;48;5;1011;202;464;749;1151;59;2;168;265;146;168;292;23;28;18;102;2;1213;0;0;0;0;589;624;1112;25;76;0;0;103;1037;73;"2880";"3190";"3485";"3173.15";"542.21";78;986;121;23;1189;"9.18";"0.77";1075;16;419;2015;"MUNICIPIO";433;1;9;0;0;0;0;10;0;1;0;1;1;2;2;2;0;0;0;0;0;419;2015;"MUNICIPIO";"54.14";"0";55,8986175115207;5,44243338360985;8,24402308326463;46,0829493087558;4,62652386129681;8,24402308326463
"419";"432000";420;2015;"MUNICIPIO";138357;130957;63747;67210;30103;72373;28481;14906;36662;15642;419;2015;"MUNICIPIO";0;0,726;0;0;420;2015;"MUNICIPIO";2057;0;2031;32;0;567;504;403;227;46;2;0;2057;"21";"26";"31";"26.52";"6.47";3;57;638;1045;156;157;1764;130;158;1;4;819;1234;815;1242;2057;0;193;1801;33;19;6;0;1801;218;33;"38";"39";"40";"26.52";"2.03";523;154;1142;114;20;1146;911;898;1159;1971;81;3;218;480;254;344;461;30;40;36;186;3;2054;0;0;3;0;1067;990;1764;130;158;1;4;163;1779;115;"2930";"3255";"3546";"3214.22";"545.9";135;1641;231;93;1961;"9.17";"0.92";2035;17;420;2015;"MUNICIPIO";921;1;8;1;1;0;0;19;1;1;0;2;0;3;3;1;0;1;0;0;0;420;2015;"MUNICIPIO";"138.357";"6.616";56,1071409088429;6,65669246948112;9,23675255226057;51,8247776989799;4,14519226783469;9,23675255226057
"420";"432010";421;2015;"MUNICIPIO";23036;21285;10269;11016;4349;11769;5167;2191;6039;2786;420;2015;"MUNICIPIO";0;0,777;0;0;421;2015;"MUNICIPIO";312;0;302;5;0;61;77;87;34;8;2;0;312;"22.75";"28";"33";"27.68";"6.63";1;7;91;149;52;12;304;2;5;0;1;233;76;154;158;312;0;28;277;3;3;0;0;277;31;3;"37";"38";"39";"27.68";"1.84";35;18;197;16;0;248;64;96;216;292;12;3;34;96;29;35;67;5;5;7;25;3;311;1;0;0;0;154;158;304;2;5;0;1;28;276;8;"2867.5";"3160";"3446.25";"3138.72";"470.79";28;246;29;7;304;"9.23";"0.74";309;1;421;2015;"MUNICIPIO";122;0;0;0;0;0;0;2;0;0;0;0;0;0;0;0;0;0;0;0;0;421;2015;"MUNICIPIO";"19.699";"0";51,6641828117238;5,29605834346241;6,41025641025641;33,1180659049512;0;6,41025641025641
"421";"432020";422;2015;"MUNICIPIO";11164;10897;5349;5548;2312;5389;3196;1170;2721;1657;421;2015;"MUNICIPIO";0;0,723;0;0;422;2015;"MUNICIPIO";156;0;153;6;0;34;45;35;15;4;0;0;156;"22";"26.5";"31";"26.78";"6.44";3;6;62;37;41;7;143;3;8;0;2;72;84;73;83;156;0;23;121;8;2;2;0;121;27;8;"37";"38";"39";"26.78";"2.51";10;6;132;5;0;138;18;50;106;138;17;1;14;37;14;14;37;7;7;6;19;1;156;0;0;0;0;80;76;143;3;8;0;2;20;134;2;"2795";"3062.5";"3313.75";"2995.17";"532.46";15;117;12;2;152;"9.47";"1.29";150;3;422;2015;"MUNICIPIO";85;0;3;0;0;0;0;4;0;0;0;0;0;0;0;0;0;0;0;0;0;422;2015;"MUNICIPIO";"11.042";"0";57,3318632855568;7,61375850949481;25,6410256410256;147,004777655274;0;25,6410256410256
"422";"432023";423;2015;"MUNICIPIO";3063;3011;1531;1480;642;1466;903;304;705;NA;422;2015;"MUNICIPIO";0;0,712;0;0;423;2015;"MUNICIPIO";31;0;30;2;0;6;8;6;4;1;0;0;31;"22";"28";"32.5";"27.29";"6.99";0;0;10;15;2;4;29;1;1;0;0;23;7;12;19;31;0;6;25;0;0;0;0;25;6;0;"37.5";"39";"39";"27.29";"1.76";3;2;25;1;0;0;31;7;24;31;0;0;3;8;1;5;8;0;0;2;4;0;31;0;0;0;0;11;20;29;1;1;0;0;1;30;0;"3010";"3300";"3435";"3219.19";"499.66";2;25;2;0;31;"9.35";"0.55";31;0;423;2015;"MUNICIPIO";28;0;0;0;0;0;0;0;0;0;0;0;0;0;0;0;0;0;0;0;0;423;2015;"MUNICIPIO";"1.857";"0";43,9716312056738;9,14136467515508;0;0;0;0
"423";"432026";424;2015;"MUNICIPIO";7388;7158;3698;3460;1661;3755;1742;810;1763;NA;423;2015;"MUNICIPIO";0;0,659;0;0;424;2015;"MUNICIPIO";79;0;77;0;0;20;18;21;7;1;0;0;79;"21.5";"27";"31";"26.43";"6.21";1;7;42;20;7;2;73;5;1;0;0;56;23;34;45;79;0;6;69;4;0;0;0;69;6;4;"38";"39";"40";"26.43";"1.74";14;9;45;7;0;0;79;28;51;73;1;5;13;16;18;5;13;0;1;2;6;5;79;0;0;0;0;36;43;73;5;1;0;0;5;72;2;"2907.5";"3185";"3445";"3172.86";"454.69";4;67;5;2;76;"9.79";"1.13";78;0;424;2015;"MUNICIPIO";50;0;0;0;0;0;0;0;0;0;0;0;0;0;0;0;0;0;0;0;0;424;2015;"MUNICIPIO";"1.86";"1.86";44,8099829835508;6,76773145641581;0;0;0;0
"424";"432030";425;2015;"MUNICIPIO";5134;4929;2403;2526;892;2563;1474;457;1274;795;424;2015;"MUNICIPIO";0;0,777;0;0;425;2015;"MUNICIPIO";51;0;51;0;0;13;18;12;3;1;0;0;51;"22";"28";"30";"26.98";"5.46";0;2;13;20;11;5;51;0;0;0;0;38;13;22;29;51;0;3;48;0;0;0;0;48;3;0;"38";"39";"39.5";"26.98";"1.19";5;2;44;0;0;33;18;13;38;48;3;0;12;5;6;4;16;1;2;2;3;0;51;0;0;0;0;23;28;51;0;0;0;0;2;47;2;"2840";"3210";"3447.5";"3212.16";"445.6";4;39;6;0;51;"9.71";"0.5";50;0;425;2015;"MUNICIPIO";34;0;0;0;0;0;0;1;0;0;0;0;0;0;0;0;0;0;0;0;0;425;2015;"MUNICIPIO";"3.062";"0";40,0313971742543;6,62251655629139;19,6078431372549;78,4929356357928;0;19,6078431372549
"425";"432032";426;2015;"MUNICIPIO";2885;2814;1407;1407;528;1431;855;240;718;NA;425;2015;"MUNICIPIO";0;0,693;0;0;426;2015;"MUNICIPIO";28;0;28;0;0;5;9;6;4;0;0;0;28;"23.25";"26";"32.25";"27";"6.55";0;1;6;16;5;0;24;0;3;0;1;21;7;12;16;28;0;3;25;0;0;0;0;25;3;0;"37.75";"39";"39";"27";"1.72";5;2;20;1;0;0;28;5;23;27;1;0;0;9;2;6;7;1;0;0;3;0;28;0;0;0;0;12;16;24;0;3;0;1;1;26;1;"2878.75";"3100";"3363.75";"3138.57";"501.67";0;25;3;1;27;"9.39";"0.88";28;0;426;2015;"MUNICIPIO";27;0;0;0;0;0;0;0;0;0;0;0;0;0;0;0;0;0;0;0;0;426;2015;"MUNICIPIO";"2.885";"0";38,9972144846797;9,35875216637782;0;0;0;0
"426";"432035";427;2015;"MUNICIPIO";5486;5198;2666;2532;1114;2615;1469;546;1261;725;426;2015;"MUNICIPIO";0;0,671;0;0;427;2015;"MUNICIPIO";52;0;51;1;0;9;6;13;8;5;0;0;52;"22";"29.5";"33.5";"27.92";"7.82";1;8;16;21;4;2;45;2;5;0;0;16;36;22;30;52;0;3;48;0;1;0;0;48;4;0;"38";"39";"39";"27.92";"1.98";11;5;30;4;2;0;52;32;20;50;2;0;9;10;11;6;10;0;2;0;4;0;52;0;0;0;0;19;33;45;2;5;0;0;5;46;1;"2877.5";"3160";"3482.5";"3115.6";"521.36";5;44;3;1;50;"9.31";"0.88";50;1;427;2015;"MUNICIPIO";57;0;1;0;0;0;0;0;0;0;0;0;0;0;0;0;0;0;0;0;0;427;2015;"MUNICIPIO";"1.273";"0";41,2371134020619;10,3900838497995;0;0;0;0
"427";"432040";428;2015;"MUNICIPIO";15814;14253;7099;7154;2795;8007;3451;1364;3960;1830;427;2015;"MUNICIPIO";0;0,76;0;0;428;2015;"MUNICIPIO";208;0;208;2;0;49;58;47;21;6;1;0;208;"22.75";"27";"32";"27.27";"6.28";0;4;78;87;35;4;189;3;16;0;0;177;30;94;114;208;0;24;169;9;5;1;0;169;30;9;"38";"39";"39.25";"27.27";"2.5";30;10;164;3;0;167;41;71;137;191;17;0;15;55;13;40;42;11;6;0;26;0;208;0;0;0;0;97;111;189;3;16;0;0;18;183;7;"2798.75";"3170";"3466.25";"3121.11";"554";18;170;16;2;206;"9.65";"0.81";206;2;428;2015;"MUNICIPIO";91;0;3;0;0;0;0;3;0;0;0;0;0;0;0;0;0;0;0;0;0;428;2015;"MUNICIPIO";"15.226";"0";52,5252525252525;5,75439484001518;14,4230769230769;75,7575757575758;0;14,4230769230769
"428";"432045";429;2015;"MUNICIPIO";2235;2281;1190;1091;381;1155;745;188;520;NA;428;2015;"MUNICIPIO";0;0,652;0;0;429;2015;"MUNICIPIO";16;0;16;0;0;1;4;4;5;0;0;0;16;"26";"31";"35";"29.62";"5.99";0;2;7;3;3;1;15;0;1;0;0;12;4;10;6;16;0;1;14;0;0;1;0;14;2;0;"38.75";"39";"40";"29.62";"4.03";1;0;15;0;0;0;16;13;3;15;1;0;1;6;2;3;1;1;0;0;2;0;16;0;0;0;0;10;6;15;0;1;0;0;1;12;3;"2930";"3050";"3765";"3159.69";"781.37";1;12;3;1;15;"9.19";"1.97";16;0;429;2015;"MUNICIPIO";23;0;1;0;0;0;0;3;0;0;0;0;0;0;0;0;0;0;0;0;0;429;2015;"MUNICIPIO";"2.18";"0";30,7692307692308;10,2908277404922;187,5;576,923076923077;0;187,5
"429";"432050";430;2015;"MUNICIPIO";6169;6294;3045;3249;1146;3107;2041;584;1583;NA;429;2015;"MUNICIPIO";0;0,751;0;0;430;2015;"MUNICIPIO";50;0;50;1;0;8;16;13;7;1;1;0;50;"25";"29";"33";"28.72";"6.49";0;0;17;19;10;4;40;4;6;0;0;36;14;15;35;50;0;5;43;2;0;0;0;43;5;2;"37.25";"39";"40";"28.72";"1.67";5;3;38;3;1;0;50;20;30;49;0;0;0;15;7;9;13;0;0;0;5;0;50;0;0;0;0;28;22;40;4;6;0;0;2;46;2;"2913.75";"3165";"3455";"3183.5";"482.24";4;43;3;0;50;"9.5";"0.61";49;1;430;2015;"MUNICIPIO";56;0;0;0;0;0;0;0;0;0;0;0;0;0;0;0;0;0;0;0;0;430;2015;"MUNICIPIO";"3.646";"0";31,5855969677827;9,07764629599611;0;0;0;0
"430";"432055";431;2015;"MUNICIPIO";6246;5850;2934;2916;1207;3033;1610;633;1453;830;430;2015;"MUNICIPIO";0;0,689;0;0;431;2015;"MUNICIPIO";56;0;54;1;0;15;17;10;5;1;0;0;56;"22";"26.5";"31.25";"26.46";"6.02";1;3;18;24;7;3;49;2;5;0;0;29;27;32;24;56;0;9;46;0;1;0;0;46;10;0;"37";"39";"40";"26.46";"2.23";13;3;37;1;0;1;55;33;23;53;3;0;15;10;10;6;4;1;2;0;8;0;55;0;0;1;0;35;21;49;2;5;0;0;10;44;2;"2783.75";"3240";"3525";"3113.88";"686.48";3;48;5;0;55;"9.2";"0.49";55;1;431;2015;"MUNICIPIO";46;0;0;0;0;0;0;0;0;0;0;0;0;0;0;0;0;0;0;0;0;431;2015;"MUNICIPIO";"1.034";"0";38,5409497591191;7,36471341658662;0;0;0;0
"431";"432057";432;2015;"MUNICIPIO";2132;2124;1082;1042;362;1051;711;169;499;NA;431;2015;"MUNICIPIO";0;0,683;0;0;432;2015;"MUNICIPIO";21;0;20;0;0;4;7;3;4;2;0;0;21;"26";"29";"35";"29.62";"6.26";0;1;3;9;8;0;21;0;0;0;0;10;11;13;8;21;0;2;18;0;1;0;0;18;3;0;"37";"38";"39";"29.62";"2.44";1;2;15;2;0;0;21;5;16;18;3;0;1;8;1;3;2;2;1;0;3;0;21;0;0;0;0;10;11;21;0;0;0;0;1;19;1;"2910";"3070";"3380";"3061.05";"567.57";0;20;1;0;21;"9.81";"0.51";21;0;432;2015;"MUNICIPIO";14;0;0;0;0;0;0;0;0;0;0;0;0;0;0;0;0;0;0;0;0;432;2015;"MUNICIPIO";"2.089";"0";42,0841683366734;6,56660412757974;0;0;0;0
"432";"432060";433;2015;"MUNICIPIO";3890;3842;1942;1900;670;1952;1220;327;964;NA;432;2015;"MUNICIPIO";0;0,752;0;0;433;2015;"MUNICIPIO";35;0;35;0;0;4;11;11;3;4;0;0;35;"25";"30";"33.5";"29.8";"6.54";0;0;14;19;2;0;33;0;2;0;0;30;5;16;19;35;0;4;30;1;0;0;0;30;4;1;"38";"39";"40";"29.8";"1.79";1;0;33;1;0;1;34;12;23;31;3;1;2;11;5;5;6;1;2;0;2;1;35;0;0;0;0;19;16;33;0;2;0;0;4;30;1;"2755";"3120";"3545";"3125.29";"578.41";6;27;2;1;34;"9.09";"0.82";34;1;433;2015;"MUNICIPIO";25;0;0;0;0;0;0;1;0;0;0;0;0;0;0;0;0;0;0;0;0;433;2015;"MUNICIPIO";"1.39";"0";36,3070539419087;6,426735218509;28,5714285714286;103,734439834025;0;28,5714285714286
"433";"432065";434;2015;"MUNICIPIO";2487;2449;1227;1222;413;1140;896;210;552;460;433;2015;"MUNICIPIO";0;0,742;0;0;434;2015;"MUNICIPIO";21;0;20;0;0;5;3;8;4;0;0;0;21;"24";"30";"34";"29.19";"6.06";0;1;6;6;7;1;16;2;3;0;0;12;9;7;14;21;0;5;13;2;0;0;0;13;5;2;"36.75";"37";"39";"29.19";"2.28";2;2;14;1;0;1;20;5;16;17;4;0;0;5;1;1;5;0;2;2;4;0;20;0;0;1;0;10;11;16;2;3;0;0;1;19;1;"3210";"3450";"3595";"3351.67";"498.87";0;15;2;0;20;"9.35";"0.75";21;0;434;2015;"MUNICIPIO";24;0;0;0;0;0;0;0;0;0;0;0;0;0;0;0;0;0;0;0;0;434;2015;"MUNICIPIO";"1.544";"0";38,0434782608696;9,65018094089264;0;0;0;0
"434";"432067";435;2015;"MUNICIPIO";10400;10068;5217;4851;1950;5119;2999;913;2396;1542;434;2015;"MUNICIPIO";0;0,631;0;0;435;2015;"MUNICIPIO";81;0;80;0;0;21;21;18;5;2;0;0;81;"21";"26";"30";"26.06";"6.2";0;12;36;27;3;3;62;2;17;0;0;44;36;40;41;81;0;10;68;2;1;0;0;68;11;2;"38";"39";"39";"26.06";"1.91";13;1;65;0;1;45;36;38;43;76;5;0;14;19;12;5;16;2;3;0;10;0;81;0;0;0;0;43;38;62;2;17;0;0;7;70;4;"2900";"3290";"3610";"3248.33";"486.44";6;65;10;1;80;"9.73";"0.52";81;0;435;2015;"MUNICIPIO";76;0;0;0;0;0;0;0;0;0;0;0;0;0;0;0;0;0;0;0;0;435;2015;"MUNICIPIO";"5.824";"0";33,8063439065108;7,30769230769231;0;0;0;0
"435";"432070";436;2015;"MUNICIPIO";14944;14283;6992;7291;2995;7588;3700;1439;3819;NA;435;2015;"MUNICIPIO";0;0,743;0;0;436;2015;"MUNICIPIO";206;0;201;4;0;45;56;52;26;3;0;0;206;"23";"28";"32";"27.38";"6.22";0;4;80;79;35;8;184;13;8;1;0;128;77;98;108;206;0;27;166;12;0;1;0;166;28;12;"38";"39";"40";"27.38";"2.14";32;13;142;6;0;183;23;58;148;187;9;10;25;49;23;20;41;5;3;11;19;10;206;0;0;0;0;112;94;184;13;8;1;0;18;181;7;"2852.5";"3101.5";"3403.75";"3108.45";"513.9";15;160;13;2;204;"9.81";"0.59";205;0;436;2015;"MUNICIPIO";124;0;0;0;1;0;0;1;0;0;0;0;0;0;0;0;0;0;0;0;0;436;2015;"MUNICIPIO";"12.594";"0";53,9408222047656;8,29764453961456;4,85436893203883;26,1848651479445;0;4,85436893203883
"436";"432080";437;2015;"MUNICIPIO";31261;30044;14729;15315;6691;15753;7600;3205;8008;4102;436;2015;"MUNICIPIO";0;0,731;0;0;437;2015;"MUNICIPIO";368;0;366;11;0;80;79;87;50;5;0;0;368;"21";"27";"32";"26.83";"6.72";1;19;111;151;65;21;354;6;7;0;1;199;168;160;208;368;0;55;293;13;7;0;0;293;62;13;"37";"39";"40";"26.83";"2.33";51;32;236;32;1;265;103;149;219;334;33;1;44;70;53;54;60;21;9;5;51;1;368;0;0;0;0;197;171;354;6;7;0;1;43;308;17;"2758.75";"3107.5";"3462.5";"3109.07";"591.13";29;294;39;15;353;"9.56";"0.94";363;5;437;2015;"MUNICIPIO";239;0;0;0;1;0;0;2;0;0;0;0;0;0;0;0;0;0;0;0;0;437;2015;"MUNICIPIO";"27.303";"0";45,954045954046;7,64530885128435;5,43478260869565;24,975024975025;0;5,43478260869565
"437";"432085";438;2015;"MUNICIPIO";4460;4131;2102;2029;875;2163;1093;439;1043;NA;437;2015;"MUNICIPIO";0;0,701;0;0;438;2015;"MUNICIPIO";56;0;56;2;0;10;12;15;8;1;0;0;56;"22";"27.5";"31.25";"27.09";"6.86";0;5;20;22;8;1;48;2;6;0;0;28;28;24;32;56;0;4;49;1;2;0;0;49;6;1;"38";"39";"40";"27.09";"2.21";12;2;38;3;0;0;56;21;35;52;4;0;4;16;6;5;16;2;2;0;5;0;56;0;0;0;0;32;24;48;2;6;0;0;3;48;5;"3003.75";"3267.5";"3713.75";"3297.25";"592.21";2;45;9;0;56;"9.66";"0.58";56;0;438;2015;"MUNICIPIO";29;0;1;0;0;0;0;0;0;0;0;0;0;0;0;0;0;0;0;0;0;438;2015;"MUNICIPIO";"0";"0";53,6912751677852;6,50224215246637;0;0;0;0
"438";"432090";439;2015;"MUNICIPIO";21525;19250;9392;9858;3567;11254;4429;1756;5648;NA;438;2015;"MUNICIPIO";0;0,76;0;0;439;2015;"MUNICIPIO";359;0;351;2;0;70;105;88;45;11;5;0;359;"23";"28";"33";"28.3";"6.56";0;11;104;145;84;15;336;2;7;2;5;309;48;160;199;359;0;46;292;13;7;1;0;292;54;13;"37.5";"39";"40";"28.3";"2.34";32;10;297;18;1;290;69;126;233;273;42;1;41;56;28;20;79;18;23;22;30;1;359;0;0;0;0;177;182;336;2;7;2;5;42;303;14;"2830";"3200";"3482.5";"3129.68";"573.21";18;281;36;8;350;"9.63";"0.86";356;3;439;2015;"MUNICIPIO";145;0;4;0;0;0;0;6;0;0;0;1;0;1;1;1;0;0;0;0;0;439;2015;"MUNICIPIO";"20.992";"0";63,5623229461756;6,73635307781649;16,7130919220056;106,232294617564;8,88572951839346;16,7130919220056
"439";"432100";440;2015;"MUNICIPIO";10803;10448;5093;5355;2121;5515;2812;1033;2753;1569;439;2015;"MUNICIPIO";0;0,747;0;0;440;2015;"MUNICIPIO";125;0;124;3;0;25;29;25;24;4;0;0;125;"22";"28";"33";"27.61";"6.91";0;4;37;52;28;4;124;0;1;0;0;103;22;51;74;125;0;18;100;7;0;0;0;100;18;7;"37";"38";"40";"27.61";"2.18";8;4;111;1;0;96;29;35;90;105;19;0;27;10;24;5;28;11;6;4;9;0;125;0;0;0;0;65;60;124;0;1;0;0;15;106;4;"2770";"3142";"3392";"3072.26";"561.87";9;104;6;0;125;"9.82";"0.42";124;1;440;2015;"MUNICIPIO";67;0;0;0;0;0;0;0;0;1;0;0;0;0;0;0;0;0;0;0;0;440;2015;"MUNICIPIO";"9.313";"503";45,4050127134036;6,20198093122281;0;0;0;0
"440";"432110";441;2015;"MUNICIPIO";17354;16629;8167;8462;3897;8177;4555;1874;4167;NA;440;2015;"MUNICIPIO";0;0,695;0;0;441;2015;"MUNICIPIO";182;0;181;4;0;41;40;43;21;5;0;0;182;"20.25";"27";"32";"26.86";"6.78";3;11;76;77;12;3;128;31;23;0;0;58;124;57;125;182;0;11;169;0;1;1;0;169;13;0;"38";"39";"39.75";"26.86";"1.9";45;4;124;7;0;3;179;95;87;171;11;0;22;33;26;39;39;1;8;4;10;0;181;1;0;0;0;85;97;128;31;23;0;0;20;160;2;"2805.25";"3185";"3480";"3110.95";"509.88";17;153;8;6;176;"9.31";"0.83";181;1;441;2015;"MUNICIPIO";143;0;1;0;0;0;0;2;0;0;0;0;0;0;0;0;0;0;0;0;0;441;2015;"MUNICIPIO";"13.745";"105";43,6765058795296;8,24017517575199;10,989010989011;47,9961603071754;0;10,989010989011
"441";"432120";442;2015;"MUNICIPIO";57238;54643;26866;27777;12207;29091;13345;5928;14717;7132;441;2015;"MUNICIPIO";0;0,727;0;0;442;2015;"MUNICIPIO";752;0;743;19;0;198;169;156;72;18;1;0;752;"21";"26";"31";"26.19";"6.61";0;32;272;283;83;81;631;47;73;0;1;238;509;334;418;752;0;60;684;3;3;2;0;684;65;3;"38";"39";"40";"26.19";"1.73";98;55;530;47;0;504;248;239;513;718;31;1;77;212;61;102;207;18;10;12;50;1;747;0;3;2;0;380;372;631;47;73;0;1;61;653;38;"2940";"3235";"3531.25";"3216.34";"528.53";43;623;73;10;738;"9.31";"0.72";734;3;442;2015;"MUNICIPIO";448;0;0;0;0;0;0;0;0;0;0;0;0;0;0;0;0;0;0;0;0;442;2015;"MUNICIPIO";"35.929";"0";51,0973703879867;7,82696809811664;0;0;0;0
"442";"432130";443;2015;"MUNICIPIO";27128;26092;12689;13403;5491;13706;6895;2734;6973;NA;442;2015;"MUNICIPIO";0;0,733;0;0;443;2015;"MUNICIPIO";332;0;326;6;0;69;94;74;37;8;0;0;332;"22";"27";"32";"27.1";"6.47";0;15;100;136;46;35;306;11;15;0;0;143;188;148;184;332;0;36;292;1;0;2;0;292;38;1;"38";"39";"40";"27.1";"1.94";87;37;160;34;4;126;206;79;253;325;6;0;48;71;30;20;117;2;4;5;34;0;331;1;0;0;0;174;157;306;11;15;0;0;25;285;22;"2935";"3242.5";"3535";"3222.68";"546.6";19;266;41;7;324;"9.42";"1.03";330;1;443;2015;"MUNICIPIO";225;0;3;0;0;0;0;4;0;0;0;0;0;0;0;0;0;0;0;0;0;443;2015;"MUNICIPIO";"25.032";"0";47,6122185572924;8,29401356531996;12,0481927710843;57,3641187437258;0;12,0481927710843
"443";"432132";444;2015;"MUNICIPIO";3090;2966;1517;1449;567;1489;910;275;714;NA;443;2015;"MUNICIPIO";0;0,739;0;0;444;2015;"MUNICIPIO";23;0;21;0;0;6;6;6;2;2;0;0;23;"23";"27";"31.5";"28.22";"6.54";0;1;5;7;6;4;23;0;0;0;0;16;7;11;12;23;0;2;20;1;0;0;0;20;2;1;"37";"39";"39";"28.22";"1.83";1;2;19;1;0;0;23;2;21;21;2;0;0;9;2;3;5;2;0;0;2;0;23;0;0;0;0;13;10;23;0;0;0;0;0;22;1;"3060";"3150";"3295";"3216.09";"405.57";0;22;0;0;21;"9.1";"0.3";23;0;444;2015;"MUNICIPIO";25;0;0;0;0;0;0;0;0;0;0;0;0;0;0;0;0;0;0;0;0;444;2015;"MUNICIPIO";"1.411";"0";32,2128851540616;8,09061488673139;0;0;0;0
"444";"432135";445;2015;"MUNICIPIO";5554;5351;2777;2574;1024;2552;1775;499;1202;873;444;2015;"MUNICIPIO";0;0,656;0;0;445;2015;"MUNICIPIO";49;0;46;4;0;8;11;11;5;3;0;0;49;"21";"27";"32";"26.8";"7.59";0;6;22;18;2;1;39;4;5;0;0;14;34;19;30;49;0;4;42;2;1;0;0;42;5;2;"38";"39";"40";"26.8";"2.18";17;4;22;3;0;1;48;31;18;48;0;0;2;14;6;9;10;0;0;2;5;0;47;2;0;0;0;22;27;39;4;5;0;0;4;41;4;"2945";"3280";"3500";"3242.55";"575.39";1;39;6;2;46;"9.33";"0.97";49;0;445;2015;"MUNICIPIO";48;0;0;0;0;0;0;0;0;0;0;0;0;0;0;0;0;0;0;0;0;445;2015;"MUNICIPIO";"835";"0";40,765391014975;8,64241987756572;0;0;0;0
"445";"432140";446;2015;"MUNICIPIO";14039;13719;6713;7006;3333;6631;3755;1641;3362;2003;445;2015;"MUNICIPIO";0;0,708;0;0;446;2015;"MUNICIPIO";251;0;249;8;0;58;57;59;28;6;0;0;251;"21";"27";"32";"26.63";"6.73";0;19;64;101;54;13;168;5;15;63;0;194;56;107;144;251;0;24;223;3;0;0;1;223;25;3;"38";"38";"39";"26.63";"1.93";54;15;171;10;0;228;23;107;144;242;9;0;50;38;49;15;64;4;3;8;20;0;251;0;0;0;0;129;122;168;5;15;63;0;17;219;15;"2885";"3195";"3427.5";"3184.72";"507.48";13;204;24;1;250;"9.64";"0.57";250;0;446;2015;"MUNICIPIO";96;0;1;0;0;0;0;2;0;0;0;0;0;0;0;0;0;0;0;0;0;446;2015;"MUNICIPIO";"8.89";"0";74,6579417013682;6,83809388133058;7,96812749003984;59,4883997620464;0;7,96812749003984
"446";"432143";447;2015;"MUNICIPIO";10634;9878;4959;4919;2206;5118;2554;1074;2528;1317;446;2015;"MUNICIPIO";0;0,689;0;0;447;2015;"MUNICIPIO";125;0;125;6;0;23;31;35;9;2;2;0;125;"21";"28";"32";"26.89";"6.87";0;9;39;50;18;9;122;2;1;0;0;42;83;55;70;125;0;11;113;1;0;0;0;113;11;1;"38";"39";"40";"26.89";"1.68";17;9;93;5;1;0;125;44;81;120;5;0;19;27;14;14;36;3;1;4;7;0;125;0;0;0;0;64;61;122;2;1;0;0;11;101;13;"2950";"3360";"3655";"3284.66";"567.8";7;99;15;3;122;"9.57";"0.71";125;0;447;2015;"MUNICIPIO";73;0;0;0;1;0;0;0;0;0;0;0;0;0;0;0;0;0;0;0;0;447;2015;"MUNICIPIO";"3.539";"0";49,4462025316456;6,86477336844085;0;0;0;0
"447";"432145";448;2015;"MUNICIPIO";30170;27272;13523;13749;5244;15456;6572;2573;7681;3495;447;2015;"MUNICIPIO";0;0,747;0;0;448;2015;"MUNICIPIO";420;0;418;3;0;90;111;114;57;10;1;0;420;"23";"28";"33";"28.09";"6.25";0;10;109;219;51;31;372;14;33;0;1;368;52;182;238;420;0;41;369;5;5;0;0;369;46;5;"38";"39";"39.25";"28.09";"1.83";46;5;361;5;0;330;90;57;363;391;27;2;127;29;50;12;125;8;14;17;36;2;420;0;0;0;0;222;198;372;14;33;0;1;28;376;16;"2945";"3265";"3521.25";"3221.05";"484.91";15;341;43;6;414;"9.66";"0.61";408;11;448;2015;"MUNICIPIO";187;0;2;0;0;0;0;2;0;0;0;1;0;1;1;0;0;0;0;0;0;448;2015;"MUNICIPIO";"28";"0";54,6803801588335;6,19821014252569;4,76190476190476;26,0382762661112;6,46997929606625;4,76190476190476
"448";"432146";449;2015;"MUNICIPIO";2912;2724;1372;1352;561;1454;709;276;715;361;448;2015;"MUNICIPIO";0;0,742;0;0;449;2015;"MUNICIPIO";27;0;27;0;0;7;9;6;2;1;0;0;27;"22.5";"28";"30";"27.37";"5.97";0;0;4;19;3;1;27;0;0;0;0;18;9;12;15;27;0;3;24;0;0;0;0;24;3;0;"37";"38";"39";"27.37";"1.34";1;1;23;2;0;0;27;6;21;27;0;0;2;9;0;4;9;0;0;0;3;0;27;0;0;0;0;14;13;27;0;0;0;0;0;27;0;"3025";"3205";"3390";"3162.04";"286.95";0;26;1;1;26;"9.37";"0.74";27;0;449;2015;"MUNICIPIO";17;0;0;0;0;0;0;0;0;0;0;0;0;0;0;0;0;0;0;0;0;449;2015;"MUNICIPIO";"2.912";"0";37,7622377622378;5,83791208791209;0;0;0;0
"449";"432147";450;2015;"MUNICIPIO";6384;6461;3268;3193;1337;2781;2343;657;1366;1170;449;2015;"MUNICIPIO";0;0,689;0;0;450;2015;"MUNICIPIO";58;0;58;0;0;14;15;13;9;1;0;0;58;"23.25";"28";"31.75";"27.64";"6.08";0;4;27;20;6;1;54;2;2;0;0;41;15;20;38;58;0;5;52;1;0;0;0;52;5;1;"37.25";"39";"40";"27.64";"1.63";8;5;43;2;0;0;58;24;34;55;0;3;8;8;13;7;12;0;0;4;3;3;58;0;0;0;0;31;27;54;2;2;0;0;8;47;3;"2827.5";"3127.5";"3465";"3127.84";"549.49";5;41;6;1;57;"9.1";"0.67";58;0;450;2015;"MUNICIPIO";57;0;1;0;0;0;0;1;0;0;0;0;0;0;0;0;0;0;0;0;0;450;2015;"MUNICIPIO";"1.523";"0";42,4597364568082;8,92857142857143;17,2413793103448;73,2064421669107;0;17,2413793103448
"450";"432149";451;2015;"MUNICIPIO";2988;2952;1561;1391;502;1412;1038;226;661;NA;450;2015;"MUNICIPIO";0;0,683;0;0;451;2015;"MUNICIPIO";18;0;17;0;0;3;7;1;5;1;0;0;18;"25";"26.5";"35";"29.11";"6.9";0;1;8;8;1;0;17;0;1;0;0;11;7;6;12;18;0;5;13;0;0;0;0;13;5;0;"36.25";"38";"39";"29.11";"2.14";5;1;12;0;0;0;18;6;12;18;0;0;1;5;2;2;3;0;0;2;3;0;17;1;0;0;0;7;11;17;0;1;0;0;4;14;0;"2575";"2930";"3187.5";"2860.28";"502.82";3;13;0;0;18;"9.61";"0.5";18;0;451;2015;"MUNICIPIO";25;0;0;0;0;0;0;0;0;0;0;0;0;0;0;0;0;0;0;0;0;451;2015;"MUNICIPIO";"1.999";"0";27,231467473525;8,36680053547523;0;0;0;0
"451";"432150";452;2015;"MUNICIPIO";37107;34656;16835;17821;7228;18338;9090;3532;9435;4854;451;2015;"MUNICIPIO";0;0,762;0;0;452;2015;"MUNICIPIO";572;0;569;8;0;118;150;133;64;18;1;0;572;"22";"27";"32";"27.3";"6.74";2;14;151;254;102;49;540;10;13;8;1;273;298;230;342;572;0;56;494;17;4;0;0;494;60;17;"37";"39";"40";"27.3";"1.85";87;56;359;59;7;451;121;153;419;559;12;1;36;165;26;103;167;4;2;22;45;1;570;0;0;2;0;295;276;540;10;13;8;1;46;491;34;"2922.5";"3230";"3560";"3208.86";"534.13";33;451;63;14;557;"9.24";"0.68";569;2;452;2015;"MUNICIPIO";276;0;1;0;0;1;0;2;0;0;0;1;0;1;1;0;0;1;0;0;0;452;2015;"MUNICIPIO";"36.12";"19.217";60,6253312135665;7,43794971299216;3,4965034965035;21,1976682564918;5,45315737812193;3,4965034965035
"452";"432160";453;2015;"MUNICIPIO";46369;41585;20095;21490;10112;20795;10678;4951;10770;5769;452;2015;"MUNICIPIO";0;0,719;0;0;453;2015;"MUNICIPIO";831;0;806;18;0;219;198;160;80;24;0;0;831;"21";"26";"31";"26.16";"6.66";1;30;320;384;42;54;731;50;49;0;0;235;592;301;530;831;0;72;737;6;3;12;0;737;87;6;"38";"39";"40";"26.16";"2.32";175;40;549;35;8;682;149;440;391;809;20;0;78;185;132;149;181;5;9;23;66;0;828;0;0;3;0;436;395;731;50;49;0;0;82;705;44;"2907.5";"3230";"3540";"3178.67";"593.7";47;678;80;17;811;"9.37";"0.88";826;2;453;2015;"MUNICIPIO";392;0;8;0;0;0;0;15;0;0;0;0;0;0;0;0;0;0;0;0;0;453;2015;"MUNICIPIO";"46.369";"12.155";77,158774373259;8,45392395781664;18,0505415162455;139,275766016713;0;18,0505415162455
"453";"432162";454;2015;"MUNICIPIO";2389;2314;1171;1143;342;1075;897;168;507;NA;453;2015;"MUNICIPIO";0;0,701;0;0;454;2015;"MUNICIPIO";16;0;16;0;0;2;3;5;2;2;0;0;16;"24";"31";"34";"29.75";"7.68";0;1;6;5;1;3;15;0;1;0;0;13;3;6;10;16;0;0;16;0;0;0;0;16;0;0;"37.75";"38";"39";"29.75";"1.13";1;0;13;2;0;0;16;2;14;12;4;0;1;4;0;1;6;1;3;0;0;0;16;0;0;0;0;6;10;15;0;1;0;0;0;15;1;"2983.75";"3235";"3415";"3262.81";"399.62";0;15;1;0;16;"9.75";"0.45";16;0;454;2015;"MUNICIPIO";21;0;0;0;0;0;0;0;0;0;0;0;0;0;0;0;0;0;0;0;0;454;2015;"MUNICIPIO";"0";"0";31,5581854043393;8,79028882377564;0;0;0;0
"454";"432163";455;2015;"MUNICIPIO";2873;2855;1428;1427;369;1405;1081;186;688;NA;454;2015;"MUNICIPIO";0;0,791;0;0;455;2015;"MUNICIPIO";10;0;10;0;0;1;3;3;2;0;0;0;10;"27.25";"30";"32.75";"29.4";"5.19";0;1;2;5;1;1;10;0;0;0;0;9;1;4;6;10;0;1;9;0;0;0;0;9;1;0;"38";"38";"38.75";"29.4";"1.03";1;1;8;0;0;0;10;1;9;10;0;0;1;2;0;1;5;0;0;0;1;0;10;0;0;0;0;3;7;10;0;0;0;0;0;10;0;"3042.5";"3350";"3418.75";"3274.5";"298.02";0;10;0;0;10;"9.4";"0.7";10;0;455;2015;"MUNICIPIO";15;0;0;0;0;0;0;0;0;0;0;0;0;0;0;0;0;0;0;0;0;455;2015;"MUNICIPIO";"2.873";"0";14,5348837209302;5,22102332057083;0;0;0;0
"455";"432166";456;2015;"MUNICIPIO";10811;10217;5156;5061;2021;5544;2652;994;2741;NA;455;2015;"MUNICIPIO";0;0,718;0;0;456;2015;"MUNICIPIO";134;0;133;1;0;17;42;45;17;3;0;0;134;"25";"29";"32.75";"28.87";"5.73";0;1;30;68;27;8;132;2;0;0;0;82;52;43;91;134;0;6;125;3;0;0;0;125;6;3;"38";"39";"39";"28.87";"1.44";10;4;105;13;0;0;134;29;105;129;5;0;5;32;10;26;49;2;2;2;6;0;134;0;0;0;0;64;70;132;2;0;0;0;5;123;6;"3040";"3250";"3570";"3284.46";"432";6;110;16;0;134;"9.32";"0.53";133;1;456;2015;"MUNICIPIO";60;0;0;0;0;0;0;0;0;0;0;0;0;0;0;0;0;0;0;0;0;456;2015;"MUNICIPIO";"2.604";"0";48,8872674206494;5,54990287669966;0;0;0;0
"456";"432170";457;2015;"MUNICIPIO";26092;23848;11837;12011;5287;13813;4748;2656;6812;2543;456;2015;"MUNICIPIO";0;0,71;0;0;457;2015;"MUNICIPIO";328;0;322;1;0;70;77;83;36;10;1;0;328;"21";"28";"32";"27.3";"6.65";0;16;125;146;24;17;295;5;28;0;0;137;190;125;203;328;0;31;280;11;3;2;1;280;37;11;"38";"39";"40";"27.3";"2.56";49;14;246;14;2;109;219;99;229;313;14;0;34;72;29;51;93;3;10;7;28;0;328;0;0;0;0;181;147;295;5;28;0;0;27;280;21;"2928.75";"3262.5";"3556.25";"3219.95";"583.35";21;252;40;5;322;"9.55";"0.87";306;2;457;2015;"MUNICIPIO";160;0;4;0;0;0;0;4;0;0;0;0;0;0;0;0;0;0;0;0;0;457;2015;"MUNICIPIO";"17.038";"0";48,1503229594833;6,13214778476161;12,1951219512195;58,7199060481503;0;12,1951219512195
"457";"432180";458;2015;"MUNICIPIO";24485;23726;11484;12242;4205;12589;6932;2015;6396;3831;457;2015;"MUNICIPIO";0;0,759;0;0;458;2015;"MUNICIPIO";268;0;265;5;0;52;82;57;38;7;0;0;268;"23";"27.5";"32";"27.53";"6.4";0;7;59;139;47;16;254;2;12;0;0;97;169;131;137;268;0;29;219;16;3;0;1;219;33;16;"37";"38";"39";"27.53";"2.29";19;16;219;11;1;254;14;25;243;260;8;0;15;103;9;30;74;3;5;0;29;0;268;0;0;0;0;147;121;254;2;12;0;0;15;246;7;"2940";"3180";"3432.5";"3162.91";"494.01";12;231;20;2;265;"9.11";"0.72";267;1;458;2015;"MUNICIPIO";208;0;3;0;0;0;0;5;0;0;0;0;0;0;0;0;0;0;0;0;0;458;2015;"MUNICIPIO";"20.232";"0";41,9011882426517;8,49499693690014;18,6567164179104;78,1738586616635;0;18,6567164179104
"458";"432183";459;2015;"MUNICIPIO";2924;2914;1512;1402;615;1452;847;283;686;NA;458;2015;"MUNICIPIO";0;0,662;0;0;459;2015;"MUNICIPIO";35;0;34;3;0;9;2;9;4;1;0;0;35;"19";"24";"32.5";"25.86";"7.72";1;1;14;12;6;1;33;2;0;0;0;13;22;17;18;35;0;3;30;0;2;0;0;30;5;0;"38";"38";"39.5";"25.86";"2.32";4;3;26;1;0;0;35;16;19;33;2;0;3;12;3;5;5;0;2;0;5;0;35;0;0;0;0;18;17;33;2;0;0;0;3;30;2;"2945";"3090";"3492.5";"3101.57";"614.92";1;30;4;1;34;"9.14";"0.73";35;0;459;2015;"MUNICIPIO";17;0;0;0;0;0;0;0;0;0;0;0;0;0;0;0;0;0;0;0;0;459;2015;"MUNICIPIO";"695";"685";51,0204081632653;5,81395348837209;0;0;0;0
"459";"432185";460;2015;"MUNICIPIO";4471;4381;2210;2171;927;2112;1342;454;1028;689;459;2015;"MUNICIPIO";0;0,703;0;0;460;2015;"MUNICIPIO";59;0;58;1;0;15;13;16;5;2;0;0;59;"21.5";"27";"32";"26.93";"6.36";0;3;11;32;10;3;48;1;1;9;0;48;11;24;35;59;0;8;48;1;1;1;0;48;10;1;"37.5";"38";"39";"26.93";"2.27";2;0;47;2;0;0;59;23;36;56;1;0;9;11;4;8;15;1;0;0;9;0;59;0;0;0;0;27;32;48;1;1;9;0;6;52;1;"2822.5";"3075";"3445";"3072.63";"574.22";5;51;3;2;57;"9.22";"0.74";59;0;460;2015;"MUNICIPIO";23;0;0;0;0;0;0;0;0;0;0;0;0;0;0;0;0;0;0;0;0;460;2015;"MUNICIPIO";"0";"0";57,3929961089494;5,14426302840528;0;0;0;0
"460";"432190";461;2015;"MUNICIPIO";24647;23965;11751;12214;4331;12424;7210;2107;6165;3942;460;2015;"MUNICIPIO";0;0,768;0;0;461;2015;"MUNICIPIO";312;0;308;4;0;76;81;65;39;11;0;0;312;"22";"27";"32";"27.27";"6.48";0;4;87;160;41;20;293;1;17;0;0;227;83;154;158;312;0;35;266;8;2;1;0;266;38;8;"37";"38";"40";"27.27";"2.07";55;11;238;7;0;301;11;79;233;304;8;0;47;84;33;30;77;3;3;2;33;0;312;0;0;0;0;159;153;293;1;17;0;0;30;275;7;"2838.75";"3190";"3511.25";"3163.12";"531.46";21;256;31;1;308;"9.1";"0.77";311;1;461;2015;"MUNICIPIO";204;0;1;0;0;0;0;1;0;0;0;1;0;1;1;0;0;0;0;1;0;461;2015;"MUNICIPIO";"22.098";"199";50,6082725060827;8,27686939586968;3,2051282051282;16,220600162206;8,04893754024469;3,2051282051282
"461";"432195";462;2015;"MUNICIPIO";5961;5787;2884;2903;1332;2803;1652;646;1400;NA;461;2015;"MUNICIPIO";0;0,687;0;0;462;2015;"MUNICIPIO";84;0;81;3;0;15;24;18;7;2;0;0;84;"20";"26";"31";"26.04";"6.72";0;2;34;27;16;4;75;1;5;3;0;60;22;43;41;84;0;5;75;2;1;0;0;75;6;2;"38";"39";"39";"26.04";"1.68";14;5;53;2;0;1;83;33;51;69;5;0;17;16;6;6;18;4;1;0;6;0;83;0;0;1;0;40;44;75;1;5;3;0;9;72;3;"2855";"3130";"3381.25";"3132.74";"531.87";9;68;6;4;79;"9.24";"0.82";84;0;462;2015;"MUNICIPIO";34;0;1;0;0;0;0;2;0;0;0;0;0;0;0;0;0;0;0;0;0;462;2015;"MUNICIPIO";"3.612";"0";60;5,70374098305653;23,8095238095238;142,857142857143;0;23,8095238095238
"462";"432200";463;2015;"MUNICIPIO";27867;25793;12933;12860;6050;13627;6116;2998;6763;3099;462;2015;"MUNICIPIO";0;0,733;0;0;463;2015;"MUNICIPIO";361;0;358;8;0;95;87;78;30;11;0;0;361;"21";"26";"31";"26.16";"6.45";1;13;135;156;37;19;306;18;34;3;0;150;210;158;203;361;0;29;318;8;5;1;0;318;35;8;"38";"39";"40";"26.16";"2.04";101;25;221;6;1;237;124;120;241;354;7;0;19;127;13;66;98;2;5;6;25;0;359;0;0;2;0;179;182;306;18;34;3;0;25;315;21;"2950";"3250";"3530";"3222.78";"535.3";19;291;41;9;350;"9.66";"0.78";354;6;463;2015;"MUNICIPIO";187;0;5;0;0;0;0;6;0;0;0;1;0;1;1;0;0;0;0;0;0;463;2015;"MUNICIPIO";"15.085";"0";53,3786781014343;6,71044604729608;16,6204986149584;88,7180245453201;7,33837234901299;16,6204986149584
"463";"432210";464;2015;"MUNICIPIO";5993;5898;2817;3081;951;2955;1992;483;1522;1076;463;2015;"MUNICIPIO";0;0,747;0;0;464;2015;"MUNICIPIO";51;0;51;0;0;12;18;11;5;1;0;0;51;"22.5";"27";"32";"27.29";"5.96";0;4;12;18;13;4;50;0;1;0;0;23;28;24;27;51;0;5;45;1;0;0;0;45;5;1;"38";"39";"39";"27.29";"1.28";8;3;37;1;0;0;51;13;38;50;1;0;4;19;3;7;12;0;1;0;5;0;51;0;0;0;0;21;30;50;0;1;0;0;2;47;2;"2975";"3240";"3472.5";"3229.94";"391.5";3;44;4;1;50;"9.41";"0.88";51;0;464;2015;"MUNICIPIO";44;0;0;0;0;0;0;0;0;0;0;0;0;0;0;0;0;0;0;0;0;464;2015;"MUNICIPIO";"4.424";"0";33,5085413929041;7,34189888202903;0;0;0;0
"464";"432215";465;2015;"MUNICIPIO";4586;4395;2278;2117;1030;2360;1005;507;1099;NA;464;2015;"MUNICIPIO";0;0,657;0;0;465;2015;"MUNICIPIO";51;0;51;0;0;10;15;13;6;0;0;0;51;"22.5";"27";"32";"27.24";"6.14";0;9;18;17;5;2;47;0;3;0;1;40;11;20;31;51;0;10;39;2;0;0;0;39;10;2;"37";"38";"38";"27.24";"1.6";3;4;40;4;0;0;51;6;45;36;13;2;1;11;2;3;13;7;5;1;6;2;51;0;0;0;0;25;26;47;0;3;0;1;6;45;0;"2742.5";"3050";"3280";"2993.82";"464.69";4;45;1;0;51;"9.82";"0.39";50;1;465;2015;"MUNICIPIO";28;0;0;0;0;0;0;0;0;0;0;0;0;0;0;0;0;0;0;0;0;465;2015;"MUNICIPIO";"4.25";"825";46,4058234758872;6,10553859572612;0;0;0;0
"465";"432218";466;2015;"MUNICIPIO";1584;1573;816;757;308;775;490;152;364;NA;465;2015;"MUNICIPIO";0;0,694;0;0;466;2015;"MUNICIPIO";7;0;7;0;0;0;2;2;1;0;1;0;7;"28";"31";"33.5";"31";"9.29";0;0;0;7;0;0;7;0;0;0;0;5;2;1;6;7;0;0;7;0;0;0;0;7;0;0;"38.5";"39";"40";"31";"1.11";0;1;6;0;0;0;7;3;4;6;0;0;1;0;2;1;2;0;0;0;0;0;7;0;0;0;0;5;2;7;0;0;0;0;0;7;0;"3127.5";"3160";"3420";"3272.14";"235.4";0;7;0;0;7;"9.86";"0.38";7;0;466;2015;"MUNICIPIO";10;0;0;0;0;0;0;0;0;0;0;0;0;0;0;0;0;0;0;0;0;466;2015;"MUNICIPIO";"0";"0";19,2307692307692;6,31313131313131;0;0;0;0
"466";"432220";467;2015;"MUNICIPIO";23521;22281;10864;11417;5253;11557;5471;2613;5885;2919;466;2015;"MUNICIPIO";0;0,709;0;0;467;2015;"MUNICIPIO";299;0;293;8;0;68;74;43;44;6;0;0;299;"20";"26";"32";"26.3";"7.15";2;20;135;93;34;15;184;4;111;0;0;177;121;107;192;299;0;58;222;10;6;1;0;222;65;10;"37";"38";"40";"26.3";"2.7";100;14;161;13;3;231;68;111;188;288;10;1;38;46;43;35;60;4;6;8;56;1;298;0;0;1;0;157;142;184;4;111;0;0;45;249;5;"2820";"3110";"3445";"3075.55";"554.29";20;230;34;10;289;"9.6";"0.81";286;5;467;2015;"MUNICIPIO";154;0;1;0;0;0;0;3;0;0;0;0;0;0;0;0;0;0;0;0;0;467;2015;"MUNICIPIO";"18.618";"0";50,8071367884452;6,54734067429106;10,0334448160535;50,9770603228547;0;10,0334448160535
"467";"432225";468;2015;"MUNICIPIO";4366;3924;2068;1856;753;2292;879;357;1066;NA;467;2015;"MUNICIPIO";0;0,718;0;0;468;2015;"MUNICIPIO";51;0;51;1;0;10;19;10;5;1;0;0;51;"22.5";"27";"31";"27.16";"6.08";0;0;13;23;7;8;44;4;3;0;0;22;29;20;31;51;0;5;46;0;0;0;0;46;5;0;"38";"39";"40";"27.16";"1.67";10;0;40;0;0;0;51;13;38;50;1;0;6;12;8;1;18;0;1;0;5;0;51;0;0;0;0;24;27;44;4;3;0;0;3;41;7;"3012.5";"3325";"3652.5";"3365.98";"528.51";2;41;8;0;51;"9.61";"0.53";50;1;468;2015;"MUNICIPIO";19;0;0;0;0;0;0;2;0;0;0;0;0;0;0;0;0;0;0;0;0;468;2015;"MUNICIPIO";"0";"300";47,8424015009381;4,3518094365552;39,2156862745098;187,617260787993;0;39,2156862745098
"468";"432230";469;2015;"MUNICIPIO";8574;8557;4146;4411;1292;4210;3055;632;2138;NA;468;2015;"MUNICIPIO";0;0,728;0;0;469;2015;"MUNICIPIO";66;0;66;1;0;9;24;14;9;4;0;0;66;"25";"28";"33";"28.53";"6.76";0;1;12;33;15;5;58;1;7;0;0;40;26;32;34;66;0;7;56;3;0;0;0;56;7;3;"38";"38";"39";"28.53";"1.85";4;4;43;13;0;53;13;16;50;64;2;0;2;25;6;6;18;1;1;0;7;0;66;0;0;0;0;32;34;58;1;7;0;0;4;59;3;"2853.75";"3150";"3311.25";"3138.83";"458.21";1;58;6;0;66;"9.5";"0.73";66;0;469;2015;"MUNICIPIO";79;0;0;0;0;0;0;0;0;0;0;0;0;0;0;0;0;0;0;0;0;469;2015;"MUNICIPIO";"5.796";"0";30,8699719363891;9,21390249591789;0;0;0;0
"469";"432232";470;2015;"MUNICIPIO";3596;3522;1778;1744;716;1790;1016;356;864;NA;469;2015;"MUNICIPIO";0;0,629;0;0;470;2015;"MUNICIPIO";48;0;45;1;0;9;17;11;4;2;0;0;48;"23";"27";"31";"27.31";"6.23";0;6;19;20;2;1;36;5;5;0;0;17;31;19;29;48;0;3;45;0;0;0;0;45;3;0;"38";"39";"40";"27.31";"1.48";11;1;33;0;0;0;48;17;31;47;1;0;15;3;10;5;11;0;1;0;3;0;48;0;0;0;0;21;27;36;5;5;0;0;5;38;5;"3052.5";"3387.5";"3673.75";"3310.21";"542.98";4;38;6;1;47;"9.65";"0.76";47;1;470;2015;"MUNICIPIO";23;0;0;0;0;0;0;0;0;0;0;0;0;0;0;0;0;0;0;0;0;470;2015;"MUNICIPIO";"1.481";"0";55,5555555555556;6,39599555061179;0;0;0;0
"470";"432234";471;2015;"MUNICIPIO";2265;2296;1183;1113;412;1152;732;185;542;NA;470;2015;"MUNICIPIO";0;0,7;0;0;471;2015;"MUNICIPIO";20;0;20;0;0;4;4;5;5;0;0;0;20;"23";"29.5";"34.25";"28.75";"6.59";0;1;4;14;0;1;19;0;1;0;0;16;4;10;10;20;0;1;19;0;0;0;0;19;1;0;"38";"38.5";"39";"28.75";"1.55";5;1;10;4;0;0;20;0;20;19;1;0;4;6;0;3;6;0;1;0;0;0;20;0;0;0;0;10;10;19;0;1;0;0;2;18;0;"3023.75";"3257.5";"3461.25";"3180.5";"597.11";2;17;1;0;20;"9.55";"0.76";19;1;471;2015;"MUNICIPIO";18;0;0;0;0;0;0;0;0;0;0;0;0;0;0;0;0;0;0;0;0;471;2015;"MUNICIPIO";"0";"0";36,90036900369;7,94701986754967;0;0;0;0
"471";"432235";472;2015;"MUNICIPIO";1413;1487;797;690;203;646;638;102;272;NA;471;2015;"MUNICIPIO";0;0,733;0;0;472;2015;"MUNICIPIO";4;0;4;0;0;0;0;2;1;0;0;0;4;"28.5";"33";"35";"30.5";"8.7";0;0;1;1;2;0;4;0;0;0;0;3;1;2;2;4;0;1;3;0;0;0;0;3;1;0;"37.25";"39";"40.25";"30.5";"2.65";1;0;3;0;0;0;4;0;4;4;0;0;0;1;0;2;0;0;0;0;1;0;4;0;0;0;0;4;0;4;0;0;0;0;0;3;1;"2875";"3240";"3755";"3390";"687.12";0;3;1;0;4;"9.25";"0.5";4;0;472;2015;"MUNICIPIO";13;0;0;0;0;0;0;0;0;0;0;0;0;0;0;0;0;0;0;0;0;472;2015;"MUNICIPIO";"0";"0";14,7058823529412;9,20028308563341;0;0;0;0
"472";"432237";473;2015;"MUNICIPIO";2481;2450;1245;1205;529;1160;761;264;583;NA;472;2015;"MUNICIPIO";0;0,649;0;0;473;2015;"MUNICIPIO";25;0;25;0;0;7;9;5;1;1;0;0;25;"23";"26";"30";"27.04";"5.63";0;1;7;15;1;1;24;0;1;0;0;10;15;10;15;25;0;4;21;0;0;0;0;21;4;0;"38";"39";"39";"27.04";"2.1";1;0;20;2;0;0;25;8;17;21;4;0;2;7;2;3;6;1;0;4;0;0;25;0;0;0;0;15;10;24;0;1;0;0;4;19;2;"2865";"3090";"3425";"3052.4";"671.59";0;19;2;0;25;"9.36";"0.76";24;1;473;2015;"MUNICIPIO";18;0;0;0;0;0;0;0;0;0;0;0;0;0;0;0;0;0;0;0;0;473;2015;"MUNICIPIO";"990";"0";42,8816466552316;7,25513905683192;0;0;0;0
"473";"432240";474;2015;"MUNICIPIO";129652;125435;61009;64426;32652;66169;26614;16287;33748;14391;473;2015;"MUNICIPIO";0;0,744;0;0;474;2015;"MUNICIPIO";1954;0;1360;63;0;474;437;402;212;56;5;0;1954;"21";"26";"32";"26.42";"6.96";3;68;625;905;252;101;1338;98;517;0;1;1593;360;744;1210;1954;0;165;1746;7;19;11;2;1746;197;7;"38";"39";"40";"26.42";"2.18";451;150;1095;230;13;1931;23;806;1148;1854;89;5;355;264;371;230;449;43;37;47;144;5;1948;0;0;6;0;1021;933;1338;98;517;0;1;162;1655;137;"2956.25";"3300";"3618.75";"3249.15";"592.42";82;1587;229;28;1340;"9.34";"0.91";1944;8;474;2015;"MUNICIPIO";921;1;17;0;0;0;0;26;1;3;0;0;0;1;1;0;1;0;0;0;0;474;2015;"MUNICIPIO";"123.989";"93.319";57,8997273912528;7,10363125906272;13,3060388945752;77,0416024653313;1,51128171802506;13,3060388945752
"474";"432250";475;2015;"MUNICIPIO";64857;61342;30083;31259;14409;32155;14778;7001;16248;8010;474;2015;"MUNICIPIO";0;0,721;0;0;475;2015;"MUNICIPIO";1075;0;909;38;0;278;235;216;116;24;1;0;1075;"21";"25";"31";"26.11";"6.74";2;39;438;410;111;69;864;52;155;4;0;775;299;446;629;1075;0;146;764;76;8;3;0;764;157;76;"37";"39";"40";"26.11";"2.5";188;77;657;57;5;1022;53;500;574;961;72;2;100;213;119;138;178;31;36;25;124;2;1072;0;2;1;0;535;540;864;52;155;4;0;123;900;52;"2860";"3160";"3490";"3129.58";"577.85";81;755;98;20;1003;"9.06";"0.66";1073;1;475;2015;"MUNICIPIO";524;0;9;0;0;0;0;12;1;1;0;0;0;1;1;1;0;0;0;0;0;475;2015;"MUNICIPIO";"64.585";"0";66,1619891678976;8,07931295002853;11,1627906976744;73,8552437223043;3,10993624630695;11,1627906976744
"475";"432252";476;2015;"MUNICIPIO";3434;3253;1652;1601;638;1601;1014;301;790;NA;475;2015;"MUNICIPIO";0;0,624;0;0;476;2015;"MUNICIPIO";35;0;35;0;0;7;9;9;2;2;0;0;35;"22.5";"26";"31";"27.09";"6.45";0;4;10;18;2;1;31;1;3;0;0;14;21;19;16;35;0;5;30;0;0;0;0;30;5;0;"37";"38";"40";"27.09";"1.99";0;5;29;0;0;0;35;7;28;35;0;0;3;15;1;5;6;0;0;0;5;0;35;0;0;0;0;17;18;31;1;3;0;0;7;28;0;"2587.5";"3100";"3425";"2998.71";"582.15";4;30;1;0;35;"9.23";"0.73";34;1;476;2015;"MUNICIPIO";35;0;0;0;0;0;0;1;0;0;0;0;0;0;0;0;0;0;0;0;0;476;2015;"MUNICIPIO";"8.089";"0";44,3037974683544;10,1921956901573;28,5714285714286;126,582278481013;0;28,5714285714286
"476";"432253";477;2015;"MUNICIPIO";11650;11077;5597;5480;2236;5845;2996;1128;2776;NA;476;2015;"MUNICIPIO";0;0,737;0;0;477;2015;"MUNICIPIO";106;0;105;4;0;17;32;21;8;6;1;0;106;"21";"27";"31";"26.77";"6.91";0;14;47;32;9;4;86;3;17;0;0;57;48;54;52;106;0;9;96;1;0;0;0;96;9;1;"38";"39";"40";"26.77";"1.54";21;2;77;3;2;72;34;53;53;100;6;0;19;26;17;11;18;4;2;0;9;0;106;0;0;0;0;50;56;86;3;17;0;0;8;83;15;"3092.5";"3362.5";"3757.5";"3413.54";"564.74";6;75;25;2;104;"9.58";"0.72";105;1;477;2015;"MUNICIPIO";98;0;0;0;0;0;0;0;0;0;0;0;0;0;0;0;0;0;0;0;0;477;2015;"MUNICIPIO";"5.175";"0";38,1844380403458;8,41201716738197;0;0;0;0
"477";"432254";478;2015;"MUNICIPIO";5548;5118;2570;2548;975;3012;1131;485;1474;NA;477;2015;"MUNICIPIO";0;0,646;0;0;478;2015;"MUNICIPIO";68;0;68;0;0;10;17;16;15;2;1;0;68;"24.75";"29.5";"35";"29.47";"6.83";0;1;22;36;4;5;62;2;3;1;0;41;27;31;37;68;0;10;54;3;1;0;0;54;11;3;"37";"39";"40";"29.47";"2.15";10;3;52;2;0;0;68;16;52;65;3;0;8;16;3;11;17;3;0;2;8;0;68;0;0;0;0;40;28;62;2;3;1;0;8;59;1;"2835";"3237.5";"3543.75";"3163.53";"518.33";3;54;9;0;68;"9.35";"0.64";65;1;478;2015;"MUNICIPIO";25;0;0;0;0;0;0;0;0;0;0;0;0;0;0;0;0;0;0;0;0;478;2015;"MUNICIPIO";"0";"0";46,1329715061058;4,50612833453497;0;0;0;0
"478";"432255";479;2015;"MUNICIPIO";2087;1984;993;991;330;1079;575;164;531;NA;478;2015;"MUNICIPIO";0;0,757;0;0;479;2015;"MUNICIPIO";18;0;18;0;0;4;6;2;4;1;0;0;18;"24.5";"28";"34.5";"28.78";"6.76";0;1;4;8;5;0;18;0;0;0;0;15;3;6;12;18;0;0;18;0;0;0;0;18;0;0;"38";"38";"39";"28.78";"1";3;2;12;1;0;0;18;4;14;18;0;0;1;5;1;5;6;0;0;0;0;0;18;0;0;0;0;8;10;18;0;0;0;0;1;17;0;"2792.5";"3250";"3458.75";"3148.89";"401.23";2;15;1;0;18;"9.28";"0.67";18;0;479;2015;"MUNICIPIO";11;0;0;0;0;0;0;0;0;0;0;0;0;0;0;0;0;0;0;0;0;479;2015;"MUNICIPIO";"2.087";"0";33,8983050847458;5,2707235265932;0;0;0;0
"479";"432260";480;2015;"MUNICIPIO";69859;65946;32643;33303;12592;35826;17528;6098;17789;9416;479;2015;"MUNICIPIO";0;0,712;0;0;480;2015;"MUNICIPIO";815;0;814;14;0;170;208;200;113;19;2;0;815;"22";"28";"33";"27.65";"6.63";1;26;306;337;102;43;677;72;64;1;1;345;470;347;468;815;0;70;740;0;3;2;0;740;75;0;"38";"39";"40";"27.65";"1.81";78;57;632;40;0;758;57;238;577;740;75;0;49;229;44;159;189;37;34;21;53;0;813;0;0;2;0;424;391;677;72;64;1;1;82;694;39;"2902.5";"3210";"3520";"3176.35";"548.67";45;682;67;15;800;"9.43";"0.79";808;5;480;2015;"MUNICIPIO";490;1;5;0;0;0;0;10;2;1;0;1;0;3;3;0;0;2;1;0;0;480;2015;"MUNICIPIO";"48.198";"0";45,8148293889482;7,01412845875263;12,2699386503067;56,2145145876665;8,37380673254061;12,2699386503067
"480";"432270";481;2015;"MUNICIPIO";25700;23983;11749;12234;4897;12929;6157;2464;6460;NA;480;2015;"MUNICIPIO";0;0,737;0;0;481;2015;"MUNICIPIO";284;0;281;10;0;62;81;58;31;7;0;0;284;"22";"27";"32";"26.84";"6.46";1;19;110;100;38;16;231;26;27;0;0;145;138;144;140;284;0;25;243;14;1;1;0;243;27;14;"38";"39";"40";"26.84";"1.96";56;10;213;3;1;195;89;75;209;266;18;0;34;87;30;36;57;6;10;4;20;0;284;0;0;0;0;138;146;231;26;27;0;0;21;248;15;"2906.25";"3225";"3546.25";"3206.8";"508.77";19;231;27;2;282;"9.29";"0.58";278;5;481;2015;"MUNICIPIO";199;0;1;0;0;0;0;4;0;0;0;0;0;0;0;0;0;0;0;0;0;481;2015;"MUNICIPIO";"25.7";"12.731";43,9628482972136;7,7431906614786;14,0845070422535;61,9195046439629;0;14,0845070422535
"481";"432280";482;2015;"MUNICIPIO";24686;22810;11102;11708;3780;12628;6402;1869;6370;3469;481;2015;"MUNICIPIO";0;0,773;0;0;482;2015;"MUNICIPIO";258;0;257;3;0;58;60;62;36;9;0;1;258;"22";"27.5";"33";"27.74";"6.78";1;4;73;103;63;14;214;4;39;1;0;205;51;122;136;258;0;36;220;1;1;0;0;220;37;1;"38";"38";"39";"27.74";"1.92";38;10;194;13;0;205;53;94;164;248;9;1;20;80;19;35;58;4;3;10;28;1;258;0;0;0;0;135;123;214;4;39;1;0;31;220;7;"2820";"3135";"3400";"3100.28";"504.1";12;218;18;8;250;"9.03";"0.89";254;3;482;2015;"MUNICIPIO";179;0;2;0;0;0;0;1;0;0;0;0;0;0;0;0;0;0;0;0;0;482;2015;"MUNICIPIO";"22.5";"22";40,5023547880691;7,2510734829458;3,87596899224806;15,6985871271586;0;3,87596899224806
"482";"432285";483;2015;"MUNICIPIO";1976;1974;1024;950;289;911;774;131;414;NA;482;2015;"MUNICIPIO";0;0,723;0;0;483;2015;"MUNICIPIO";11;0;11;0;0;0;2;7;2;0;0;0;11;"30.5";"31";"32";"31.09";"3.83";0;0;1;10;0;0;11;0;0;0;0;8;3;3;8;11;0;1;10;0;0;0;0;10;1;0;"37";"38";"39";"31.09";"1.08";1;0;10;0;0;0;11;5;6;4;3;0;0;1;1;0;1;1;2;3;1;0;11;0;0;0;0;8;3;11;0;0;0;0;3;8;0;"2502.5";"2740";"3232.5";"2887.27";"586.31";1;6;1;0;11;"9.82";"0.4";11;0;483;2015;"MUNICIPIO";17;0;0;0;0;0;0;0;0;0;0;0;0;0;0;0;0;0;0;0;0;483;2015;"MUNICIPIO";"1.976";"0";26,5700483091787;8,60323886639676;0;0;0;0
"483";"432290";484;2015;"MUNICIPIO";5271;5311;2620;2691;848;2621;1842;423;1277;NA;483;2015;"MUNICIPIO";0;0,702;0;0;484;2015;"MUNICIPIO";36;0;36;0;0;9;9;10;3;4;0;0;36;"24";"29";"33";"29.42";"6.53";0;6;12;13;4;1;29;0;7;0;0;25;11;17;19;36;0;4;28;3;1;0;0;28;5;3;"38";"39";"40";"29.42";"2.31";3;5;27;1;0;1;35;12;24;34;2;0;4;10;2;3;10;1;1;2;3;0;36;0;0;0;0;13;23;29;0;7;0;0;5;31;0;"2931.25";"3195";"3406.25";"3096.11";"555.43";3;27;2;0;36;"9.22";"0.59";34;0;484;2015;"MUNICIPIO";34;0;0;0;0;0;0;0;0;0;0;0;0;0;0;0;0;0;0;0;0;484;2015;"MUNICIPIO";"2.92";"0";28,1910728269381;6,45038892050844;0;0;0;0
"484";"432300";485;2015;"MUNICIPIO";251978;239384;116483;122901;58609;127434;53341;28744;64856;29301;484;2015;"MUNICIPIO";0;0,717;0;0;485;2015;"MUNICIPIO";3489;0;3366;67;0;928;811;625;383;109;5;0;3489;"21";"26";"31";"26.31";"6.82";9;100;1173;1822;217;168;2472;517;469;16;2;1087;2385;1392;2097;3489;0;334;3031;59;25;24;1;3031;384;59;"38";"39";"40";"26.31";"2.23";1177;256;1510;336;95;756;2733;2042;1447;3306;165;12;523;658;658;448;657;65;75;72;305;12;3462;6;1;20;0;1784;1704;2472;517;469;16;2;311;2966;210;"2911";"3255";"3575";"3215.31";"585.11";242;2737;389;102;3367;"9.22";"0.86";3447;33;485;2015;"MUNICIPIO";1774;1;19;1;5;0;0;20;1;2;0;0;1;2;2;1;0;1;0;0;0;485;2015;"MUNICIPIO";"231.019";"3.562";53,7961021339583;7,04029716880045;5,7323015190599;30,8375477981991;1,5694398669115;5,7323015190599
"485";"432310";486;2015;"MUNICIPIO";5224;5285;2701;2584;1265;2625;1395;586;1267;NA;485;2015;"MUNICIPIO";0;0,638;0;0;486;2015;"MUNICIPIO";64;0;64;2;0;16;14;10;7;2;0;0;64;"20";"25";"31";"25.53";"7.01";0;3;36;20;4;1;54;2;2;6;0;36;27;25;39;64;0;7;55;2;0;0;0;55;7;2;"38";"39";"40";"25.53";"1.75";4;11;43;5;1;0;64;12;52;61;3;0;5;14;9;7;19;1;2;0;7;0;64;0;0;0;0;28;36;54;2;2;6;0;5;58;1;"2940";"3265";"3520";"3197.42";"441.79";7;53;3;3;61;"8.97";"0.89";63;1;486;2015;"MUNICIPIO";38;0;0;0;0;0;0;0;0;0;0;0;0;0;0;0;0;0;0;0;0;486;2015;"MUNICIPIO";"2.008";"0";50,5130228887135;7,27411944869832;0;0;0;0
"486";"432320";487;2015;"MUNICIPIO";3070;3036;1512;1524;585;1485;966;262;743;NA;486;2015;"MUNICIPIO";0;0,777;0;0;487;2015;"MUNICIPIO";26;0;26;1;0;3;7;9;5;0;0;0;26;"25.25";"30.5";"32.75";"29.31";"6.04";0;1;5;10;7;3;25;0;1;0;0;16;10;13;13;26;0;2;23;0;0;1;0;23;3;0;"37";"38";"38.75";"29.31";"2.73";8;1;17;0;0;0;26;6;20;23;3;0;2;8;3;3;5;2;1;0;2;0;26;0;0;0;0;15;11;25;0;1;0;0;1;25;0;"2793.75";"3385";"3490";"3108.15";"609.91";0;25;1;2;24;"9.31";"1.74";26;0;487;2015;"MUNICIPIO";21;0;1;0;0;0;0;1;0;0;0;0;0;0;0;0;0;0;0;0;0;487;2015;"MUNICIPIO";"1.616";"0";34,9932705248991;6,84039087947883;38,4615384615385;134,589502018843;0;38,4615384615385
"487";"432330";488;2015;"MUNICIPIO";3363;3207;1617;1590;489;1699;1019;248;813;NA;487;2015;"MUNICIPIO";0;0,742;0;0;488;2015;"MUNICIPIO";36;0;36;1;0;10;8;10;3;2;0;0;36;"23";"27.5";"33.25";"28";"6.73";0;2;7;22;5;0;34;0;2;0;0;26;10;17;19;36;0;5;31;0;0;0;0;31;5;0;"37";"38";"39";"28";"1.66";8;1;25;2;0;0;36;10;26;36;0;0;5;11;2;5;8;0;0;0;5;0;36;0;0;0;0;10;26;34;0;2;0;0;5;31;0;"2918.75";"3095";"3362.5";"3055.97";"464.04";2;32;2;1;35;"9";"1.49";35;1;488;2015;"MUNICIPIO";24;0;1;0;0;0;0;1;0;0;0;0;0;0;0;0;0;0;0;0;0;488;2015;"MUNICIPIO";"1.64";"0";44,280442804428;7,13648528099911;27,7777777777778;123,0012300123;0;27,7777777777778
"488";"432335";489;2015;"MUNICIPIO";2193;2152;1123;1029;398;1092;662;176;519;NA;488;2015;"MUNICIPIO";0;0,705;0;0;489;2015;"MUNICIPIO";22;0;22;0;0;3;6;2;5;2;0;0;22;"23.25";"29";"36.75";"28.86";"7.99";0;0;5;13;4;0;20;0;2;0;0;21;1;12;10;22;0;2;19;0;0;1;0;19;3;0;"37.25";"38";"39";"28.86";"2.87";3;3;14;2;0;0;22;7;15;16;3;0;3;4;2;1;4;0;3;0;2;0;22;0;0;0;0;12;10;20;0;2;0;0;2;20;0;"2832.5";"3097.5";"3540";"3086.59";"659.86";1;20;1;0;22;"9.32";"0.84";21;1;489;2015;"MUNICIPIO";13;0;0;0;0;0;0;0;0;0;0;0;0;0;0;0;0;0;0;0;0;489;2015;"MUNICIPIO";"373";"373";42,3892100192678;5,92795257637939;0;0;0;0
"489";"432340";490;2015;"MUNICIPIO";4393;4221;2116;2105;661;2222;1338;328;1077;700;489;2015;"MUNICIPIO";0;0,761;0;0;490;2015;"MUNICIPIO";41;0;40;0;0;8;11;11;7;2;0;0;41;"26";"28";"34";"29.51";"6.41";0;1;9;18;12;1;41;0;0;0;0;36;5;18;23;41;0;9;32;0;0;0;0;32;9;0;"37";"38";"39";"29.51";"1.91";3;2;34;1;0;0;41;7;34;33;8;0;1;12;1;2;9;2;5;4;5;0;41;0;0;0;0;21;20;41;0;0;0;0;9;30;2;"2690";"3070";"3480";"3017.44";"665.82";1;34;2;1;40;"9.32";"0.72";40;1;490;2015;"MUNICIPIO";40;0;0;0;0;0;0;0;0;0;0;0;0;0;0;0;0;0;0;0;0;490;2015;"MUNICIPIO";"4.385";"0";38,0687093779016;9,10539494650581;0;0;0;0
"490";"432345";491;2015;"MUNICIPIO";4365;4221;2102;2119;853;2030;1338;426;1030;663;490;2015;"MUNICIPIO";0;0,662;0;0;491;2015;"MUNICIPIO";27;0;26;1;0;5;4;8;1;2;0;0;27;"20";"28";"31.5";"26.52";"7.97";1;1;7;11;6;1;23;0;4;0;0;11;16;17;10;27;0;2;24;0;0;0;0;24;2;0;"38";"39";"40";"26.52";"1.46";6;0;19;1;0;0;27;12;15;25;2;0;5;10;4;1;3;0;2;0;1;0;27;0;0;0;0;12;15;23;0;4;0;0;1;26;0;"2932.5";"3190";"3300";"3130.37";"345.89";1;24;1;0;27;"9.26";"0.66";26;1;491;2015;"MUNICIPIO";21;0;0;0;0;0;0;0;0;0;0;0;0;0;0;0;0;0;0;0;0;491;2015;"MUNICIPIO";"2.403";"0";26,2135922330097;4,81099656357388;0;0;0;0
"491";"432350";492;2015;"MUNICIPIO";2887;2832;1400;1432;578;1414;840;284;706;442;491;2015;"MUNICIPIO";0;0,739;0;0;492;2015;"MUNICIPIO";26;0;26;1;0;3;8;6;6;1;0;0;26;"27";"29.5";"34.75";"29.92";"7.05";0;2;8;9;6;1;20;1;5;0;0;23;3;13;13;26;0;3;22;1;0;0;0;22;3;1;"37";"38";"38.75";"29.92";"2.06";1;2;23;0;0;0;26;2;24;26;0;0;2;9;2;1;9;0;0;0;3;0;26;0;0;0;0;18;8;20;1;5;0;0;3;23;0;"3011.25";"3170";"3421.25";"3137.65";"470.46";1;24;1;1;25;"9.04";"0.77";26;0;492;2015;"MUNICIPIO";14;0;0;0;0;0;0;0;0;0;0;0;0;0;0;0;0;0;0;0;0;492;2015;"MUNICIPIO";"1.509";"0";36,8271954674221;4,84932455836508;0;0;0;0
"492";"432360";493;2015;"MUNICIPIO";1613;1569;819;750;247;754;568;108;345;NA;492;2015;"MUNICIPIO";0;0,78;0;0;493;2015;"MUNICIPIO";10;0;10;0;0;2;1;2;3;2;0;0;10;"27";"33";"38.75";"33";"7.29";0;0;1;8;1;0;9;1;0;0;0;8;2;4;6;10;0;0;10;0;0;0;0;10;0;0;"38";"38.5";"39";"33";"1.16";4;0;6;0;0;0;10;3;7;9;1;0;1;2;1;2;3;1;0;0;0;0;10;0;0;0;0;5;5;9;1;0;0;0;0;10;0;"3055";"3175";"3287.5";"3116.5";"270.23";1;9;0;1;9;"9.3";"0.95";10;0;493;2015;"MUNICIPIO";4;0;0;0;0;0;0;0;0;0;0;0;0;0;0;0;0;0;0;0;0;493;2015;"MUNICIPIO";"1.569";"0";28,9855072463768;2,47985120892746;0;0;0;0
"493";"432370";494;2015;"MUNICIPIO";2873;2759;1395;1364;520;1431;808;235;712;NA;493;2015;"MUNICIPIO";0;0,757;0;0;494;2015;"MUNICIPIO";31;0;31;0;0;8;9;6;6;1;0;0;31;"23";"29";"34";"28.87";"6.27";0;0;6;12;11;2;28;0;3;0;0;26;5;13;18;31;0;3;28;0;0;0;0;28;3;0;"37";"38";"39";"28.87";"1.57";3;0;28;0;0;0;31;5;26;29;2;0;3;5;4;3;11;2;0;2;1;0;31;0;0;0;0;18;13;28;0;3;0;0;4;26;1;"2915";"3190";"3440";"3107.71";"556.02";1;27;1;1;30;"9.13";"0.96";31;0;494;2015;"MUNICIPIO";21;0;0;0;0;0;0;0;0;0;0;0;0;0;0;0;0;0;0;0;0;494;2015;"MUNICIPIO";"1.043";"0";43,5393258426966;7,30943264879916;0;0;0;0
"494";"432375";495;2015;"MUNICIPIO";3463;3485;1794;1691;670;1583;1232;324;760;NA;494;2015;"MUNICIPIO";0;0,655;0;0;495;2015;"MUNICIPIO";39;0;39;2;0;10;13;4;5;2;0;0;39;"21";"26";"30.5";"26.46";"6.76";0;2;15;16;3;3;37;0;2;0;0;19;20;16;23;39;0;1;38;0;0;0;0;38;1;0;"38.5";"39";"39";"26.46";"1.43";9;7;21;2;0;0;39;16;23;39;0;0;4;11;3;10;10;0;0;0;1;0;39;0;0;0;0;21;18;37;0;2;0;0;1;35;3;"2977.5";"3235";"3437.5";"3231.54";"462.7";5;29;5;0;39;"9.85";"0.37";37;2;495;2015;"MUNICIPIO";27;1;0;0;0;0;0;0;1;0;0;0;0;1;1;1;0;0;0;0;0;495;2015;"MUNICIPIO";"3.463";"0";51,3157894736842;7,79670805659832;0;0;63,1711939355654;0
"495";"432377";496;2015;"MUNICIPIO";2953;2793;1406;1387;428;1468;897;225;678;NA;495;2015;"MUNICIPIO";0;0,752;0;0;496;2015;"MUNICIPIO";33;0;33;0;0;11;7;8;3;1;0;0;33;"22";"26";"30";"26.64";"5.98";0;3;10;18;2;0;31;1;1;0;0;31;2;13;20;33;0;2;31;0;0;0;0;31;2;0;"38";"39";"39";"26.64";"1.06";10;3;20;0;0;0;33;4;29;31;2;0;9;1;4;0;15;2;0;0;2;0;33;0;0;0;0;18;15;31;1;1;0;0;0;32;1;"3030";"3445";"3555";"3339.24";"360.08";0;30;3;0;33;"9.85";"0.36";33;0;496;2015;"MUNICIPIO";24;0;0;0;0;0;0;0;0;0;0;0;0;0;0;0;0;0;0;0;0;496;2015;"MUNICIPIO";"1.195";"0";48,6725663716814;8,12732814087369;0;0;0;0
"496";"432380";497;2015;"MUNICIPIO";14197;12434;6199;6235;3154;6678;2602;1549;3327;NA;496;2015;"MUNICIPIO";0;0,735;0;0;497;2015;"MUNICIPIO";215;0;211;5;0;54;49;42;31;3;0;0;215;"21";"26";"32";"26.66";"6.47";0;6;73;93;24;19;199;8;8;0;0;61;154;78;137;215;0;19;190;3;1;1;1;190;22;3;"38";"39";"40";"26.66";"2.37";31;24;130;25;2;0;215;97;118;208;7;0;23;48;39;30;45;4;2;6;18;0;214;1;0;0;0;109;106;199;8;8;0;0;20;183;12;"2907.5";"3270";"3615";"3238.07";"571.87";10;170;26;6;209;"9.59";"0.94";214;0;497;2015;"MUNICIPIO";73;0;1;0;0;0;0;1;0;0;0;0;0;0;0;0;0;0;0;0;0;497;2015;"MUNICIPIO";"14.197";"4.003";64,6227832882477;5,14193139395647;4,65116279069767;30,0571085061617;0;4,65116279069767
